size,arm,method,seed,step,validation_bpb,validation_tokens,training_seconds,elapsed_seconds
small,native-bucket,Cotangent native + bucketed norms,1096,100,3.727577729202481,65536,1.398999167013244,2.638643125003
small,native-bucket,Cotangent native + bucketed norms,1096,200,3.613632139470438,65536,2.7630825380147144,4.066891792001115
small,native-bucket,Cotangent native + bucketed norms,1096,300,3.587348170674979,65536,4.122807416020805,5.491289625002537
small,native-bucket,Cotangent native + bucketed norms,1096,400,3.5512591807331075,65536,5.486165246042219,6.918527000001632
small,native-bucket,Cotangent native + bucketed norms,1096,500,3.5264658178194233,65536,6.849180912035081,8.346260833000997
small,native-bucket,Cotangent native + bucketed norms,1096,600,3.4816229324464665,65536,8.202711994032143,9.766252708002867
small,native-bucket,Cotangent native + bucketed norms,1096,700,3.376943918427731,65536,9.553079037024872,11.183593667003151
small,native-bucket,Cotangent native + bucketed norms,1096,800,3.221882834063796,65536,10.913951371047006,12.608521083002415
small,native-bucket,Cotangent native + bucketed norms,1096,900,3.067880238422428,65536,12.288215125048737,14.04663262500253
small,native-bucket,Cotangent native + bucketed norms,1096,1000,2.984363861575012,65536,13.650886795054248,15.473541958002897
small,native-bucket,Cotangent native + bucketed norms,1096,1100,2.900577224740681,65536,15.026733503036667,16.913631041999906
small,native-bucket,Cotangent native + bucketed norms,1096,1200,2.854359934638896,65536,16.38842458703948,18.339821792000293
small,native-bucket,Cotangent native + bucketed norms,1096,1300,2.79650573406166,65536,17.748816842031374,19.76654883300216
small,native-bucket,Cotangent native + bucketed norms,1096,1400,2.7545251828193025,65536,19.098742134036,21.182565667000745
small,native-bucket,Cotangent native + bucketed norms,1096,1500,2.716517764028261,65536,20.45283238605043,22.60112704200219
small,native-bucket,Cotangent native + bucketed norms,1096,1600,2.673521160782437,65536,21.81174146604826,24.024179125000956
small,native-bucket,Cotangent native + bucketed norms,1096,1700,2.6442349983400226,65536,23.16951334006808,25.446383625003364
small,native-bucket,Cotangent native + bucketed norms,1096,1800,2.6191934913334327,65536,24.523796498069714,26.865081875002943
small,native-bucket,Cotangent native + bucketed norms,1096,1900,2.593610668933252,65536,25.87938450308502,28.28687908300344
small,native-bucket,Cotangent native + bucketed norms,1096,2000,2.577395924257135,65536,27.23055549808123,29.704258750000008
small,native-fused,Native fused AdamW,1096,100,3.7276175216883245,65536,1.671333667010913,2.4227312080001866
small,native-fused,Native fused AdamW,1096,200,3.613723505253709,65536,3.336557995997282,4.152869666999322
small,native-fused,Native fused AdamW,1096,300,3.586305654841111,65536,5.006252155984839,5.890522999998211
small,native-fused,Native fused AdamW,1096,400,3.5525234251996,65536,6.670033235994197,7.618780374999915
small,native-fused,Native fused AdamW,1096,500,3.529052877593943,65536,8.340536276988132,9.35658466699897
small,native-fused,Native fused AdamW,1096,600,3.4792663079262716,65536,10.005488691946084,11.08590712500154
small,native-fused,Native fused AdamW,1096,700,3.3933413355513533,65536,11.675762607941579,12.82348012500006
small,native-fused,Native fused AdamW,1096,800,3.189131995128425,65536,13.340033896918612,14.552149457998894
small,native-fused,Native fused AdamW,1096,900,3.07233387965134,65536,15.009566392920533,16.288209375001315
small,native-fused,Native fused AdamW,1096,1000,2.9869851673948844,65536,16.676562932883826,18.020073416999367
small,native-fused,Native fused AdamW,1096,1100,2.8974279321826595,65536,18.344879523876443,19.753937207999115
small,native-fused,Native fused AdamW,1096,1200,2.856317177822582,65536,20.012973933844478,21.487081082999794
small,native-fused,Native fused AdamW,1096,1300,2.7941645826055854,65536,21.680815766871092,23.21933883300153
small,native-fused,Native fused AdamW,1096,1400,2.748707525688566,65536,23.35104113786656,24.953945833000034
small,native-fused,Native fused AdamW,1096,1500,2.712363227501489,65536,25.00389630288919,26.670480249998946
small,native-fused,Native fused AdamW,1096,1600,2.667613416989396,65536,26.663447635895864,28.3966902079992
small,native-fused,Native fused AdamW,1096,1700,2.636750861569173,65536,28.322226890904858,30.12025770800028
small,native-fused,Native fused AdamW,1096,1800,2.6163275670649973,65536,30.092481636926095,31.960685624999314
small,native-fused,Native fused AdamW,1096,1900,2.5848585631966268,65536,31.848357801922248,33.78399804199944
small,native-fused,Native fused AdamW,1096,2000,2.5685395379150506,65536,33.5296839689363,35.53027374999874
small,native-fused,Native fused AdamW,1025,100,3.6991775676327334,65536,1.6831928729916399,2.443621250000433
small,native-fused,Native fused AdamW,1025,200,3.6096956070770077,65536,3.363618035986292,4.191503083999123
small,native-fused,Native fused AdamW,1025,300,3.582029187989335,65536,5.033631499973126,5.926600917002361
small,native-fused,Native fused AdamW,1025,400,3.5652958779996617,65536,6.701866628969583,7.661967209001887
small,native-fused,Native fused AdamW,1025,500,3.5410540312005474,65536,8.379502293977566,9.405030334000912
small,native-fused,Native fused AdamW,1025,600,3.4996167570288916,65536,10.045016424974165,11.136932084002183
small,native-fused,Native fused AdamW,1025,700,3.442634486993699,65536,11.714553044970671,12.871253249999427
small,native-fused,Native fused AdamW,1025,800,3.332316237095582,65536,13.382748959982564,14.60650220900061
small,native-fused,Native fused AdamW,1025,900,3.2096698945715696,65536,15.053994748970581,16.34303283400004
small,native-fused,Native fused AdamW,1025,1000,3.0885826607689544,65536,16.716451664979104,18.07145170900185
small,native-fused,Native fused AdamW,1025,1100,2.98170927173774,65536,18.38555020798958,19.806052500000078
small,native-fused,Native fused AdamW,1025,1200,2.9069936555937694,65536,20.051538463001634,21.536879958999634
small,native-fused,Native fused AdamW,1025,1300,2.838570051603904,65536,21.721581674006302,23.272811667000497
small,native-fused,Native fused AdamW,1025,1400,2.7961908015811834,65536,23.392650671987212,25.00881183399906
small,native-fused,Native fused AdamW,1025,1500,2.750040315990343,65536,25.074267080995924,26.757319416999962
small,native-fused,Native fused AdamW,1025,1600,2.7012505147714103,65536,26.7394845459894,28.48724475000199
small,native-fused,Native fused AdamW,1025,1700,2.6728237550098153,65536,28.409713043027295,30.22498304200053
small,native-fused,Native fused AdamW,1025,1800,2.643118879306044,65536,30.074237004013412,31.954543250001734
small,native-fused,Native fused AdamW,1025,1900,2.6177027564646695,65536,31.743829122031457,33.691219584001374
small,native-fused,Native fused AdamW,1025,2000,2.5972498970679188,65536,33.40892204101692,35.4215924170021
small,native-bucket,Cotangent native + bucketed norms,1025,100,3.6989445203918985,65536,1.3808992480007873,2.0816520410007797
small,native-bucket,Cotangent native + bucketed norms,1025,200,3.6097485132399796,65536,2.7558243309867976,3.522399833000236
small,native-bucket,Cotangent native + bucketed norms,1025,300,3.5818786494252515,65536,4.132451782999851,4.964112541001668
small,native-bucket,Cotangent native + bucketed norms,1025,400,3.5615242017259994,65536,5.510563446012384,6.4071683330003
small,native-bucket,Cotangent native + bucketed norms,1025,500,3.5402477120398084,65536,6.8822064860250975,7.844407249998767
small,native-bucket,Cotangent native + bucketed norms,1025,600,3.497113700030403,65536,8.240054986021278,9.268016458001512
small,native-bucket,Cotangent native + bucketed norms,1025,700,3.444922705414513,65536,9.596877988016786,10.691671832999418
small,native-bucket,Cotangent native + bucketed norms,1025,800,3.3260793615044517,65536,10.950229157009744,12.109292290999292
small,native-bucket,Cotangent native + bucketed norms,1025,900,3.2021413540300503,65536,12.330830617011088,13.554751708001277
small,native-bucket,Cotangent native + bucketed norms,1025,1000,3.0863704801776533,65536,13.70877628200833,14.996980457999598
small,native-bucket,Cotangent native + bucketed norms,1025,1100,2.9784487010301524,65536,15.08039382500283,16.433188999999402
small,native-bucket,Cotangent native + bucketed norms,1025,1200,2.908541730553222,65536,16.46151532300064,17.879140875000303
small,native-bucket,Cotangent native + bucketed norms,1025,1300,2.841482911012652,65536,17.828037615985522,19.312260916001833
small,native-bucket,Cotangent native + bucketed norms,1025,1400,2.8016022088182924,65536,19.195744485983596,20.747553207998862
small,native-bucket,Cotangent native + bucketed norms,1025,1500,2.746933900856965,65536,20.568683282988786,22.18741258299997
small,native-bucket,Cotangent native + bucketed norms,1025,1600,2.7019385206172712,65536,21.947514570980275,23.63150674999997
small,native-bucket,Cotangent native + bucketed norms,1025,1700,2.6748203875950067,65536,23.346673823987658,25.096382083000208
small,native-bucket,Cotangent native + bucketed norms,1025,1800,2.6448538187901165,65536,24.727761902973725,26.542713582999568
small,native-bucket,Cotangent native + bucketed norms,1025,1900,2.6234533994806055,65536,26.1086816079478,27.989137749998918
small,native-bucket,Cotangent native + bucketed norms,1025,2000,2.6040708687370415,65536,27.49153748095341,29.4374471250012
small,native-bucket,Cotangent native + bucketed norms,1040,100,3.685859177405339,65536,1.376602549025847,2.1438829580001766
small,native-bucket,Cotangent native + bucketed norms,1040,200,3.61622359555147,65536,2.749008257040259,3.5836442500003614
small,native-bucket,Cotangent native + bucketed norms,1040,300,3.5758409727394835,65536,4.126035419041727,5.0275905410017
small,native-bucket,Cotangent native + bucketed norms,1040,400,3.563073937392924,65536,5.504673751041992,6.471737416002725
small,native-bucket,Cotangent native + bucketed norms,1040,500,3.5442973875196753,65536,6.8787539660297625,7.9109135409999
small,native-bucket,Cotangent native + bucketed norms,1040,600,3.5117788326521255,65536,8.253831047040876,9.350748250002653
small,native-bucket,Cotangent native + bucketed norms,1040,700,3.447356818867837,65536,9.629350505038019,10.790822625000146
small,native-bucket,Cotangent native + bucketed norms,1040,800,3.3122965643751496,65536,11.002753005021077,12.228922041002079
small,native-bucket,Cotangent native + bucketed norms,1040,900,3.1319421957782194,65536,12.37262763201943,13.66630087500016
small,native-bucket,Cotangent native + bucketed norms,1040,1000,3.005940638344067,65536,13.744545462985116,15.10547404099998
small,native-bucket,Cotangent native + bucketed norms,1040,1100,2.909112401235532,65536,15.11528704399825,16.543771583001217
small,native-bucket,Cotangent native + bucketed norms,1040,1200,2.8379594970699675,65536,16.48863262899613,17.981743250002182
small,native-bucket,Cotangent native + bucketed norms,1040,1300,2.7679575814208452,65536,17.865999630004808,19.423910541001533
small,native-bucket,Cotangent native + bucketed norms,1040,1400,2.7211764461982066,65536,19.23982525703832,20.862718666001456
small,native-bucket,Cotangent native + bucketed norms,1040,1500,2.668520609349324,65536,20.60965104603747,22.297141375001956
small,native-bucket,Cotangent native + bucketed norms,1040,1600,2.620397880462967,65536,21.982348259007267,23.734691833000397
small,native-bucket,Cotangent native + bucketed norms,1040,1700,2.584496362359452,65536,23.358542514990404,25.17738758300038
small,native-bucket,Cotangent native + bucketed norms,1040,1800,2.567522668993993,65536,24.726205680999556,26.612116791002336
small,native-bucket,Cotangent native + bucketed norms,1040,1900,2.543643345499524,65536,26.10771893099809,28.060748833002435
small,native-bucket,Cotangent native + bucketed norms,1040,2000,2.5292827726546485,65536,27.484176597987243,29.50369708300059
small,native-fused,Native fused AdamW,1040,100,3.685767155938212,65536,1.6718020029766194,2.322305249999772
small,native-fused,Native fused AdamW,1040,200,3.6167992107349924,65536,3.324039246970642,4.041292915997474
small,native-fused,Native fused AdamW,1040,300,3.577916556110337,65536,4.981261833945609,5.763707791000343
small,native-fused,Native fused AdamW,1040,400,3.5691376801992134,65536,6.646176580943575,7.49605904100099
small,native-fused,Native fused AdamW,1040,500,3.542233369982092,65536,8.311541409948404,9.226817082999332
small,native-fused,Native fused AdamW,1040,600,3.512488185844525,65536,9.979253367964702,10.961467832999915
small,native-fused,Native fused AdamW,1040,700,3.4445558664202225,65536,11.646734951969847,12.694317333000072
small,native-fused,Native fused AdamW,1040,800,3.301873921282742,65536,13.313331405974168,14.426995874997374
small,native-fused,Native fused AdamW,1040,900,3.124900796095269,65536,14.982295200970839,16.161666083000455
small,native-fused,Native fused AdamW,1040,1000,3.0119051740330978,65536,16.64857032697546,17.893307708000066
small,native-fused,Native fused AdamW,1040,1100,2.9174756918197606,65536,18.321610327966482,19.63329658300063
small,native-fused,Native fused AdamW,1040,1200,2.85103483281603,65536,19.991522160969907,21.367967540998507
small,native-fused,Native fused AdamW,1040,1300,2.7850565695219154,65536,21.660957122971013,23.105072165999445
small,native-fused,Native fused AdamW,1040,1400,2.73052959905285,65536,23.32739232898166,24.836668249998183
small,native-fused,Native fused AdamW,1040,1500,2.683255045604886,65536,24.99495344898969,26.575323875000322
small,native-fused,Native fused AdamW,1040,1600,2.631117870809801,65536,26.6640334549993,28.309902582997893
small,native-fused,Native fused AdamW,1040,1700,2.5989083311446466,65536,28.332539914990775,30.046107957998174
small,native-fused,Native fused AdamW,1040,1800,2.5801697356926603,65536,29.997695584010216,31.776812415999302
small,native-fused,Native fused AdamW,1040,1900,2.557456502941162,65536,31.666719995002495,33.51318187499783
small,native-fused,Native fused AdamW,1040,2000,2.5412427310419137,65536,33.34531932800019,35.256906708000315
small,native-fused,Native fused AdamW,1019,100,3.67970409031361,65536,1.6808291630077292,2.3396142499987036
small,native-fused,Native fused AdamW,1019,200,3.620342257572164,65536,3.349272077979549,4.073241665999376
small,native-fused,Native fused AdamW,1019,300,3.5885057751490206,65536,5.015488621993427,5.806426625000313
small,native-fused,Native fused AdamW,1019,400,3.556906016095874,65536,6.680592872977286,7.537045124998258
small,native-fused,Native fused AdamW,1019,500,3.5363471777649873,65536,8.349962621992745,9.273656916000618
small,native-fused,Native fused AdamW,1019,600,3.4975295863269364,65536,10.014190211004461,11.00193012499949
small,native-fused,Native fused AdamW,1019,700,3.3973927738533916,65536,11.679721926018829,12.733761457999208
small,native-fused,Native fused AdamW,1019,800,3.1875889237892214,65536,13.33385813001587,14.453758499999822
small,native-fused,Native fused AdamW,1019,900,3.0445749123996717,65536,15.001272256020457,16.187987165998493
small,native-fused,Native fused AdamW,1019,1000,2.9619326481241814,65536,16.668481630989845,17.919497415998194
small,native-fused,Native fused AdamW,1019,1100,2.8798221757029907,65536,18.33470067097005,19.650909915999364
small,native-fused,Native fused AdamW,1019,1200,2.8120176017670744,65536,20.01379546496173,21.39428449999832
small,native-fused,Native fused AdamW,1019,1300,2.7375125515067964,65536,21.672919011994964,23.11811949999901
small,native-fused,Native fused AdamW,1019,1400,2.6846990656861087,65536,23.344432134006638,24.857270000000426
small,native-fused,Native fused AdamW,1019,1500,2.6375654305226957,65536,25.006886720002512,26.584067208001215
small,native-fused,Native fused AdamW,1019,1600,2.593191789063702,65536,26.675335763986368,28.319381582998176
small,native-fused,Native fused AdamW,1019,1700,2.560895043445645,65536,28.34330972001044,30.051921624999522
small,native-fused,Native fused AdamW,1019,1800,2.5387747316319116,65536,30.013692385000468,31.788962208000157
small,native-fused,Native fused AdamW,1019,1900,2.5142840044391677,65536,31.678007015027106,33.51774358300099
small,native-fused,Native fused AdamW,1019,2000,2.498093251342846,65536,33.345003184032976,35.25214412499918
small,native-bucket,Cotangent native + bucketed norms,1019,100,3.6796277945101212,65536,1.4195933749906544,2.5878847090025374
small,native-bucket,Cotangent native + bucketed norms,1019,200,3.620306882890665,65536,2.8054565399797866,4.038758709000831
small,native-bucket,Cotangent native + bucketed norms,1019,300,3.588097972037078,65536,4.175944623948453,5.474305792002269
small,native-bucket,Cotangent native + bucketed norms,1019,400,3.5566839864936104,65536,5.545507744962379,6.908854291999887
small,native-bucket,Cotangent native + bucketed norms,1019,500,3.542373912054594,65536,6.912858368952584,8.342801875001896
small,native-bucket,Cotangent native + bucketed norms,1019,600,3.4996356643715707,65536,8.276945662957587,9.773125542000344
small,native-bucket,Cotangent native + bucketed norms,1019,700,3.3984715565287598,65536,9.64220545596254,11.20511479200286
small,native-bucket,Cotangent native + bucketed norms,1019,800,3.201142081083959,65536,11.00748545996612,12.635136292003153
small,native-bucket,Cotangent native + bucketed norms,1019,900,3.0518620860396206,65536,12.37481374994968,14.067248834002385
small,native-bucket,Cotangent native + bucketed norms,1019,1000,2.9722736155808027,65536,13.74272653594744,15.500753167001676
small,native-bucket,Cotangent native + bucketed norms,1019,1100,2.883722747599017,65536,15.115999536959862,16.941760417001205
small,native-bucket,Cotangent native + bucketed norms,1019,1200,2.8196187082383424,65536,16.493962494943844,18.384736500000145
small,native-bucket,Cotangent native + bucketed norms,1019,1300,2.7487850522429005,65536,17.872545491936762,19.831129959002283
small,native-bucket,Cotangent native + bucketed norms,1019,1400,2.700827958772698,65536,19.249618659941916,21.27567941700181
small,native-bucket,Cotangent native + bucketed norms,1019,1500,2.651111369920555,65536,20.623002448959596,22.71654912500162
small,native-bucket,Cotangent native + bucketed norms,1019,1600,2.605618981317699,65536,22.003663370964205,24.163633167001535
small,native-bucket,Cotangent native + bucketed norms,1019,1700,2.57193055208886,65536,23.38571474696073,25.61116895899977
small,native-bucket,Cotangent native + bucketed norms,1019,1800,2.5513323781010455,65536,24.768166994974308,27.061288791999687
small,native-bucket,Cotangent native + bucketed norms,1019,1900,2.5238418381461694,65536,26.199679780991573,28.562471584002196
small,native-bucket,Cotangent native + bucketed norms,1019,2000,2.5069305529851422,65536,27.657945565992122,30.092007750001358
small,native-fused,Native fused AdamW,1087,100,3.6978731222216017,65536,1.682416914998612,2.3407144999982847
small,native-fused,Native fused AdamW,1087,200,3.6287499626759785,65536,3.35109766099049,4.076268208998954
small,native-fused,Native fused AdamW,1087,300,3.5764586376811414,65536,5.115601792014786,5.912125750000996
small,native-fused,Native fused AdamW,1087,400,3.5582784376497596,65536,6.942017662026046,7.812064041998383
small,native-fused,Native fused AdamW,1087,500,3.522342587509566,65536,8.805697954034258,9.75049166700046
small,native-fused,Native fused AdamW,1087,600,3.4742353531851604,65536,10.68912295202972,11.709232166998845
small,native-fused,Native fused AdamW,1087,700,3.3974203233242766,65536,12.593868662046589,13.69174941700112
small,native-fused,Native fused AdamW,1087,800,3.171780676231792,65536,14.551422583015665,15.728439333997812
small,native-fused,Native fused AdamW,1087,900,3.041590712437563,65536,16.53275550601029,17.79235691699796
small,native-fused,Native fused AdamW,1087,1000,2.940326462321829,65536,18.530600626996602,19.87309741699937
small,native-fused,Native fused AdamW,1087,1100,2.8348613800994937,65536,20.605605002998345,22.0312534170007
small,native-fused,Native fused AdamW,1087,1200,2.7818770456385473,65536,22.675523046975286,24.183501084000454
small,native-fused,Native fused AdamW,1087,1300,2.721626170081297,65536,24.720647835958516,26.311687999997957
small,native-fused,Native fused AdamW,1087,1400,2.6610831819915566,65536,26.727887795965216,28.39865745899806
small,native-fused,Native fused AdamW,1087,1500,2.6180027640757264,65536,28.7235714139606,30.4755072500011
small,native-fused,Native fused AdamW,1087,1600,2.5690996585366217,65536,30.731798916971456,32.564186374998826
small,native-fused,Native fused AdamW,1087,1700,2.542216185092544,65536,32.73456546097441,34.64700024999911
small,native-fused,Native fused AdamW,1087,1800,2.5148350852226526,65536,34.72470654196877,36.71691324999847
small,native-fused,Native fused AdamW,1087,1900,2.4910683566199205,65536,36.71579621794808,38.78950008399988
small,native-fused,Native fused AdamW,1087,2000,2.4784208115945057,65536,38.724492172983446,40.88094787500086
small,native-bucket,Cotangent native + bucketed norms,1087,100,3.6979089161108125,65536,1.4520060409959115,2.253593124998588
small,native-bucket,Cotangent native + bucketed norms,1087,200,3.6274263197014442,65536,3.101359499989485,3.9932369999987714
small,native-bucket,Cotangent native + bucketed norms,1087,300,3.5754407798598415,65536,5.035240504974354,6.018642333998287
small,native-bucket,Cotangent native + bucketed norms,1087,400,3.5552632378148328,65536,6.860769379974954,7.929396667001129
small,native-bucket,Cotangent native + bucketed norms,1087,500,3.518453081622231,65536,8.631976835975365,9.785429833998933
small,native-bucket,Cotangent native + bucketed norms,1087,600,3.4765114253312572,65536,10.423044127994217,11.667259417001333
small,native-bucket,Cotangent native + bucketed norms,1087,700,3.3971078093498273,65536,12.299118874991109,13.633164874998329
small,native-bucket,Cotangent native + bucketed norms,1087,800,3.175132575101445,65536,14.142784086972824,15.565656083999784
small,native-bucket,Cotangent native + bucketed norms,1087,900,3.0301789702477544,65536,15.898816263990739,17.403567792000104
small,native-bucket,Cotangent native + bucketed norms,1087,1000,2.931335730657132,65536,17.626496306991612,19.215092041999014
small,native-bucket,Cotangent native + bucketed norms,1087,1100,2.8223735370887786,65536,19.361739223000768,21.034533124999143
small,native-bucket,Cotangent native + bucketed norms,1087,1200,2.77234223610893,65536,21.114042887991673,22.8708710840001
small,native-bucket,Cotangent native + bucketed norms,1087,1300,2.7245204876104987,65536,22.85899385000448,24.700684167000873
small,native-bucket,Cotangent native + bucketed norms,1087,1400,2.655531587396163,65536,24.596159599012026,26.520874083998933
small,native-bucket,Cotangent native + bucketed norms,1087,1500,2.621099865273669,65536,26.319236558010743,28.32809116700082
small,native-bucket,Cotangent native + bucketed norms,1087,1600,2.573534440792975,65536,28.063687809029943,30.156888459001493
small,native-bucket,Cotangent native + bucketed norms,1087,1700,2.5439157445206595,65536,29.732303137010604,31.907798084001115
small,native-bucket,Cotangent native + bucketed norms,1087,1800,2.5209210997822287,65536,31.40018901197982,33.65866549999919
small,native-bucket,Cotangent native + bucketed norms,1087,1900,2.4953135548759864,65536,33.067218844997115,35.40778404199955
small,native-bucket,Cotangent native + bucketed norms,1087,2000,2.4770833078932033,65536,34.79110368097099,37.215514542000165
small,native-bucket,Cotangent native + bucketed norms,1006,100,3.668145931768881,65536,1.5873926270214724,2.7861854580005456
small,native-bucket,Cotangent native + bucketed norms,1006,200,3.615206748128244,65536,3.161449674029427,4.4375129170002765
small,native-bucket,Cotangent native + bucketed norms,1006,300,3.596588820003669,65536,4.813606257037463,6.170514417000959
small,native-bucket,Cotangent native + bucketed norms,1006,400,3.5610032017830417,65536,6.475080757038086,7.9127090420006425
small,native-bucket,Cotangent native + bucketed norms,1006,500,3.5350032193398198,65536,8.105599591024657,9.620321417001833
small,native-bucket,Cotangent native + bucketed norms,1006,600,3.5092835793664197,65536,9.664629342027183,11.255766124999354
small,native-bucket,Cotangent native + bucketed norms,1006,700,3.4620859612824275,65536,11.188289592013462,12.854982332999498
small,native-bucket,Cotangent native + bucketed norms,1006,800,3.368047148409441,65536,12.71202834500582,14.453240999999252
small,native-bucket,Cotangent native + bucketed norms,1006,900,3.254953130773145,65536,14.236201675990742,16.0511590419992
small,native-bucket,Cotangent native + bucketed norms,1006,1000,3.174246660220104,65536,15.760262549993058,17.649610125001345
small,native-bucket,Cotangent native + bucketed norms,1006,1100,3.0825113829727737,65536,17.278282142000535,19.2431167499999
small,native-bucket,Cotangent native + bucketed norms,1006,1200,2.9964391074573915,65536,18.789334014993074,20.83015958300166
small,native-bucket,Cotangent native + bucketed norms,1006,1300,2.925314843777654,65536,20.320467436013132,22.43594099999973
small,native-bucket,Cotangent native + bucketed norms,1006,1400,2.8630093398606666,65536,21.8439173960287,24.03396391700153
small,native-bucket,Cotangent native + bucketed norms,1006,1500,2.8043457728050973,65536,23.35912756701873,25.622476874999847
small,native-bucket,Cotangent native + bucketed norms,1006,1600,2.77724575708021,65536,24.859549649994733,27.196479417001683
small,native-bucket,Cotangent native + bucketed norms,1006,1700,2.7345238477490184,65536,26.35359169500589,28.764183957999194
small,native-bucket,Cotangent native + bucketed norms,1006,1800,2.703300150259815,65536,27.86799919601981,30.354170916998555
small,native-bucket,Cotangent native + bucketed norms,1006,1900,2.6802004079983335,65536,29.402601403009612,31.96304583299934
small,native-bucket,Cotangent native + bucketed norms,1006,2000,2.666705461456455,65536,30.94724023501476,33.584286875000544
small,native-fused,Native fused AdamW,1006,100,3.6680388080752246,65536,1.8983349589907448,2.5754080830010935
small,native-fused,Native fused AdamW,1006,200,3.6154733749816597,65536,3.5842907920123253,4.326719874999981
small,native-fused,Native fused AdamW,1006,300,3.5968735587800036,65536,5.25191187199016,6.059116583001014
small,native-fused,Native fused AdamW,1006,400,3.5572631273214754,65536,6.929048919970228,7.80242283300322
small,native-fused,Native fused AdamW,1006,500,3.5357097778141426,65536,8.594934669974464,9.532863041000383
small,native-fused,Native fused AdamW,1006,600,3.502990282716891,65536,10.251937498971529,11.257904875001259
small,native-fused,Native fused AdamW,1006,700,3.458599582728715,65536,11.951434041991888,13.024776875001407
small,native-fused,Native fused AdamW,1006,800,3.3697912352207564,65536,13.658176923003339,14.799524250000104
small,native-fused,Native fused AdamW,1006,900,3.2469107490665103,65536,15.345520170008967,16.551785666000796
small,native-fused,Native fused AdamW,1006,1000,3.155469508407577,65536,17.01691967001534,18.29076333300327
small,native-fused,Native fused AdamW,1006,1100,3.091303394058857,65536,18.691620500016143,20.030846208002913
small,native-fused,Native fused AdamW,1006,1200,3.0078177053657043,65536,20.36807920804131,21.774750125001447
small,native-fused,Native fused AdamW,1006,1300,2.9475603965824204,65536,22.049057119063946,23.521483541000634
small,native-fused,Native fused AdamW,1006,1400,2.8809831768343868,65536,23.73121649604218,25.27053537500251
small,native-fused,Native fused AdamW,1006,1500,2.8345636243862717,65536,25.400050039035705,27.0042409580019
small,native-fused,Native fused AdamW,1006,1600,2.80263756049986,65536,27.103024911029934,28.774333208002645
small,native-fused,Native fused AdamW,1006,1700,2.7602859566882656,65536,28.78301744903365,30.52033258300071
small,native-fused,Native fused AdamW,1006,1800,2.7289739461078444,65536,30.45256970203627,32.25723825000023
small,native-fused,Native fused AdamW,1006,1900,2.7049667266401696,65536,32.12703158005388,33.99628991600184
small,native-fused,Native fused AdamW,1006,2000,2.699892066807908,65536,33.808223622054356,35.74474075000035
small,native-bucket,Cotangent native + bucketed norms,1008,100,3.672403351542074,65536,1.3777150020068802,2.0573545420011214
small,native-bucket,Cotangent native + bucketed norms,1008,200,3.6396012402789144,65536,2.7585105859980104,3.503365583001141
small,native-bucket,Cotangent native + bucketed norms,1008,300,3.5856323427629833,65536,4.139830129988695,4.950960707999911
small,native-bucket,Cotangent native + bucketed norms,1008,400,3.5618475506074527,65536,5.516206967993639,6.394348666999576
small,native-bucket,Cotangent native + bucketed norms,1008,500,3.539306160770913,65536,6.902980638002191,7.849626082999748
small,native-bucket,Cotangent native + bucketed norms,1008,600,3.5002050129372524,65536,8.308890300984785,9.324115833001997
small,native-bucket,Cotangent native + bucketed norms,1008,700,3.4510412784396807,65536,9.718387637974956,10.801648750002641
small,native-bucket,Cotangent native + bucketed norms,1008,800,3.349358847133916,65536,11.131879678989208,12.28398691700204
small,native-bucket,Cotangent native + bucketed norms,1008,900,3.253939690756189,65536,12.546716175998881,13.767619624999497
small,native-bucket,Cotangent native + bucketed norms,1008,1000,3.167566875558424,65536,13.950169420997554,15.23911733299974
small,native-bucket,Cotangent native + bucketed norms,1008,1100,3.0794605827291184,65536,15.34987587800424,16.705899208001938
small,native-bucket,Cotangent native + bucketed norms,1008,1200,3.0134025194850036,65536,16.749087334010255,18.17220470800021
small,native-bucket,Cotangent native + bucketed norms,1008,1300,2.9625535914851215,65536,18.1508662909946,19.641052833001595
small,native-bucket,Cotangent native + bucketed norms,1008,1400,2.9093005825023224,65536,19.557696164971276,21.11455741700047
small,native-bucket,Cotangent native + bucketed norms,1008,1500,2.864130801105738,65536,20.956271000955894,22.580016792002425
small,native-bucket,Cotangent native + bucketed norms,1008,1600,2.8300007956718933,65536,22.365434871957405,24.056405208000797
small,native-bucket,Cotangent native + bucketed norms,1008,1700,2.7965399801070134,65536,23.783838456962258,25.54226687499977
small,native-bucket,Cotangent native + bucketed norms,1008,1800,2.7731377848561585,65536,25.20809162095975,27.03391166700021
small,native-bucket,Cotangent native + bucketed norms,1008,1900,2.757661044607183,65536,26.632437330976245,28.526679458002036
small,native-bucket,Cotangent native + bucketed norms,1008,2000,2.737773003108155,65536,28.052006579982844,30.014298292000603
small,native-fused,Native fused AdamW,1008,100,3.6724303635671753,65536,1.6758071220210695,2.32117504100097
small,native-fused,Native fused AdamW,1008,200,3.6399024141473224,65536,3.347100663024321,4.059500999999727
small,native-fused,Native fused AdamW,1008,300,3.583676878524842,65536,5.0169685010187095,5.794540500002768
small,native-fused,Native fused AdamW,1008,400,3.5637878266277396,65536,6.686784293022356,7.531318332999945
small,native-fused,Native fused AdamW,1008,500,3.5424833037694587,65536,8.361991296027554,9.271779833001347
small,native-fused,Native fused AdamW,1008,600,3.501709560162663,65536,10.034451462026482,11.011023791001207
small,native-fused,Native fused AdamW,1008,700,3.4372131531329604,65536,11.703400712012808,12.74505712500104
small,native-fused,Native fused AdamW,1008,800,3.3351355164444287,65536,13.371168829016824,14.480702415999986
small,native-fused,Native fused AdamW,1008,900,3.2277671774674044,65536,15.041990413024905,16.216496875000303
small,native-fused,Native fused AdamW,1008,1000,3.153820216283634,65536,16.719176080045145,17.96052791600232
small,native-fused,Native fused AdamW,1008,1100,3.0642463578733117,65536,18.390493664035603,19.70059712500006
small,native-fused,Native fused AdamW,1008,1200,2.993567330404369,65536,20.069530954049696,21.445785291001812
small,native-fused,Native fused AdamW,1008,1300,2.948312498212475,65536,21.741482830075256,23.182687125001394
small,native-fused,Native fused AdamW,1008,1400,2.882192601830917,65536,23.419407124078134,24.92642579099993
small,native-fused,Native fused AdamW,1008,1500,2.845632766386646,65536,25.09032529106844,26.66291687500052
small,native-fused,Native fused AdamW,1008,1600,2.79779772147952,65536,26.75661633706477,28.39373554100166
small,native-fused,Native fused AdamW,1008,1700,2.765354210166783,65536,28.435179671054357,30.137982291002118
small,native-fused,Native fused AdamW,1008,1800,2.736295677511701,65536,30.104647635060246,31.872344916002476
small,native-fused,Native fused AdamW,1008,1900,2.7206916593521715,65536,31.771616640082357,33.60578641600296
small,native-fused,Native fused AdamW,1008,2000,2.6923899954712476,65536,33.43732143307352,35.336196291002125
small,native-fused,Native fused AdamW,1001,100,3.7076868607386295,65536,1.6845686690030561,2.334151209000993
small,native-fused,Native fused AdamW,1001,200,3.619592724932957,65536,3.3576422469959653,4.074689667002531
small,native-fused,Native fused AdamW,1001,300,3.5917806365400033,65536,5.040188451988797,5.823449709001579
small,native-fused,Native fused AdamW,1001,400,3.5505645535551884,65536,6.72362345700094,7.57181495900295
small,native-fused,Native fused AdamW,1001,500,3.557739315034967,65536,8.395463992979785,9.30958133400054
small,native-fused,Native fused AdamW,1001,600,3.480195089483341,65536,10.078914983991126,11.058497709000221
small,native-fused,Native fused AdamW,1001,700,3.4225802027647805,65536,11.74775440200392,12.793351625001378
small,native-fused,Native fused AdamW,1001,800,3.3010179421315664,65536,13.41391828199994,14.52506650000214
small,native-fused,Native fused AdamW,1001,900,3.212485304310772,65536,15.082903411013831,16.261192834001122
small,native-fused,Native fused AdamW,1001,1000,3.118722437601095,65536,16.764370951012097,18.00782879200051
small,native-fused,Native fused AdamW,1001,1100,3.0581282631748916,65536,18.442008705016633,19.752545584000472
small,native-fused,Native fused AdamW,1001,1200,2.9827901182049184,65536,20.124645998017513,21.499787667002238
small,native-fused,Native fused AdamW,1001,1300,2.9333945080983215,65536,21.805930828028067,23.2481098749995
small,native-fused,Native fused AdamW,1001,1400,2.879461409846059,65536,23.489631665033812,24.996578792000946
small,native-fused,Native fused AdamW,1001,1500,2.832708232553101,65536,25.169817462054198,26.744090375002997
small,native-fused,Native fused AdamW,1001,1600,2.787537091418683,65536,26.8351654650578,28.474907875002827
small,native-fused,Native fused AdamW,1001,1700,2.755050342592628,65536,28.523618388051545,30.230175209002482
small,native-fused,Native fused AdamW,1001,1800,2.728546182259486,65536,30.200550966070296,31.972553999999946
small,native-fused,Native fused AdamW,1001,1900,2.6986533886373576,65536,31.88490614105467,33.72423658400294
small,native-fused,Native fused AdamW,1001,2000,2.686621573748779,65536,33.5536246790507,35.458045250001305
small,native-bucket,Cotangent native + bucketed norms,1001,100,3.7077252558654346,65536,1.3758052909943217,2.0538154169989866
small,native-bucket,Cotangent native + bucketed norms,1001,200,3.6190085536125545,65536,2.7587457960034953,3.50159258399799
small,native-bucket,Cotangent native + bucketed norms,1001,300,3.5893664945720105,65536,4.140233593010635,4.947812541999156
small,native-bucket,Cotangent native + bucketed norms,1001,400,3.5529617767299024,65536,5.520762763015227,6.393211958999018
small,native-bucket,Cotangent native + bucketed norms,1001,500,3.5476877997542062,65536,6.899500808016455,7.836801459001435
small,native-bucket,Cotangent native + bucketed norms,1001,600,3.484150400232462,65536,8.272810222999397,9.276779959000123
small,native-bucket,Cotangent native + bucketed norms,1001,700,3.424413709805629,65536,9.643365225008893,10.71438183400096
small,native-bucket,Cotangent native + bucketed norms,1001,800,3.302705156430025,65536,11.020872970006167,12.15931400000045
small,native-bucket,Cotangent native + bucketed norms,1001,900,3.2164594256623316,65536,12.403900723013066,13.607615624998289
small,native-bucket,Cotangent native + bucketed norms,1001,1000,3.122322862150161,65536,13.781880850030575,15.050850250001531
small,native-bucket,Cotangent native + bucketed norms,1001,1100,3.0404125667856587,65536,15.162099767039763,16.495894667001266
small,native-bucket,Cotangent native + bucketed norms,1001,1200,2.9602088982613304,65536,16.532535848054977,17.9317915419997
small,native-bucket,Cotangent native + bucketed norms,1001,1300,2.9077343902454933,65536,17.90813947402421,19.373386916999152
small,native-bucket,Cotangent native + bucketed norms,1001,1400,2.8471530070289477,65536,19.288354386026185,20.82054858400079
small,native-bucket,Cotangent native + bucketed norms,1001,1500,2.801253680601861,65536,20.666688504024933,22.265962041998137
small,native-bucket,Cotangent native + bucketed norms,1001,1600,2.759097180358755,65536,22.041009591022885,23.708003291998466
small,native-bucket,Cotangent native + bucketed norms,1001,1700,2.7205160059466045,65536,23.420359928033577,25.155076874998485
small,native-bucket,Cotangent native + bucketed norms,1001,1800,2.697400065069195,65536,24.798699637041864,26.599256000001333
small,native-bucket,Cotangent native + bucketed norms,1001,1900,2.672404848267976,65536,26.18420592102848,28.051204167000833
small,native-bucket,Cotangent native + bucketed norms,1001,2000,2.650196717813146,65536,27.567046090021904,29.49956849999944
small,native-fused,Native fused AdamW,1089,100,3.7006892091424923,65536,1.6794775390153518,2.4207060410008125
small,native-fused,Native fused AdamW,1089,200,3.6166410834364395,65536,3.3507648730483197,4.157221749999735
small,native-fused,Native fused AdamW,1089,300,3.5785779906366395,65536,5.021473829056049,5.892804499999329
small,native-fused,Native fused AdamW,1089,400,3.549227399193646,65536,6.684314249057934,7.621295458000532
small,native-fused,Native fused AdamW,1089,500,3.5257238416679386,65536,8.354433038020943,9.356076374999247
small,native-fused,Native fused AdamW,1089,600,3.486388775931273,65536,10.023961002007127,11.09295720800219
small,native-fused,Native fused AdamW,1089,700,3.393437968303307,65536,11.695086038002046,12.829322083001898
small,native-fused,Native fused AdamW,1089,800,3.2832594973046785,65536,13.380140249013493,14.582055124999897
small,native-fused,Native fused AdamW,1089,900,3.1618931249107973,65536,15.056037582984573,16.32358379099969
small,native-fused,Native fused AdamW,1089,1000,3.0665314322362893,65536,16.724405910983478,18.058726333001687
small,native-fused,Native fused AdamW,1089,1100,2.9930062853760493,65536,18.39015078198281,19.789716208000755
small,native-fused,Native fused AdamW,1089,1200,2.911836821403512,65536,20.067452987997967,21.535706791000848
small,native-fused,Native fused AdamW,1089,1300,2.8473122307169,65536,21.739551326005312,23.27234933300133
small,native-fused,Native fused AdamW,1089,1400,2.783456738533469,65536,23.41801149501407,25.017716458001814
small,native-fused,Native fused AdamW,1089,1500,2.7435869626118974,65536,25.091561001023365,26.75574970800153
small,native-fused,Native fused AdamW,1089,1600,2.712261714741817,65536,26.77818788202785,28.509276666001824
small,native-fused,Native fused AdamW,1089,1700,2.675331057829997,65536,28.459812924025755,30.255613290999463
small,native-fused,Native fused AdamW,1089,1800,2.644320495215333,65536,30.183689801018772,32.05537966600241
small,native-fused,Native fused AdamW,1089,1900,2.6247735436830864,65536,31.911898924034176,33.85226333299943
small,native-fused,Native fused AdamW,1089,2000,2.6078717981847244,65536,33.668872589038074,35.67668754099941
small,native-bucket,Cotangent native + bucketed norms,1089,100,3.7007241108717017,65536,1.7308876710085315,2.477081334000104
small,native-bucket,Cotangent native + bucketed norms,1089,200,3.616616801635921,65536,3.2563969219881983,4.086672208999516
small,native-bucket,Cotangent native + bucketed norms,1089,300,3.5777633733129965,65536,4.695025380973675,5.591642708997824
small,native-bucket,Cotangent native + bucketed norms,1089,400,3.548563589156978,65536,6.116980340975715,7.080186084000161
small,native-bucket,Cotangent native + bucketed norms,1089,500,3.5295072880042695,65536,7.502245714949822,8.530283291998785
small,native-bucket,Cotangent native + bucketed norms,1089,600,3.48895482157564,65536,8.868672798933403,9.961898666999332
small,native-bucket,Cotangent native + bucketed norms,1089,700,3.4003929574531147,65536,10.28774734390754,11.446591416999581
small,native-bucket,Cotangent native + bucketed norms,1089,800,3.2820123866097783,65536,11.663025923899113,12.887274875000003
small,native-bucket,Cotangent native + bucketed norms,1089,900,3.1477309018069444,65536,13.10585592388452,14.396645875000104
small,native-bucket,Cotangent native + bucketed norms,1089,1000,3.0173191771333436,65536,14.625176050885784,16.000414416997955
small,native-bucket,Cotangent native + bucketed norms,1089,1100,2.941384596330178,65536,16.180856925897388,17.631041541997547
small,native-bucket,Cotangent native + bucketed norms,1089,1200,2.88461629421049,65536,17.641798424905573,19.159700166997936
small,native-bucket,Cotangent native + bucketed norms,1089,1300,2.8126065348571228,65536,19.14360130390196,20.732011666998005
small,native-bucket,Cotangent native + bucketed norms,1089,1400,2.7636429451694933,65536,20.711237137882563,22.36782200000016
small,native-bucket,Cotangent native + bucketed norms,1089,1500,2.721518143478724,65536,22.281604724881618,24.005095042000903
small,native-bucket,Cotangent native + bucketed norms,1089,1600,2.6956224953855394,65536,23.64648285286239,25.43483920899962
small,native-bucket,Cotangent native + bucketed norms,1089,1700,2.6648225094034834,65536,25.006411643869797,26.85907808399861
small,native-bucket,Cotangent native + bucketed norms,1089,1800,2.6309780327912757,65536,26.375371307854948,28.29502870899887
small,native-bucket,Cotangent native + bucketed norms,1089,1900,2.614196691271891,65536,27.895576477887516,29.881932542000868
small,native-bucket,Cotangent native + bucketed norms,1089,2000,2.601450175605363,65536,29.30556493390759,31.36706966699785
small,native-fused,Native fused AdamW,1067,100,3.709447812598645,65536,1.8023034520228975,2.5766702500004612
small,native-fused,Native fused AdamW,1067,200,3.6372806891197382,65536,3.525973537009122,4.365793375000067
small,native-fused,Native fused AdamW,1067,300,3.5933326724748835,65536,5.209576704008214,6.120335666997562
small,native-fused,Native fused AdamW,1067,400,3.549053567729286,65536,6.950220585007628,7.931922249998024
small,native-fused,Native fused AdamW,1067,500,3.517508778630922,65536,8.686505610989116,9.736737625000387
small,native-fused,Native fused AdamW,1067,600,3.477449214479665,65536,10.567003615997237,11.68953245800003
small,native-fused,Native fused AdamW,1067,700,3.4245435244602835,65536,12.315344242007995,13.503336916997796
small,native-fused,Native fused AdamW,1067,800,3.2925358007866756,65536,14.004405079020216,15.257823749998352
small,native-fused,Native fused AdamW,1067,900,3.210005636952801,65536,15.721922664015437,17.04418574999727
small,native-fused,Native fused AdamW,1067,1000,3.0568313850003976,65536,17.42632312200294,18.81496424999932
small,native-fused,Native fused AdamW,1067,1100,2.956774146749624,65536,19.169978080015426,20.63037466699825
small,native-fused,Native fused AdamW,1067,1200,2.891320505783051,65536,20.867600830028096,22.39324379199752
small,native-fused,Native fused AdamW,1067,1300,2.826743578625998,65536,22.588668418033194,24.1803724579986
small,native-fused,Native fused AdamW,1067,1400,2.776294472668167,65536,24.289246467011253,25.945444249999127
small,native-fused,Native fused AdamW,1067,1500,2.7318004326046537,65536,25.996607432029123,27.719173666999268
small,native-fused,Native fused AdamW,1067,1600,2.6934738731326475,65536,27.71422651602188,29.502363957999478
small,native-fused,Native fused AdamW,1067,1700,2.6684893192557824,65536,29.502985476032336,31.363749874999485
small,native-fused,Native fused AdamW,1067,1800,2.6374455424916707,65536,31.302482103041257,33.23036999999749
small,native-fused,Native fused AdamW,1067,1900,2.6205509987668134,65536,32.966636933062546,34.96031270799722
small,native-fused,Native fused AdamW,1067,2000,2.6005156218805743,65536,34.65115439706278,36.71063320800022
small,native-bucket,Cotangent native + bucketed norms,1067,100,3.7094356770728436,65536,1.37028320898753,2.1316922080004588
small,native-bucket,Cotangent native + bucketed norms,1067,200,3.6366654641819394,65536,2.7355847929939046,3.5625691669993103
small,native-bucket,Cotangent native + bucketed norms,1067,300,3.5897244764597818,65536,4.111027547020058,5.003210625000065
small,native-bucket,Cotangent native + bucketed norms,1067,400,3.541035704299315,65536,5.4862678780154965,6.450700041998061
small,native-bucket,Cotangent native + bucketed norms,1067,500,3.51698644582242,65536,6.966226832009852,8.00038379200123
small,native-bucket,Cotangent native + bucketed norms,1067,600,3.4779323782394327,65536,8.356753162024688,9.45648437500131
small,native-bucket,Cotangent native + bucketed norms,1067,700,3.424597365778919,65536,9.723821080046037,10.888487874999555
small,native-bucket,Cotangent native + bucketed norms,1067,800,3.2940716918502058,65536,11.104980666030315,12.334622375001345
small,native-bucket,Cotangent native + bucketed norms,1067,900,3.1879246446726213,65536,12.44628396304688,13.74001241699807
small,native-bucket,Cotangent native + bucketed norms,1067,1000,3.042727684367959,65536,13.7927436300306,15.150975542001106
small,native-bucket,Cotangent native + bucketed norms,1067,1100,2.9466309539670372,65536,15.134726293028507,16.55709137499798
small,native-bucket,Cotangent native + bucketed norms,1067,1200,2.876856146782837,65536,16.480719583007158,17.967206958001043
small,native-bucket,Cotangent native + bucketed norms,1067,1300,2.823261746863617,65536,17.821449587001553,19.3720792919994
small,native-bucket,Cotangent native + bucketed norms,1067,1400,2.770755868137371,65536,19.167336339010944,20.78231691700057
small,native-bucket,Cotangent native + bucketed norms,1067,1500,2.7293627773836135,65536,20.549846545000037,22.23396516700086
small,native-bucket,Cotangent native + bucketed norms,1067,1600,2.6929883822326355,65536,21.966301672000554,23.716473500000575
small,native-bucket,Cotangent native + bucketed norms,1067,1700,2.6635072935788418,65536,23.316282461986702,25.131212958000106
small,native-bucket,Cotangent native + bucketed norms,1067,1800,2.6393256675798185,65536,24.66213617797621,26.541197874998034
small,native-bucket,Cotangent native + bucketed norms,1067,1900,2.6225872894764026,65536,26.00395971899343,27.9474655419981
small,native-bucket,Cotangent native + bucketed norms,1067,2000,2.6004163825165687,65536,27.35247693198835,29.360227832999954
small,native-bucket,Cotangent native + bucketed norms,1066,100,3.6967197205735904,65536,1.3732568339983118,2.0533354580002197
small,native-bucket,Cotangent native + bucketed norms,1066,200,3.611632572431266,65536,2.738847633001569,3.484712542001944
small,native-bucket,Cotangent native + bucketed norms,1066,300,3.5852972883123555,65536,4.108203918989602,4.91960333300085
small,native-bucket,Cotangent native + bucketed norms,1066,400,3.552512622539343,65536,5.471544539985189,6.348008332999598
small,native-bucket,Cotangent native + bucketed norms,1066,500,3.5421146589573342,65536,6.841026494956168,7.78238033299931
small,native-bucket,Cotangent native + bucketed norms,1066,600,3.4796201084858436,65536,8.231643408948003,9.241542833002313
small,native-bucket,Cotangent native + bucketed norms,1066,700,3.3779245635029507,65536,9.715731161941221,10.797118208000029
small,native-bucket,Cotangent native + bucketed norms,1066,800,3.279281936300102,65536,11.117494033929688,12.264194208000845
small,native-bucket,Cotangent native + bucketed norms,1066,900,3.14262881074187,65536,12.562138033936208,13.774098166999465
small,native-bucket,Cotangent native + bucketed norms,1066,1000,3.02734647510708,65536,13.971457080901018,15.250832207999338
small,native-bucket,Cotangent native + bucketed norms,1066,1100,2.943822224678929,65536,15.362640200892201,16.708473208000214
small,native-bucket,Cotangent native + bucketed norms,1066,1200,2.871333756991343,65536,16.765775148862303,18.176180000002205
small,native-bucket,Cotangent native + bucketed norms,1066,1300,2.8169646343490227,65536,18.16911218985115,19.65102004200162
small,native-bucket,Cotangent native + bucketed norms,1066,1400,2.773511648266845,65536,19.590467819849437,21.137517958002718
small,native-bucket,Cotangent native + bucketed norms,1066,1500,2.7349444205727877,65536,20.997385691833188,22.609175000001414
small,native-bucket,Cotangent native + bucketed norms,1066,1600,2.6883286574178693,65536,22.366512137850805,24.043613792000542
small,native-bucket,Cotangent native + bucketed norms,1066,1700,2.6679511317966544,65536,23.733063593841507,25.47487225000077
small,native-bucket,Cotangent native + bucketed norms,1066,1800,2.642022935986794,65536,25.100613514838187,26.907471124999574
small,native-bucket,Cotangent native + bucketed norms,1066,1900,2.6273074876907785,65536,26.469145097824367,28.340986875002272
small,native-bucket,Cotangent native + bucketed norms,1066,2000,2.605795333402785,65536,27.852094509817107,29.78900995799995
small,native-fused,Native fused AdamW,1066,100,3.6965112776007447,65536,1.692706296023971,2.372258374998637
small,native-fused,Native fused AdamW,1066,200,3.6117986001828424,65536,3.3708210510303616,4.115187958999741
small,native-fused,Native fused AdamW,1066,300,3.5874916686992924,65536,5.112144878054096,5.925378291998641
small,native-fused,Native fused AdamW,1066,400,3.550561995313257,65536,6.875027084046451,7.768423334000545
small,native-fused,Native fused AdamW,1066,500,3.5376618131481825,65536,8.77500596205573,9.73892079199868
small,native-fused,Native fused AdamW,1066,600,3.4850760861018153,65536,10.465004341094755,11.49391979199936
small,native-fused,Native fused AdamW,1066,700,3.3810434688763475,65536,12.16148317608895,13.255840416997671
small,native-fused,Native fused AdamW,1066,800,3.272618242765193,65536,13.877501963066607,15.036840000000666
small,native-fused,Native fused AdamW,1066,900,3.1749705674443325,65536,15.618671639080276,16.84260991699921
small,native-fused,Native fused AdamW,1066,1000,3.085809333034635,65536,17.325137347088457,18.615638833998673
small,native-fused,Native fused AdamW,1066,1100,3.0014747272279076,65536,19.02476475910953,20.38012062499911
small,native-fused,Native fused AdamW,1066,1200,2.916644682399707,65536,20.712466128126835,22.132199084000604
small,native-fused,Native fused AdamW,1066,1300,2.8450580003674624,65536,22.42918216711041,23.914403333998052
small,native-fused,Native fused AdamW,1066,1400,2.7980437104148326,65536,24.138692584114324,25.690161416998308
small,native-fused,Native fused AdamW,1066,1500,2.7587570954155893,65536,25.795408582100208,27.411200999998982
small,native-fused,Native fused AdamW,1066,1600,2.7104690589550064,65536,27.448794612118945,29.132378916998277
small,native-fused,Native fused AdamW,1066,1700,2.684592065604983,65536,29.17628902310753,30.924708499998815
small,native-fused,Native fused AdamW,1066,1800,2.6545052433059344,65536,30.921440242120298,32.73931916699803
small,native-fused,Native fused AdamW,1066,1900,2.6426441749429155,65536,32.59770399614354,34.48041929199826
small,native-fused,Native fused AdamW,1066,2000,2.6205778495581793,65536,34.29282024911663,36.24034383400067
small,native-fused,Native fused AdamW,1073,100,3.682314872945033,65536,1.6963140440020652,2.340812292000919
small,native-fused,Native fused AdamW,1073,200,3.620012760310942,65536,3.3737486290265224,4.083280250000826
small,native-fused,Native fused AdamW,1073,300,3.5905949451492924,65536,5.048010715006967,5.822897666999779
small,native-fused,Native fused AdamW,1073,400,3.554872718959302,65536,6.740018506992783,7.58060258399928
small,native-fused,Native fused AdamW,1073,500,3.528759141975185,65536,8.438572381000995,9.344469542000297
small,native-fused,Native fused AdamW,1073,600,3.4642443757975028,65536,10.153909922999446,11.125596375000896
small,native-fused,Native fused AdamW,1073,700,3.3455869343841087,65536,11.858585466015938,12.900603917001717
small,native-fused,Native fused AdamW,1073,800,3.1615316496254304,65536,13.60422354601178,14.719611959000758
small,native-fused,Native fused AdamW,1073,900,3.0459139155747113,65536,15.30444071401871,16.48498387500149
small,native-fused,Native fused AdamW,1073,1000,2.978326050527798,65536,16.99097775199334,18.237934959000995
small,native-fused,Native fused AdamW,1073,1100,2.8805939424742797,65536,18.694218462995195,20.009426417000213
small,native-fused,Native fused AdamW,1073,1200,2.848398543007701,65536,20.39358980399993,21.7736372090003
small,native-fused,Native fused AdamW,1073,1300,2.796151175703533,65536,22.103981309981464,23.55050395899889
small,native-fused,Native fused AdamW,1073,1400,2.736472948629078,65536,23.77080668599956,25.28248483399875
small,native-fused,Native fused AdamW,1073,1500,2.703266860867957,65536,25.45132210301017,27.028281167000387
small,native-fused,Native fused AdamW,1073,1600,2.6569757095920847,65536,27.117843520998576,28.759102500000154
small,native-fused,Native fused AdamW,1073,1700,2.624615384137787,65536,28.787783182993735,30.493255291999958
small,native-fused,Native fused AdamW,1073,1800,2.6019577823993845,65536,30.53033709698866,32.302078749999055
small,native-fused,Native fused AdamW,1073,1900,2.575241621202307,65536,32.20899784497669,34.04570800000147
small,native-fused,Native fused AdamW,1073,2000,2.556935669606397,65536,33.94658284995603,35.850073708999844
small,native-bucket,Cotangent native + bucketed norms,1073,100,3.68219560297666,65536,1.3849058399937348,2.155908709002688
small,native-bucket,Cotangent native + bucketed norms,1073,200,3.6209376185137883,65536,2.7798944280220894,3.6162857090021134
small,native-bucket,Cotangent native + bucketed norms,1073,300,3.593146178787854,65536,4.157675303016731,5.0595007090014406
small,native-bucket,Cotangent native + bucketed norms,1073,400,3.556637002983178,65536,5.530622550024418,6.499740125000244
small,native-bucket,Cotangent native + bucketed norms,1073,500,3.5332172440041036,65536,6.899572633046773,7.937663959000929
small,native-bucket,Cotangent native + bucketed norms,1073,600,3.4715357952591455,65536,8.301330880061869,9.403762792000634
small,native-bucket,Cotangent native + bucketed norms,1073,700,3.344316778013993,65536,9.690592500035564,10.857250334000128
small,native-bucket,Cotangent native + bucketed norms,1073,800,3.1429197086468887,65536,11.060282793019724,12.29168862500228
small,native-bucket,Cotangent native + bucketed norms,1073,900,3.035800792883736,65536,12.46311133702693,13.760645166999893
small,native-bucket,Cotangent native + bucketed norms,1073,1000,2.973340934537599,65536,13.86673596701803,15.233281791999616
small,native-bucket,Cotangent native + bucketed norms,1073,1100,2.8799787121620226,65536,15.299513049023517,16.73482687500291
small,native-bucket,Cotangent native + bucketed norms,1073,1200,2.8429448710341427,65536,16.708255630052008,18.208201084002212
small,native-bucket,Cotangent native + bucketed norms,1073,1300,2.7711320748116757,65536,18.132613878053235,19.69765620900216
small,native-bucket,Cotangent native + bucketed norms,1073,1400,2.711192240627427,65536,19.52924025806351,21.160026208999625
small,native-bucket,Cotangent native + bucketed norms,1073,1500,2.6801694457467202,65536,21.035589546085248,22.731225667001127
small,native-bucket,Cotangent native + bucketed norms,1073,1600,2.6285538674594124,65536,22.451075337103248,24.211868583999603
small,native-bucket,Cotangent native + bucketed norms,1073,1700,2.5980052824917133,65536,23.82818637111268,25.653686708999885
small,native-bucket,Cotangent native + bucketed norms,1073,1800,2.56877217669709,65536,25.208607578097144,27.098083917000622
small,native-bucket,Cotangent native + bucketed norms,1073,1900,2.5424800118534256,65536,26.582471285091742,28.536824917002377
small,native-bucket,Cotangent native + bucketed norms,1073,2000,2.525837433460998,65536,27.94488361806725,29.968672875002085
small,native-bucket,Cotangent native + bucketed norms,1082,100,3.687691770788355,65536,1.5049587490102567,2.1963707089998934
small,native-bucket,Cotangent native + bucketed norms,1082,200,3.597746553464699,65536,2.983805828996992,3.7437304589984706
small,native-bucket,Cotangent native + bucketed norms,1082,300,3.566885201923032,65536,4.47316386500097,5.304252124999039
small,native-bucket,Cotangent native + bucketed norms,1082,400,3.550052217238268,65536,5.900848072997178,6.800966124999832
small,native-bucket,Cotangent native + bucketed norms,1082,500,3.5301788802558884,65536,7.395955315994797,8.366663500000868
small,native-bucket,Cotangent native + bucketed norms,1082,600,3.4677222412099975,65536,8.870998188987869,9.91326670899798
small,native-bucket,Cotangent native + bucketed norms,1082,700,3.37585036674222,65536,10.36621193899191,11.476932458997908
small,native-bucket,Cotangent native + bucketed norms,1082,800,3.184600381265178,65536,11.850392900010775,13.034739999999147
small,native-bucket,Cotangent native + bucketed norms,1082,900,3.043071440065829,65536,13.399534312015021,14.657614249998005
small,native-bucket,Cotangent native + bucketed norms,1082,1000,2.9529614687371044,65536,14.908624816001975,16.242516124999383
small,native-bucket,Cotangent native + bucketed norms,1082,1100,2.863944570767143,65536,16.481576568017772,17.881804833999922
small,native-bucket,Cotangent native + bucketed norms,1082,1200,2.790742047236548,65536,17.913655822008877,19.3912260420002
small,native-bucket,Cotangent native + bucketed norms,1082,1300,2.7304727104166195,65536,19.32507274400632,20.8685334590009
small,native-bucket,Cotangent native + bucketed norms,1082,1400,2.6727774540555282,65536,20.7410732909957,22.351959458999772
small,native-bucket,Cotangent native + bucketed norms,1082,1500,2.625492372044657,65536,22.257949293976708,23.942432499999995
small,native-bucket,Cotangent native + bucketed norms,1082,1600,2.5958181952440644,65536,23.69859725796414,25.45043029199951
small,native-bucket,Cotangent native + bucketed norms,1082,1700,2.562520607338227,65536,25.083589346955705,26.900559834000887
small,native-bucket,Cotangent native + bucketed norms,1082,1800,2.534139369234532,65536,26.459521929929906,28.341352416999143
small,native-bucket,Cotangent native + bucketed norms,1082,1900,2.507892425079129,65536,27.902227515922277,29.86470916699909
small,native-bucket,Cotangent native + bucketed norms,1082,2000,2.4970081536795163,65536,29.35793984992779,31.39438587499899
small,native-fused,Native fused AdamW,1082,100,3.6875200783582156,65536,1.7157347050087992,2.4772669169979054
small,native-fused,Native fused AdamW,1082,200,3.5976090855820813,65536,3.539286615978199,4.368323250000685
small,native-fused,Native fused AdamW,1082,300,3.568269253803682,65536,5.214330319984583,6.107981541998015
small,native-fused,Native fused AdamW,1082,400,3.547021657202836,65536,6.894351942995854,7.854642874997808
small,native-fused,Native fused AdamW,1082,500,3.529466517367099,65536,8.574147278002783,9.600185584000428
small,native-fused,Native fused AdamW,1082,600,3.466871819248228,65536,10.241575693016784,11.332861667000543
small,native-fused,Native fused AdamW,1082,700,3.3716420587647637,65536,11.909351280002738,13.066261959000258
small,native-fused,Native fused AdamW,1082,800,3.187664553159938,65536,13.592166573012946,14.815437334000308
small,native-fused,Native fused AdamW,1082,900,3.044782430965769,65536,15.261015489999409,16.54896908400042
small,native-fused,Native fused AdamW,1082,1000,2.9553376347860034,65536,17.015127527014556,18.375873666998814
small,native-fused,Native fused AdamW,1082,1100,2.8748616156106603,65536,18.789668360997894,20.215700291999383
small,native-fused,Native fused AdamW,1082,1200,2.795212236421148,65536,20.46680994799317,21.95754479199968
small,native-fused,Native fused AdamW,1082,1300,2.738027365448781,65536,22.160190698989027,23.715984041999036
small,native-fused,Native fused AdamW,1082,1400,2.684372938209952,65536,23.828333783985727,25.44905412499793
small,native-fused,Native fused AdamW,1082,1500,2.6297433478429,65536,25.502053079992038,27.189865125001234
small,native-fused,Native fused AdamW,1082,1600,2.6003348788634333,65536,27.180287792987656,28.93291920900083
small,native-fused,Native fused AdamW,1082,1700,2.5657524515686623,65536,28.847822497962625,30.66529591699873
small,native-fused,Native fused AdamW,1082,1800,2.533592636387439,65536,30.53096895496128,32.41552516699812
small,native-fused,Native fused AdamW,1082,1900,2.508134334800941,65536,32.20356865695794,34.155050834000576
small,native-fused,Native fused AdamW,1082,2000,2.492835376242837,65536,33.882329282969295,35.898789124999894
small,native-bucket,Cotangent native + bucketed norms,1064,100,3.691026783111477,65536,1.3801465469878167,2.068647083000542
small,native-bucket,Cotangent native + bucketed norms,1064,200,3.617107693866062,65536,2.7544815479850513,3.508567374999984
small,native-bucket,Cotangent native + bucketed norms,1064,300,3.59501732853141,65536,4.117043757996726,4.936302083002374
small,native-bucket,Cotangent native + bucketed norms,1064,400,3.563402660732217,65536,5.47991758999342,6.364566208001634
small,native-bucket,Cotangent native + bucketed norms,1064,500,3.518955948144438,65536,6.865249507009139,7.815074041001935
small,native-bucket,Cotangent native + bucketed norms,1064,600,3.482066249975812,65536,8.235237799031893,9.25076395799988
small,native-bucket,Cotangent native + bucketed norms,1064,700,3.3991445353905014,65536,9.601243177039578,10.682778624999628
small,native-bucket,Cotangent native + bucketed norms,1064,800,3.2789741196018043,65536,10.966329920065618,12.113521125000261
small,native-bucket,Cotangent native + bucketed norms,1064,900,3.1217019295381365,65536,12.336323209070542,13.548930916000245
small,native-bucket,Cotangent native + bucketed norms,1064,1000,3.0186390096172695,65536,13.702775085086614,14.98138950000066
small,native-bucket,Cotangent native + bucketed norms,1064,1100,2.912734495598606,65536,15.07062366809987,16.41495995800142
small,native-bucket,Cotangent native + bucketed norms,1064,1200,2.8629622811078246,65536,16.434902544096985,17.844328125000175
small,native-bucket,Cotangent native + bucketed norms,1064,1300,2.801869448359902,65536,17.79667896009414,19.271519750000152
small,native-bucket,Cotangent native + bucketed norms,1064,1400,2.755403165000873,65536,19.186077627073246,20.77552854100213
small,native-bucket,Cotangent native + bucketed norms,1064,1500,2.7170235865022803,65536,20.78886421007337,22.45086783300212
small,native-bucket,Cotangent native + bucketed norms,1064,1600,2.6818921153435453,65536,22.251092253056413,23.979843041001004
small,native-bucket,Cotangent native + bucketed norms,1064,1700,2.652488676856616,65536,23.647448164058005,25.442535500002123
small,native-bucket,Cotangent native + bucketed norms,1064,1800,2.622402671475159,65536,25.22593899504136,27.107105208000576
small,native-bucket,Cotangent native + bucketed norms,1064,1900,2.6051157977024793,65536,26.837745748063753,28.824230458001693
small,native-bucket,Cotangent native + bucketed norms,1064,2000,2.5935266607827634,65536,28.36669271007122,30.431546875002823
small,native-fused,Native fused AdamW,1064,100,3.691029674569794,65536,1.7724112110081478,2.541362832998857
small,native-fused,Native fused AdamW,1064,200,3.616977223527551,65536,3.5446377110092726,4.380911374999414
small,native-fused,Native fused AdamW,1064,300,3.591765910525523,65536,5.270735039033752,6.172485582999798
small,native-fused,Native fused AdamW,1064,400,3.5667495936028266,65536,6.99079149501631,7.9584226249971834
small,native-fused,Native fused AdamW,1064,500,3.51944566874277,65536,8.686985365013243,9.720761124997807
small,native-fused,Native fused AdamW,1064,600,3.488950403771296,65536,10.38358040802268,11.48367508299998
small,native-fused,Native fused AdamW,1064,700,3.413680143578293,65536,12.183235284002876,13.353591082999628
small,native-fused,Native fused AdamW,1064,800,3.2977242701381457,65536,13.933208158006892,15.169589791999897
small,native-fused,Native fused AdamW,1064,900,3.141797683083744,65536,15.628988447013398,16.932354666998435
small,native-fused,Native fused AdamW,1064,1000,3.034894487309352,65536,17.304256117018667,18.673806499999046
small,native-fused,Native fused AdamW,1064,1100,2.9435235230611276,65536,19.043120447040565,20.48134349999964
small,native-fused,Native fused AdamW,1064,1200,2.8834537291118627,65536,20.82585139803996,22.334680916999787
small,native-fused,Native fused AdamW,1064,1300,2.823727948834444,65536,22.613301643054,24.19474999999875
small,native-fused,Native fused AdamW,1064,1400,2.784279299305799,65536,24.44079426906319,26.09428674999799
small,native-fused,Native fused AdamW,1064,1500,2.753534358520935,65536,26.23335314506403,27.957418041998608
small,native-fused,Native fused AdamW,1064,1600,2.701080311066092,65536,27.9822513900981,29.77504124999905
small,native-fused,Native fused AdamW,1064,1700,2.6810337391841736,65536,29.805161058106023,31.66798866699901
small,native-fused,Native fused AdamW,1064,1800,2.6497940526828976,65536,31.548417522080854,33.47871595799734
small,native-fused,Native fused AdamW,1064,1900,2.6377225796699215,65536,33.30219269110239,35.29912279199925
small,native-fused,Native fused AdamW,1064,2000,2.618167894292844,65536,35.050033487135806,37.11387654200007
small,native-bucket,Cotangent native + bucketed norms,1028,100,3.7129185944757075,65536,1.430333164993499,2.2578633749981236
small,native-bucket,Cotangent native + bucketed norms,1028,200,3.618389158095472,65536,2.869407914000476,3.76762462500119
small,native-bucket,Cotangent native + bucketed norms,1028,300,3.5887851932120944,65536,4.29015845899994,5.255392250001023
small,native-bucket,Cotangent native + bucketed norms,1028,400,3.5554765392975654,65536,5.85153991502375,6.8958086669990735
small,native-bucket,Cotangent native + bucketed norms,1028,500,3.5146104947518344,65536,7.349060794029356,8.463568708000821
small,native-bucket,Cotangent native + bucketed norms,1028,600,3.4904611531210534,65536,8.833109667040844,10.01689095799884
small,native-bucket,Cotangent native + bucketed norms,1028,700,3.409669217939449,65536,10.211332753031456,11.460176291999232
small,native-bucket,Cotangent native + bucketed norms,1028,800,3.2612023461194743,65536,11.619449465040816,12.933557166998071
small,native-bucket,Cotangent native + bucketed norms,1028,900,3.087926966163624,65536,12.98517434603491,14.364219541999773
small,native-bucket,Cotangent native + bucketed norms,1028,1000,2.9886199269848297,65536,14.358728636034357,15.8044297919987
small,native-bucket,Cotangent native + bucketed norms,1028,1100,2.916634922384271,65536,15.749587847039948,17.264732083000126
small,native-bucket,Cotangent native + bucketed norms,1028,1200,2.8516119152265422,65536,17.13338176205798,18.715603207998356
small,native-bucket,Cotangent native + bucketed norms,1028,1300,2.7893371585828546,65536,18.615014843064273,20.269608374997915
small,native-bucket,Cotangent native + bucketed norms,1028,1400,2.722973933622615,65536,20.016877128058695,21.7434030000004
small,native-bucket,Cotangent native + bucketed norms,1028,1500,2.6926395852933123,65536,21.423538711049332,23.215378291999514
small,native-bucket,Cotangent native + bucketed norms,1028,1600,2.643281230928458,65536,22.803889424048975,24.660894917000405
small,native-bucket,Cotangent native + bucketed norms,1028,1700,2.6157141694428634,65536,24.191298965055466,26.113602375000482
small,native-bucket,Cotangent native + bucketed norms,1028,1800,2.5906248942549963,65536,25.581264845055557,27.56972875000065
small,native-bucket,Cotangent native + bucketed norms,1028,1900,2.5735292114454973,65536,26.96861422107395,29.022508833000757
small,native-bucket,Cotangent native + bucketed norms,1028,2000,2.55439131527387,65536,28.34513988706385,30.464603958000225
small,native-fused,Native fused AdamW,1028,100,3.7127904351540675,65536,1.671560839015001,2.3089029169968853
small,native-fused,Native fused AdamW,1028,200,3.618439731743741,65536,3.393304548026208,4.101854999997158
small,native-fused,Native fused AdamW,1028,300,3.5894425646482704,65536,5.190308922032273,5.9657057499971415
small,native-fused,Native fused AdamW,1028,400,3.5546473249464303,65536,6.879275262024748,7.720804999997199
small,native-fused,Native fused AdamW,1028,500,3.517708525730983,65536,8.554962475027423,9.462016791996575
small,native-fused,Native fused AdamW,1028,600,3.4859061281194577,65536,10.223467687050288,11.1955474589995
small,native-fused,Native fused AdamW,1028,700,3.4102962021910006,65536,11.904703354059166,12.942931541998405
small,native-fused,Native fused AdamW,1028,800,3.2920355140042314,65536,13.60469619606738,14.707955041998503
small,native-fused,Native fused AdamW,1028,900,3.1189514217518033,65536,15.264842147062154,16.433199041999615
small,native-fused,Native fused AdamW,1028,1000,3.003430395695447,65536,16.94767331208277,18.18066920899946
small,native-fused,Native fused AdamW,1028,1100,2.911460055785592,65536,18.650045936086826,19.95002104199739
small,native-fused,Native fused AdamW,1028,1200,2.8513408114497465,65536,20.343263022074098,21.708202416997665
small,native-fused,Native fused AdamW,1028,1300,2.7931848243159094,65536,22.031349068056443,23.460217333999026
small,native-fused,Native fused AdamW,1028,1400,2.7354701446641863,65536,23.800870814066002,25.294960166997043
small,native-fused,Native fused AdamW,1028,1500,2.695168412817141,65536,25.486795478067506,27.045483374997275
small,native-fused,Native fused AdamW,1028,1600,2.6546428831712032,65536,27.145484308075538,28.769878291997884
small,native-fused,Native fused AdamW,1028,1700,2.6229935823656927,65536,28.97129414306619,30.66655154199907
small,native-fused,Native fused AdamW,1028,1800,2.5941452823779168,65536,30.795771602075547,32.55885124999986
small,native-fused,Native fused AdamW,1028,1900,2.5773633012980492,65536,32.571693432113534,34.403801499996916
small,native-fused,Native fused AdamW,1028,2000,2.5634999517946495,65536,34.2896034720834,36.19005308399937
small,native-fused,Native fused AdamW,1091,100,3.7069611584454827,65536,1.698833504011418,2.3538220830014325
small,native-fused,Native fused AdamW,1091,200,3.6177183397657817,65536,3.3915895520003687,4.114407916003984
small,native-fused,Native fused AdamW,1091,300,3.577067821728329,65536,5.069210675002978,5.8577832500050135
small,native-fused,Native fused AdamW,1091,400,3.563813892748261,65536,6.7654743840503215,7.622010041002795
small,native-fused,Native fused AdamW,1091,500,3.540284118617213,65536,8.464930136051407,9.387150791004387
small,native-fused,Native fused AdamW,1091,600,3.5018242940886197,65536,10.20664113305611,11.194557708000502
small,native-fused,Native fused AdamW,1091,700,3.4473022681207666,65536,11.894525341998815,12.94785579100062
small,native-fused,Native fused AdamW,1091,800,3.3367548513403746,65536,13.597552257004281,14.718380125003023
small,native-fused,Native fused AdamW,1091,900,3.2390914396069603,65536,15.30516292104221,16.491579833000287
small,native-fused,Native fused AdamW,1091,1000,3.1445819639631405,65536,17.005236995031737,18.257279790999746
small,native-fused,Native fused AdamW,1091,1100,3.0534971949693253,65536,18.688417659050174,20.00622641600421
small,native-fused,Native fused AdamW,1091,1200,2.9801573164197275,65536,20.369306790064,21.752404875001957
small,native-fused,Native fused AdamW,1091,1300,2.9057828869827795,65536,22.03436582908398,23.482258958003513
small,native-fused,Native fused AdamW,1091,1400,2.846421269219647,65536,23.697876871072367,25.21089333299824
small,native-fused,Native fused AdamW,1091,1500,2.799654000098234,65536,25.36124637208195,26.938879000004817
small,native-fused,Native fused AdamW,1091,1600,2.756799347032866,65536,27.022479747054604,28.664079375001165
small,native-fused,Native fused AdamW,1091,1700,2.724688869374609,65536,28.68195495506734,30.38791454099919
small,native-fused,Native fused AdamW,1091,1800,2.699022458031651,65536,30.35309175108341,32.124051583003165
small,native-fused,Native fused AdamW,1091,1900,2.6778149763841195,65536,32.02471016608979,33.86134883300474
small,native-fused,Native fused AdamW,1091,2000,2.656336025496658,65536,33.69900949610383,35.6002513750027
small,native-bucket,Cotangent native + bucketed norms,1091,100,3.706704463590154,65536,1.3702002080099192,2.0388657090006745
small,native-bucket,Cotangent native + bucketed norms,1091,200,3.617583645103409,65536,2.7384553290030453,3.472851124999579
small,native-bucket,Cotangent native + bucketed norms,1091,300,3.5771992702181667,65536,4.110558614047477,4.909364458995697
small,native-bucket,Cotangent native + bucketed norms,1091,400,3.5575634520255446,65536,5.47674406607257,6.340439874998992
small,native-bucket,Cotangent native + bucketed norms,1091,500,3.543364725604046,65536,6.849210523061629,7.7778542500018375
small,native-bucket,Cotangent native + bucketed norms,1091,600,3.5077444206325232,65536,8.207510646076116,9.20093379199534
small,native-bucket,Cotangent native + bucketed norms,1091,700,3.445651825862846,65536,9.577727766103635,10.635906541996519
small,native-bucket,Cotangent native + bucketed norms,1091,800,3.3232278354085683,65536,10.942550186133303,12.065964542001893
small,native-bucket,Cotangent native + bucketed norms,1091,900,3.234589030547613,65536,12.302479023135675,13.490009834000375
small,native-bucket,Cotangent native + bucketed norms,1091,1000,3.131053679659284,65536,13.668338779098121,14.920467208998161
small,native-bucket,Cotangent native + bucketed norms,1091,1100,3.067236937316876,65536,15.028992991101404,16.34612487499544
small,native-bucket,Cotangent native + bucketed norms,1091,1200,2.9971041213726153,65536,16.39121653408074,17.772668624995276
small,native-bucket,Cotangent native + bucketed norms,1091,1300,2.927667915781217,65536,17.766427202077466,19.212767833996622
small,native-bucket,Cotangent native + bucketed norms,1091,1400,2.8738172294654647,65536,19.149480405081704,20.661061124999833
small,native-bucket,Cotangent native + bucketed norms,1091,1500,2.8260492094220546,65536,20.528944276084076,22.107015499997942
small,native-bucket,Cotangent native + bucketed norms,1091,1600,2.782976697333706,65536,21.91004456608789,23.552507125001284
small,native-bucket,Cotangent native + bucketed norms,1091,1700,2.7505509808508752,65536,23.28246469509031,24.990386416997353
small,native-bucket,Cotangent native + bucketed norms,1091,1800,2.7177842872648776,65536,24.66506094406941,26.4380982090006
small,native-bucket,Cotangent native + bucketed norms,1091,1900,2.694711438790425,65536,26.048000439055613,27.885956459002045
small,native-bucket,Cotangent native + bucketed norms,1091,2000,2.677053034121761,65536,27.43169801401382,29.335772291997273
small,native-fused,Native fused AdamW,1093,100,3.6750926227557845,65536,1.6752074129908578,2.418068625003798
small,native-fused,Native fused AdamW,1093,200,3.6266799579923625,65536,3.3576591269811615,4.164572459005285
small,native-fused,Native fused AdamW,1093,300,3.5770888036117343,65536,5.033601757975703,5.905995042005088
small,native-fused,Native fused AdamW,1093,400,3.5640903011149447,65536,6.706465050941915,7.645100667003135
small,native-fused,Native fused AdamW,1093,500,3.533030911550809,65536,8.383047671937675,9.387522334000096
small,native-fused,Native fused AdamW,1093,600,3.4969131897573282,65536,10.063115252909483,11.132685625001614
small,native-fused,Native fused AdamW,1093,700,3.451491421530483,65536,11.731607626927143,12.866800584000885
small,native-fused,Native fused AdamW,1093,800,3.299881964475871,65536,13.423681167965697,14.624226959000225
small,native-fused,Native fused AdamW,1093,900,3.0913419396704818,65536,15.103224163998675,16.369118209004228
small,native-fused,Native fused AdamW,1093,1000,2.972573698434269,65536,16.78018395097024,18.11149537500023
small,native-fused,Native fused AdamW,1093,1100,2.873169618044725,65536,18.456401361967437,19.853513542002474
small,native-fused,Native fused AdamW,1093,1200,2.8115223024815053,65536,20.13443418998213,21.596075250003196
small,native-fused,Native fused AdamW,1093,1300,2.747003129248395,65536,21.82290227797057,23.3492666250022
small,native-fused,Native fused AdamW,1093,1400,2.6919452752084054,65536,23.479601313913008,25.071155709003506
small,native-fused,Native fused AdamW,1093,1500,2.6466109332872345,65536,25.13267764790362,26.788915875004022
small,native-fused,Native fused AdamW,1093,1600,2.6025530788475146,65536,26.78599790291628,28.506981875005295
small,native-fused,Native fused AdamW,1093,1700,2.568294677615885,65536,28.444251320928743,30.229226375005965
small,native-fused,Native fused AdamW,1093,1800,2.547017381761018,65536,30.376931032973516,32.23906162500498
small,native-fused,Native fused AdamW,1093,1900,2.52771501105613,65536,32.26251532500464,34.18986025000049
small,native-fused,Native fused AdamW,1093,2000,2.51195460154793,65536,33.944572991968016,35.93745741699968
small,native-bucket,Cotangent native + bucketed norms,1093,100,3.675120999893177,65536,1.4156662899331423,2.136133250001876
small,native-bucket,Cotangent native + bucketed norms,1093,200,3.6265381475478105,65536,2.875826580908324,3.6619424169984995
small,native-bucket,Cotangent native + bucketed norms,1093,300,3.5771029921804303,65536,4.251716117905744,5.110714292000921
small,native-bucket,Cotangent native + bucketed norms,1093,400,3.5612581768118616,65536,5.730812944981153,6.6625025419998565
small,native-bucket,Cotangent native + bucketed norms,1093,500,3.5278942412239958,65536,7.219758779974654,8.22008504200494
small,native-bucket,Cotangent native + bucketed norms,1093,600,3.498356392920959,65536,8.652438152945251,9.722501625001314
small,native-bucket,Cotangent native + bucketed norms,1093,700,3.4431412231255507,65536,10.217029773964896,11.359230417001527
small,native-bucket,Cotangent native + bucketed norms,1093,800,3.287152227866717,65536,11.786356066906592,13.00152912500198
small,native-bucket,Cotangent native + bucketed norms,1093,900,3.086968388612293,65536,13.236070820894383,14.517153334003524
small,native-bucket,Cotangent native + bucketed norms,1093,1000,2.973269873456046,65536,14.78722219588235,16.134076292000827
small,native-bucket,Cotangent native + bucketed norms,1093,1100,2.8699896265835245,65536,16.167073775846802,17.578713375005464
small,native-bucket,Cotangent native + bucketed norms,1093,1200,2.804919791774641,65536,17.595981234815554,19.073973500002467
small,native-bucket,Cotangent native + bucketed norms,1093,1300,2.745152504559328,65536,19.07313644181704,20.620739250000042
small,native-bucket,Cotangent native + bucketed norms,1093,1400,2.6848180830549637,65536,20.54022359778901,22.15631950000534
small,native-bucket,Cotangent native + bucketed norms,1093,1500,2.631207554387768,65536,21.958182270813268,23.640624750005372
small,native-bucket,Cotangent native + bucketed norms,1093,1600,2.5906415604487565,65536,23.396067726775073,25.143614417000208
small,native-bucket,Cotangent native + bucketed norms,1093,1700,2.555738337140006,65536,24.88491505976708,26.70244345899846
small,native-bucket,Cotangent native + bucketed norms,1093,1800,2.5369238328454946,65536,26.317508683845517,28.20279875000415
small,native-bucket,Cotangent native + bucketed norms,1093,1900,2.5168529469163103,65536,27.714455930799886,29.668173209000088
small,native-bucket,Cotangent native + bucketed norms,1093,2000,2.5005993932801345,65536,29.103725649816624,31.12332270900515
small,native-bucket,Cotangent native + bucketed norms,1030,100,3.7087455966862564,65536,1.3707609169432544,2.1352149169979384
small,native-bucket,Cotangent native + bucketed norms,1030,200,3.605206268699126,65536,2.744470207966515,3.5744036249961937
small,native-bucket,Cotangent native + bucketed norms,1030,300,3.580845001446819,65536,4.186079783030436,5.087080749995948
small,native-bucket,Cotangent native + bucketed norms,1030,400,3.55797525373412,65536,5.645167709015368,6.616017166998063
small,native-bucket,Cotangent native + bucketed norms,1030,500,3.542118636056135,65536,7.11186295702646,8.151367250000476
small,native-bucket,Cotangent native + bucketed norms,1030,600,3.476381481689615,65536,8.557446294049441,9.66888895900047
small,native-bucket,Cotangent native + bucketed norms,1030,700,3.390137578237587,65536,10.020067627046956,11.199016708997078
small,native-bucket,Cotangent native + bucketed norms,1030,800,3.2165802112278157,65536,11.475364834055654,12.726203833997715
small,native-bucket,Cotangent native + bucketed norms,1030,900,3.087737763749844,65536,13.031677365048381,14.360071208997397
small,native-bucket,Cotangent native + bucketed norms,1030,1000,2.976425346640583,65536,14.55255366408528,15.95025341699511
small,native-bucket,Cotangent native + bucketed norms,1030,1100,2.910001169953986,65536,16.021684874147468,17.489312375000736
small,native-bucket,Cotangent native + bucketed norms,1030,1200,2.84634357605712,65536,17.494957876158878,19.032788874996186
small,native-bucket,Cotangent native + bucketed norms,1030,1300,2.782475975220177,65536,18.948082880124275,20.55556287500076
small,native-bucket,Cotangent native + bucketed norms,1030,1400,2.7349808164012765,65536,20.409473625128157,22.082401166997442
small,native-bucket,Cotangent native + bucketed norms,1030,1500,2.6831951741445548,65536,21.778214878155268,23.515654584000004
small,native-bucket,Cotangent native + bucketed norms,1030,1600,2.646827518563707,65536,23.123146997197182,24.92486470899894
small,native-bucket,Cotangent native + bucketed norms,1030,1700,2.6144859714651,65536,24.537251166198985,26.40316266699665
small,native-bucket,Cotangent native + bucketed norms,1030,1800,2.592299043246447,65536,25.895450588184758,27.8251635839988
small,native-bucket,Cotangent native + bucketed norms,1030,1900,2.569904623333985,65536,27.249199293059064,29.243522958997346
small,native-bucket,Cotangent native + bucketed norms,1030,2000,2.553211578782445,65536,28.596987707052904,30.66487533399777
small,native-fused,Native fused AdamW,1030,100,3.708741264873238,65536,1.6828028309901129,2.4416216669997084
small,native-fused,Native fused AdamW,1030,200,3.6059091940399495,65536,3.431042293945211,4.258357749997231
small,native-fused,Native fused AdamW,1030,300,3.5790538451337457,65536,5.129408424960275,6.044884041999467
small,native-fused,Native fused AdamW,1030,400,3.5576476482820576,65536,6.829117598936136,7.809861374997126
small,native-fused,Native fused AdamW,1030,500,3.53968188911847,65536,8.513890973903472,9.560305749997497
small,native-fused,Native fused AdamW,1030,600,3.481531319438135,65536,10.186765471837134,11.29773262499657
small,native-fused,Native fused AdamW,1030,700,3.395848509384547,65536,11.85681163679692,13.032748624995293
small,native-fused,Native fused AdamW,1030,800,3.212839739056369,65536,13.520364683819935,14.761631875000603
small,native-fused,Native fused AdamW,1030,900,3.089272289701083,65536,15.18301651582442,16.489420833000622
small,native-fused,Native fused AdamW,1030,1000,2.988256387907653,65536,16.847381761821453,18.219264832994668
small,native-fused,Native fused AdamW,1030,1100,2.909803674751759,65536,18.572437009766873,20.01299624999956
small,native-fused,Native fused AdamW,1030,1200,2.8458571070057808,65536,20.244361135752115,21.7498719169962
small,native-fused,Native fused AdamW,1030,1300,2.784257892840224,65536,21.9120492597649,23.48191354199662
small,native-fused,Native fused AdamW,1030,1400,2.737173767182428,65536,23.584867424709955,25.21966720799537
small,native-fused,Native fused AdamW,1030,1500,2.6857772679200305,65536,25.25236854769173,26.95179916699999
small,native-fused,Native fused AdamW,1030,1600,2.6483170818006614,65536,26.91808155165927,28.682357041994692
small,native-fused,Native fused AdamW,1030,1700,2.6153839842510385,65536,28.60211263464589,30.43170037499658
small,native-fused,Native fused AdamW,1030,1800,2.5970121149297274,65536,30.271519839647226,32.166473917000985
small,native-fused,Native fused AdamW,1030,1900,2.5713112533120186,65536,31.935846749678603,33.89568750000035
small,native-fused,Native fused AdamW,1030,2000,2.5564912718110255,65536,33.5994802087007,35.624291291998816
small,native-bucket,Cotangent native + bucketed norms,1026,100,3.6757405566439947,65536,1.3463683769732597,2.003082916002313
small,native-bucket,Cotangent native + bucketed norms,1026,200,3.6071643771705246,65536,2.6894495469532558,3.410246665996965
small,native-bucket,Cotangent native + bucketed norms,1026,300,3.5865838582767133,65536,4.037223001971142,4.8221118329965975
small,native-bucket,Cotangent native + bucketed norms,1026,400,3.5579077290458248,65536,5.373419828945771,6.22194387500349
small,native-bucket,Cotangent native + bucketed norms,1026,500,3.5344754368310687,65536,6.709853335960361,7.622457541001495
small,native-bucket,Cotangent native + bucketed norms,1026,600,3.489152246909915,65536,8.054951289923338,9.031781165998837
small,native-bucket,Cotangent native + bucketed norms,1026,700,3.428044994491609,65536,9.399455208920699,10.44066649999877
small,native-bucket,Cotangent native + bucketed norms,1026,800,3.3141615334921903,65536,10.738933794855257,11.843834582999989
small,native-bucket,Cotangent native + bucketed norms,1026,900,3.1575577862478474,65536,12.153908176849654,13.323860916003468
small,native-bucket,Cotangent native + bucketed norms,1026,1000,3.040355565285813,65536,13.53340138780186,14.76829620799981
small,native-bucket,Cotangent native + bucketed norms,1026,1100,2.9408771883910965,65536,14.9093218467533,16.208726165998087
small,native-bucket,Cotangent native + bucketed norms,1026,1200,2.8636937448197752,65536,16.251005679798254,17.614391791001253
small,native-bucket,Cotangent native + bucketed norms,1026,1300,2.803219114459295,65536,17.6576266818156,19.086134249999304
small,native-bucket,Cotangent native + bucketed norms,1026,1400,2.7436312750167837,65536,19.038276800783933,20.531385249996674
small,native-bucket,Cotangent native + bucketed norms,1026,1500,2.7071428499938257,65536,20.435933507746086,21.99634566599707
small,native-bucket,Cotangent native + bucketed norms,1026,1600,2.6671278938426366,65536,21.826604301801126,23.452178083003673
small,native-bucket,Cotangent native + bucketed norms,1026,1700,2.6200245652469802,65536,23.21769071478775,24.90889920799964
small,native-bucket,Cotangent native + bucketed norms,1026,1800,2.595497125132735,65536,24.589905217777414,26.34656008300226
small,native-bucket,Cotangent native + bucketed norms,1026,1900,2.5713242165043275,65536,25.958484590744774,27.780108416001895
small,native-bucket,Cotangent native + bucketed norms,1026,2000,2.5584172249011705,65536,27.323490763737937,29.210233416000847
small,native-fused,Native fused AdamW,1026,100,3.6758304175790704,65536,1.6755015369781177,2.402891042002011
small,native-fused,Native fused AdamW,1026,200,3.606910713509418,65536,3.361932951986091,4.154948499999591
small,native-fused,Native fused AdamW,1026,300,3.584095183327403,65536,5.042208488972392,5.90132545799861
small,native-fused,Native fused AdamW,1026,400,3.558595982116746,65536,6.738859774930461,7.664504917003796
small,native-fused,Native fused AdamW,1026,500,3.5336872080954174,65536,8.436779935967934,9.428396374998556
small,native-fused,Native fused AdamW,1026,600,3.4889763624026604,65536,10.121789890959917,11.17839662500046
small,native-fused,Native fused AdamW,1026,700,3.4256882624822578,65536,11.810520721948706,12.932763832999626
small,native-fused,Native fused AdamW,1026,800,3.3068026645846627,65536,13.52594388993748,14.713614708001842
small,native-fused,Native fused AdamW,1026,900,3.150022656621017,65536,15.204063262928685,16.45666687499761
small,native-fused,Native fused AdamW,1026,1000,3.0433244964132,65536,16.88153030393005,18.19934029199794
small,native-fused,Native fused AdamW,1026,1100,2.9494007184358093,65536,18.555532008926093,19.938816750000115
small,native-fused,Native fused AdamW,1026,1200,2.867569492095041,65536,20.266039261994592,21.716163167002378
small,native-fused,Native fused AdamW,1026,1300,2.80273057086723,65536,21.965779259000556,23.48163329200179
small,native-fused,Native fused AdamW,1026,1400,2.746724404490383,65536,23.64210642506805,25.22322662499937
small,native-fused,Native fused AdamW,1026,1500,2.706858078970744,65536,25.332997511060967,26.98621633300354
small,native-fused,Native fused AdamW,1026,1600,2.6665816178244603,65536,27.167857219035795,28.886222250002902
small,native-fused,Native fused AdamW,1026,1700,2.6295547527428558,65536,28.837147969061334,30.621188582998002
small,native-fused,Native fused AdamW,1026,1800,2.5963034012978112,65536,30.522024551064533,32.371071207999194
small,native-fused,Native fused AdamW,1026,1900,2.5730904407074835,65536,32.21121171709092,34.125190500002645
small,native-fused,Native fused AdamW,1026,2000,2.558538327559667,65536,33.86682050504896,35.8452100420036
small,native-bucket,Cotangent native + bucketed norms,1074,100,3.6900901440970464,65536,1.3856782459843089,2.0878056670044316
small,native-bucket,Cotangent native + bucketed norms,1074,200,3.6200793498435733,65536,2.757814952987246,3.5277662919979775
small,native-bucket,Cotangent native + bucketed norms,1074,300,3.570322952382213,65536,4.291649126993434,5.130907124999794
small,native-bucket,Cotangent native + bucketed norms,1074,400,3.5538168529721608,65536,5.685751925011573,6.589538874999562
small,native-bucket,Cotangent native + bucketed norms,1074,500,3.532605791935708,65536,7.043158971013327,8.01159537499916
small,native-bucket,Cotangent native + bucketed norms,1074,600,3.474108096772438,65536,8.404774060007185,9.43793433400424
small,native-bucket,Cotangent native + bucketed norms,1074,700,3.3855183392137254,65536,9.785180476981623,10.883348333998583
small,native-bucket,Cotangent native + bucketed norms,1074,800,3.2122358972202742,65536,11.168382479969296,12.331527916998311
small,native-bucket,Cotangent native + bucketed norms,1074,900,3.0740992170689525,65536,12.549334230992827,13.778533417003928
small,native-bucket,Cotangent native + bucketed norms,1074,1000,2.994690398612334,65536,13.92943823296082,15.223816666999483
small,native-bucket,Cotangent native + bucketed norms,1074,1100,2.914232937439911,65536,15.312201148997701,16.67232574999798
small,native-bucket,Cotangent native + bucketed norms,1074,1200,2.849617754891957,65536,16.688780730008148,18.114341708998836
small,native-bucket,Cotangent native + bucketed norms,1074,1300,2.8041847540482268,65536,18.0703433089584,19.561484334000852
small,native-bucket,Cotangent native + bucketed norms,1074,1400,2.7473564192344724,65536,19.448414559970843,21.00633420899976
small,native-bucket,Cotangent native + bucketed norms,1074,1500,2.7126206855298305,65536,20.83590318496863,22.459326959004102
small,native-bucket,Cotangent native + bucketed norms,1074,1600,2.6718920551221395,65536,22.22245097692212,23.91193637499964
small,native-bucket,Cotangent native + bucketed norms,1074,1700,2.6435985012980954,65536,23.596646602913097,25.351665041998785
small,native-bucket,Cotangent native + bucketed norms,1074,1800,2.6201012533858914,65536,24.980852308879548,26.800965667003766
small,native-bucket,Cotangent native + bucketed norms,1074,1900,2.593366179471677,65536,26.358857765837456,28.24478475000069
small,native-bucket,Cotangent native + bucketed norms,1074,2000,2.5815473059771556,65536,27.74569055686152,29.698099125002045
small,native-fused,Native fused AdamW,1074,100,3.6900241135080307,65536,1.7019145450103679,2.347740999997768
small,native-fused,Native fused AdamW,1074,200,3.620314106162001,65536,3.38874345801014,4.100809957999445
small,native-fused,Native fused AdamW,1074,300,3.571419589006524,65536,5.075427126059367,5.8532868749971385
small,native-fused,Native fused AdamW,1074,400,3.5499530692400456,65536,6.757706627067819,7.6011231250013225
small,native-fused,Native fused AdamW,1074,500,3.53694085112685,65536,8.444492124035605,9.353434541000752
small,native-fused,Native fused AdamW,1074,600,3.4701898375356617,65536,10.13122475003911,11.106310540999402
small,native-fused,Native fused AdamW,1074,700,3.373382060988121,65536,11.818497208019835,12.860177125003247
small,native-fused,Native fused AdamW,1074,800,3.190458862777663,65536,13.50039950099017,14.606756790999498
small,native-fused,Native fused AdamW,1074,900,3.074951520090966,65536,15.168891668981814,16.339755207998678
small,native-fused,Native fused AdamW,1074,1000,2.982532977269589,65536,16.830660877967603,18.06658791600057
small,native-fused,Native fused AdamW,1074,1100,2.91400445848824,65536,18.506004295988532,19.80690612499893
small,native-fused,Native fused AdamW,1074,1200,2.851448225364126,65536,20.183494877979683,21.549657290997857
small,native-fused,Native fused AdamW,1074,1300,2.807428325345668,65536,21.903358917035803,23.334795499999018
small,native-fused,Native fused AdamW,1074,1400,2.7510590713461025,65536,23.570936837037152,25.069224165999913
small,native-fused,Native fused AdamW,1074,1500,2.709764472906711,65536,25.338093669110094,26.911926583001332
small,native-fused,Native fused AdamW,1074,1600,2.675631490023223,65536,27.223386587167624,28.864480374999403
small,native-fused,Native fused AdamW,1074,1700,2.6512840190041898,65536,29.011364128207788,30.71920625000348
small,native-fused,Native fused AdamW,1074,1800,2.6189321636954466,65536,30.721810379203816,32.49950162500318
small,native-fused,Native fused AdamW,1074,1900,2.5946799119459554,65536,32.413393378214096,34.25588079100271
small,native-fused,Native fused AdamW,1074,2000,2.5798991747361057,65536,34.11299346318992,36.022712707999744
small,native-fused,Native fused AdamW,1033,100,3.688583586824404,65536,1.6889013750260347,2.411326999994344
small,native-fused,Native fused AdamW,1033,200,3.6275699682105773,65536,3.453784712975903,4.252560124994488
small,native-fused,Native fused AdamW,1033,300,3.5955741868570725,65536,5.2963792119626305,6.161359124998853
small,native-fused,Native fused AdamW,1033,400,3.5560810475664324,65536,6.981521050984156,7.912099958994077
small,native-fused,Native fused AdamW,1033,500,3.524915662944787,65536,8.717746842987253,9.714866541995434
small,native-fused,Native fused AdamW,1033,600,3.4730274007900785,65536,10.576163014979102,11.647868583997479
small,native-fused,Native fused AdamW,1033,700,3.3982434000445587,65536,12.339037892968918,13.477767874996061
small,native-fused,Native fused AdamW,1033,800,3.27168820358499,65536,14.049484597941046,15.253377499997441
small,native-fused,Native fused AdamW,1033,900,3.159474984346172,65536,15.726367261915584,17.00578562499868
small,native-fused,Native fused AdamW,1033,1000,3.019786929318285,65536,17.420146062904678,18.764754916999664
small,native-fused,Native fused AdamW,1033,1100,2.951099665175731,65536,19.176357321928663,20.587689374995534
small,native-fused,Native fused AdamW,1033,1200,2.8916293543772533,65536,20.908369240940374,22.386015791998943
small,native-fused,Native fused AdamW,1033,1300,2.833420676058758,65536,22.634719410976686,24.178370916997665
small,native-fused,Native fused AdamW,1033,1400,2.783093161835087,65536,24.35546595195774,25.964998541996465
small,native-fused,Native fused AdamW,1033,1500,2.7530434877886254,65536,26.231053704985243,27.907607666995318
small,native-fused,Native fused AdamW,1033,1600,2.7069118987915486,65536,27.925671453995164,29.667635291996703
small,native-fused,Native fused AdamW,1033,1700,2.6768372442650485,65536,29.597172991045227,31.403699958995276
small,native-fused,Native fused AdamW,1033,1800,2.6519158510167125,65536,31.267067772983864,33.13858683400031
small,native-fused,Native fused AdamW,1033,1900,2.634487575258276,65536,33.03232043596654,34.97370554199733
small,native-fused,Native fused AdamW,1033,2000,2.6189957112849407,65536,34.71157522193971,36.71753954199812
small,native-bucket,Cotangent native + bucketed norms,1033,100,3.6887259132169086,65536,1.3809710100103985,2.187833625001076
small,native-bucket,Cotangent native + bucketed norms,1033,200,3.6277498728122954,65536,2.7216614310164005,3.5925710840019747
small,native-bucket,Cotangent native + bucketed norms,1033,300,3.5931556593314826,65536,4.069721515996207,5.004506083998422
small,native-bucket,Cotangent native + bucketed norms,1033,400,3.5625833031367593,65536,5.419097014004365,6.418011166999349
small,native-bucket,Cotangent native + bucketed norms,1033,500,3.5324762675017767,65536,6.76713113598089,7.830383250002342
small,native-bucket,Cotangent native + bucketed norms,1033,600,3.4795734366939657,65536,8.13055521901697,9.262076667000656
small,native-bucket,Cotangent native + bucketed norms,1033,700,3.4074205232815866,65536,9.543139842047822,10.739291917001538
small,native-bucket,Cotangent native + bucketed norms,1033,800,3.2689443278796304,65536,10.885767348052468,12.146251209000184
small,native-bucket,Cotangent native + bucketed norms,1033,900,3.1291439735551876,65536,12.229356433010253,13.554898709000554
small,native-bucket,Cotangent native + bucketed norms,1033,1000,3.011498182464289,65536,13.629977564007277,15.024786166999547
small,native-bucket,Cotangent native + bucketed norms,1033,1100,2.937051246216629,65536,15.076444855083537,16.536053875002835
small,native-bucket,Cotangent native + bucketed norms,1033,1200,2.8772760531738344,65536,16.4263830180862,17.951061416999437
small,native-bucket,Cotangent native + bucketed norms,1033,1300,2.8236695660989337,65536,17.795981427072547,19.385835250002856
small,native-bucket,Cotangent native + bucketed norms,1033,1400,2.7780624865657835,65536,19.164732546079904,20.82183066700236
small,native-bucket,Cotangent native + bucketed norms,1033,1500,2.7435043625693627,65536,20.54069337904366,22.263244458998088
small,native-bucket,Cotangent native + bucketed norms,1033,1600,2.706128829535423,65536,21.912959750050504,23.700824041996384
small,native-bucket,Cotangent native + bucketed norms,1033,1700,2.667670966683941,65536,23.283380458022293,25.136410500002967
small,native-bucket,Cotangent native + bucketed norms,1033,1800,2.650364137549303,65536,24.657628708017,26.575644333999662
small,native-bucket,Cotangent native + bucketed norms,1033,1900,2.6306393828283534,65536,26.029322878042876,28.012103000000934
small,native-bucket,Cotangent native + bucketed norms,1033,2000,2.614986204502966,65536,27.399642582000524,29.447357749995717
small,native-fused,Native fused AdamW,1049,100,3.7051890922066546,65536,1.6843930830000318,2.3220809170015855
small,native-fused,Native fused AdamW,1049,200,3.617268454648956,65536,3.3503175470104907,4.052870667001116
small,native-fused,Native fused AdamW,1049,300,3.5959986077926547,65536,5.046489009997458,5.814721167000243
small,native-fused,Native fused AdamW,1049,400,3.564966681708079,65536,6.721188799965603,7.553480916998524
small,native-fused,Native fused AdamW,1049,500,3.524331599113541,65536,8.391258344963717,9.290056833997369
small,native-fused,Native fused AdamW,1049,600,3.491028276661189,65536,10.058515388962405,11.022025583995855
small,native-fused,Native fused AdamW,1049,700,3.4139510270023177,65536,11.739142388913024,12.767854874997283
small,native-fused,Native fused AdamW,1049,800,3.232649582193833,65536,13.418510512914509,14.512742209000862
small,native-fused,Native fused AdamW,1049,900,3.0820126117874405,65536,15.102279848950275,16.262396749996697
small,native-fused,Native fused AdamW,1049,1000,2.991982440408716,65536,16.770676391948655,17.99622570900101
small,native-fused,Native fused AdamW,1049,1100,2.917666436702941,65536,18.446609138954955,19.737689875000797
small,native-fused,Native fused AdamW,1049,1200,2.84043645032673,65536,20.11689379993186,21.473500708998472
small,native-fused,Native fused AdamW,1049,1300,2.8060302998746356,65536,21.774650387989823,23.195636625001498
small,native-fused,Native fused AdamW,1049,1400,2.7480434791757533,65536,23.430744640027115,24.91625695899711
small,native-fused,Native fused AdamW,1049,1500,2.689477437032139,65536,25.079240518018196,26.629370750000817
small,native-fused,Native fused AdamW,1049,1600,2.6521277712637805,65536,26.73643556598836,28.351500083997962
small,native-fused,Native fused AdamW,1049,1700,2.61719347821426,65536,28.38067252395558,30.060512666997965
small,native-fused,Native fused AdamW,1049,1800,2.5883150866370412,65536,30.029759483957605,31.774418374996458
small,native-fused,Native fused AdamW,1049,1900,2.5703628334860045,65536,31.680955986979825,33.49014466699737
small,native-fused,Native fused AdamW,1049,2000,2.5485241486375165,65536,33.32654448899848,35.19965316700109
small,native-bucket,Cotangent native + bucketed norms,1049,100,3.705131639252351,65536,1.3766019579779822,2.209228666994022
small,native-bucket,Cotangent native + bucketed norms,1049,200,3.6172744525439047,65536,2.8079223319800803,3.709708041998965
small,native-bucket,Cotangent native + bucketed norms,1049,300,3.5971260293114704,65536,4.263079912030662,5.236211249997723
small,native-bucket,Cotangent native + bucketed norms,1049,400,3.558407177412846,65536,5.85733341507148,6.937450874997012
small,native-bucket,Cotangent native + bucketed norms,1049,500,3.5263940043137723,65536,7.362887914074236,8.51151766700059
small,native-bucket,Cotangent native + bucketed norms,1049,600,3.4845388875429295,65536,8.792809831065824,10.010047124997072
small,native-bucket,Cotangent native + bucketed norms,1049,700,3.4202400993279847,65536,10.248066085085156,11.533938959000807
small,native-bucket,Cotangent native + bucketed norms,1049,800,3.231736117841607,65536,11.699687795065984,13.054710999997042
small,native-bucket,Cotangent native + bucketed norms,1049,900,3.080722946135367,65536,13.141081299130747,14.565008291996492
small,native-bucket,Cotangent native + bucketed norms,1049,1000,2.995150624186043,65536,14.583961600117618,16.077681333998044
small,native-bucket,Cotangent native + bucketed norms,1049,1100,2.9139330964370473,65536,16.03129305618495,17.59516695899947
small,native-bucket,Cotangent native + bucketed norms,1049,1200,2.849737605301777,65536,17.497573772190663,19.13060654199944
small,native-bucket,Cotangent native + bucketed norms,1049,1300,2.798666287610956,65536,18.94086810618319,20.643361083995842
small,native-bucket,Cotangent native + bucketed norms,1049,1400,2.7437490240135887,65536,20.384171946163406,22.15619679199881
small,native-bucket,Cotangent native + bucketed norms,1049,1500,2.691969164673502,65536,21.8536221161703,23.696908792000613
small,native-bucket,Cotangent native + bucketed norms,1049,1600,2.645972372453497,65536,23.312788618153718,25.225046499996097
small,native-bucket,Cotangent native + bucketed norms,1049,1700,2.6181604614176517,65536,24.758426039152255,26.739141749996634
small,native-bucket,Cotangent native + bucketed norms,1049,1800,2.589495054230153,65536,26.206674246197508,28.267680249999103
small,native-bucket,Cotangent native + bucketed norms,1049,1900,2.566334505352676,65536,27.59341620322084,29.719362833995547
small,native-bucket,Cotangent native + bucketed norms,1049,2000,2.551260123889852,65536,28.961736161247245,31.152341458997398
small,native-fused,Native fused AdamW,1071,100,3.6700438355635616,65536,1.7066994149790844,2.4376244579980266
small,native-fused,Native fused AdamW,1071,200,3.6230848219098104,65536,3.3716590770200128,4.169201500000781
small,native-fused,Native fused AdamW,1071,300,3.5889241336961604,65536,5.036689073996968,5.898528582998551
small,native-fused,Native fused AdamW,1071,400,3.5431855841753412,65536,6.699285495997174,7.625961040997936
small,native-fused,Native fused AdamW,1071,500,3.527340134620747,65536,8.364060837964644,9.355861666001147
small,native-fused,Native fused AdamW,1071,600,3.4771775248869647,65536,10.00690408693481,11.063164457998937
small,native-fused,Native fused AdamW,1071,700,3.409139436132382,65536,11.646432420893689,12.767276040998695
small,native-fused,Native fused AdamW,1071,800,3.252595850569094,65536,13.287578333867714,14.472757249997812
small,native-fused,Native fused AdamW,1071,900,3.0892839200278477,65536,14.948961712885648,16.19906600000104
small,native-fused,Native fused AdamW,1071,1000,2.9800250993824187,65536,16.610168499937572,17.925646333002078
small,native-fused,Native fused AdamW,1071,1100,2.9014315646822153,65536,18.279081668944855,19.65924320799968
small,native-fused,Native fused AdamW,1071,1200,2.8198431294743447,65536,19.94638549596857,21.39226808300009
small,native-fused,Native fused AdamW,1071,1300,2.772430586821353,65536,21.613860831974307,23.124895082997682
small,native-fused,Native fused AdamW,1071,1400,2.710905663786511,65536,23.282721751027566,24.85902545799763
small,native-fused,Native fused AdamW,1071,1500,2.6586687874240456,65536,24.951375967015338,26.592608541002846
small,native-fused,Native fused AdamW,1071,1600,2.6306499812592126,65536,26.620560050025233,28.3315774579969
small,native-fused,Native fused AdamW,1071,1700,2.5901564672586246,65536,28.291691088066727,30.068134708002617
small,native-fused,Native fused AdamW,1071,1800,2.5644958925768804,65536,29.96296558605536,31.804273749999993
small,native-fused,Native fused AdamW,1071,1900,2.5383385997526973,65536,31.633694424119312,33.54002508299891
small,native-fused,Native fused AdamW,1071,2000,2.5283068571023275,65536,33.30384629609034,35.27542033299687
small,native-bucket,Cotangent native + bucketed norms,1071,100,3.6699278547633862,65536,1.3714402849800535,2.031404458997713
small,native-bucket,Cotangent native + bucketed norms,1071,200,3.622767997620174,65536,2.739311329991324,3.463833624999097
small,native-bucket,Cotangent native + bucketed norms,1071,300,3.5878551647808066,65536,4.10809683395928,4.897228166999412
small,native-bucket,Cotangent native + bucketed norms,1071,400,3.5420229384598456,65536,5.47921612594655,6.332892958998855
small,native-bucket,Cotangent native + bucketed norms,1071,500,3.52575988278221,65536,6.848322412952257,7.7668992090038955
small,native-bucket,Cotangent native + bucketed norms,1071,600,3.478299485956615,65536,8.217318372931913,9.199738959003298
small,native-bucket,Cotangent native + bucketed norms,1071,700,3.3838735401365363,65536,9.586694747922593,10.633678584003064
small,native-bucket,Cotangent native + bucketed norms,1071,800,3.269900508422765,65536,10.957995498967648,12.068774209001276
small,native-bucket,Cotangent native + bucketed norms,1071,900,3.135675616660981,65536,12.313179416916682,13.490604375001567
small,native-bucket,Cotangent native + bucketed norms,1071,1000,3.0110442450062522,65536,13.681430546923366,14.923686875001295
small,native-bucket,Cotangent native + bucketed norms,1071,1100,2.922482112160835,65536,15.044103008927777,16.351183625003614
small,native-bucket,Cotangent native + bucketed norms,1071,1200,2.867576059682521,65536,16.411557508930855,17.782873000003747
small,native-bucket,Cotangent native + bucketed norms,1071,1300,2.810808520735846,65536,17.78315355489758,19.21937504199741
small,native-bucket,Cotangent native + bucketed norms,1071,1400,2.7618827618569486,65536,19.15374864291516,20.654527334001614
small,native-bucket,Cotangent native + bucketed norms,1071,1500,2.7228736838605356,65536,20.519811392943666,22.084908791999624
small,native-bucket,Cotangent native + bucketed norms,1071,1600,2.691571879375551,65536,21.8875013939396,23.516927459000726
small,native-bucket,Cotangent native + bucketed norms,1071,1700,2.6579366626537806,65536,23.24958272994263,24.942986667003424
small,native-bucket,Cotangent native + bucketed norms,1071,1800,2.6280941847059456,65536,24.61667735692754,26.375018584003556
small,native-bucket,Cotangent native + bucketed norms,1071,1900,2.608179201049768,65536,25.98160827496031,27.804166417001397
small,native-bucket,Cotangent native + bucketed norms,1071,2000,2.5889546901156,65536,27.34463544396567,29.23126174999925
small,native-bucket,Cotangent native + bucketed norms,1094,100,3.695813791211255,65536,1.3460073340174858,2.1115102499970817
small,native-bucket,Cotangent native + bucketed norms,1094,200,3.608117042818232,65536,2.6968060430008336,3.526423249997606
small,native-bucket,Cotangent native + bucketed norms,1094,300,3.5914872341376314,65536,4.034574752928165,4.928142291995755
small,native-bucket,Cotangent native + bucketed norms,1094,400,3.5616018303950323,65536,5.376302374970692,6.334002374998818
small,native-bucket,Cotangent native + bucketed norms,1094,500,3.533597744870222,65536,6.729149670944025,7.752717457995459
small,native-bucket,Cotangent native + bucketed norms,1094,600,3.504774731706581,65536,8.086946717892715,9.17503054199915
small,native-bucket,Cotangent native + bucketed norms,1094,700,3.424559217877175,65536,9.449178550923534,10.602064957995026
small,native-bucket,Cotangent native + bucketed norms,1094,800,3.314699624211077,65536,10.811002676913631,12.02859520799393
small,native-bucket,Cotangent native + bucketed norms,1094,900,3.2083913432983087,65536,12.227966797872796,13.51890433299559
small,native-bucket,Cotangent native + bucketed norms,1094,1000,3.10261423080273,65536,13.771525217860471,15.13334454199503
small,native-bucket,Cotangent native + bucketed norms,1094,1100,2.9947877837883854,65536,15.199111554815318,16.63769629199669
small,native-bucket,Cotangent native + bucketed norms,1094,1200,2.9301977913243245,65536,16.59437081280339,18.099088082999515
small,native-bucket,Cotangent native + bucketed norms,1094,1300,2.8586847339900223,65536,18.080579186818795,19.65101437499834
small,native-bucket,Cotangent native + bucketed norms,1094,1400,2.799328162842801,65536,19.501946896758454,21.138556499994593
small,native-bucket,Cotangent native + bucketed norms,1094,1500,2.749842057615103,65536,20.871022395753243,22.571664874994894
small,native-bucket,Cotangent native + bucketed norms,1094,1600,2.713871714204496,65536,22.236410437719314,24.00200779199804
small,native-bucket,Cotangent native + bucketed norms,1094,1700,2.68529520592412,65536,23.601968392722483,25.43221262499719
small,native-bucket,Cotangent native + bucketed norms,1094,1800,2.6569765533819654,65536,24.967844687693287,26.862601582994103
small,native-bucket,Cotangent native + bucketed norms,1094,1900,2.6319173966558305,65536,26.335714979664772,28.295188124997367
small,native-bucket,Cotangent native + bucketed norms,1094,2000,2.611871394466443,65536,27.701947562709393,29.726580332993763
small,native-fused,Native fused AdamW,1094,100,3.6957548011620087,65536,1.667152047069976,2.3986838749988237
small,native-fused,Native fused AdamW,1094,200,3.608200948854022,65536,3.3331837510413607,4.129562000001897
small,native-fused,Native fused AdamW,1094,300,3.5941983793947485,65536,5.017802956062951,5.880883665995498
small,native-fused,Native fused AdamW,1094,400,3.5600138393372065,65536,6.688916995030013,7.616561916001956
small,native-fused,Native fused AdamW,1094,500,3.53226377218772,65536,8.35005024203565,9.342667457996868
small,native-fused,Native fused AdamW,1094,600,3.502903173504229,65536,10.023384037034702,11.081348790998163
small,native-fused,Native fused AdamW,1094,700,3.4283011626500692,65536,11.727930705033941,12.851638457999798
small,native-fused,Native fused AdamW,1094,800,3.3293692928752163,65536,13.410179701008019,14.599090540999896
small,native-fused,Native fused AdamW,1094,900,3.1722966241843804,65536,15.08416503299668,16.33818395799608
small,native-fused,Native fused AdamW,1094,1000,3.043913348886381,65536,16.769491488965286,18.089099625001836
small,native-fused,Native fused AdamW,1094,1100,2.945351677141968,65536,18.453635360965563,19.83900999999605
small,native-fused,Native fused AdamW,1094,1200,2.8885857236603556,65536,20.138365108941798,21.588655207997363
small,native-fused,Native fused AdamW,1094,1300,2.8309063703200112,65536,21.82630411091668,23.34264720799547
small,native-fused,Native fused AdamW,1094,1400,2.7655973398905247,65536,23.51326770191372,25.095337541002664
small,native-fused,Native fused AdamW,1094,1500,2.713176339976937,65536,25.18593528891506,26.832762833000743
small,native-fused,Native fused AdamW,1094,1600,2.677231122156729,65536,26.84460124994075,28.556370624995907
small,native-fused,Native fused AdamW,1094,1700,2.6493750062051546,65536,28.50518241694226,30.28150320799614
small,native-fused,Native fused AdamW,1094,1800,2.6209884581371146,65536,30.1438880359201,31.983764750002592
small,native-fused,Native fused AdamW,1094,1900,2.5949558581092647,65536,31.783055159889045,33.68735208299768
small,native-fused,Native fused AdamW,1094,2000,2.5779539219678593,65536,33.460417163893,35.43047074999777
small,native-bucket,Cotangent native + bucketed norms,1078,100,3.6932873660700802,65536,1.4804635839900584,2.16840066700388
small,native-bucket,Cotangent native + bucketed norms,1078,200,3.6233977765898024,65536,3.0046919590458856,3.7585166670032777
small,native-bucket,Cotangent native + bucketed norms,1078,300,3.586347102659969,65536,4.385982788029651,5.2060046670012525
small,native-bucket,Cotangent native + bucketed norms,1078,400,3.552218005509499,65536,5.783698120081681,6.6692627080046805
small,native-bucket,Cotangent native + bucketed norms,1078,500,3.5245742343871616,65536,7.171168405053322,8.122144291999575
small,native-bucket,Cotangent native + bucketed norms,1078,600,3.4959303411543945,65536,8.555391780049831,9.571212208000361
small,native-bucket,Cotangent native + bucketed norms,1078,700,3.38361221249855,65536,9.93608211605897,11.025849707999441
small,native-bucket,Cotangent native + bucketed norms,1078,800,3.194023095727638,65536,11.31824003606016,12.473549250003998
small,native-bucket,Cotangent native + bucketed norms,1078,900,3.0709076758978555,65536,12.68379245205142,13.903787957999157
small,native-bucket,Cotangent native + bucketed norms,1078,1000,2.9828145182435097,65536,14.050634075036214,15.335338167002192
small,native-bucket,Cotangent native + bucketed norms,1078,1100,2.9198632893404843,65536,15.423912778031081,16.77733291700133
small,native-bucket,Cotangent native + bucketed norms,1078,1200,2.8579241084698346,65536,16.934894447033003,18.35874700000568
small,native-bucket,Cotangent native + bucketed norms,1078,1300,2.8063753669402183,65536,18.354927488981048,19.844558708005934
small,native-bucket,Cotangent native + bucketed norms,1078,1400,2.7542912004228035,65536,19.763888617009798,21.320989833002386
small,native-bucket,Cotangent native + bucketed norms,1078,1500,2.7104443418234028,65536,21.145154198005912,22.768167292000726
small,native-bucket,Cotangent native + bucketed norms,1078,1600,2.6722585555255858,65536,22.55292491102591,24.241372667005635
small,native-bucket,Cotangent native + bucketed norms,1078,1700,2.640963399244949,65536,23.92651266100438,25.680239500004973
small,native-bucket,Cotangent native + bucketed norms,1078,1800,2.617143624743341,65536,25.304354161991796,27.125322167004924
small,native-bucket,Cotangent native + bucketed norms,1078,1900,2.58977610612841,65536,26.725396706991887,28.612269167002523
small,native-bucket,Cotangent native + bucketed norms,1078,2000,2.575220623195528,65536,28.151821706989722,30.10922208300326
small,native-fused,Native fused AdamW,1078,100,3.693286334174175,65536,1.6932258709712187,2.3660048750025453
small,native-fused,Native fused AdamW,1078,200,3.6236237832908675,65536,3.3737408359957044,4.111083875002805
small,native-fused,Native fused AdamW,1078,300,3.5894298056853597,65536,5.038968710054178,5.840763750005863
small,native-fused,Native fused AdamW,1078,400,3.561831126264295,65536,6.710246956114133,7.576372834002541
small,native-fused,Native fused AdamW,1078,500,3.522965250697015,65536,8.402351538141374,9.336266334001266
small,native-fused,Native fused AdamW,1078,600,3.470495343217088,65536,10.102954791094817,11.102105000005395
small,native-fused,Native fused AdamW,1078,700,3.3812659069374074,65536,11.79764708012226,12.86245016700559
small,native-fused,Native fused AdamW,1078,800,3.186436532539284,65536,13.48739587005548,14.61761920900608
small,native-fused,Native fused AdamW,1078,900,3.0590137964697264,65536,15.162695665087085,16.362722875004692
small,native-fused,Native fused AdamW,1078,1000,2.97473065647127,65536,16.85352911910013,18.118217041999742
small,native-fused,Native fused AdamW,1078,1100,2.9126168809632476,65536,18.572642618128157,19.90379925000161
small,native-fused,Native fused AdamW,1078,1200,2.843011482064605,65536,20.22721695612563,21.622710250005184
small,native-fused,Native fused AdamW,1078,1300,2.7970496829395923,65536,21.87129149914108,23.330635917001928
small,native-fused,Native fused AdamW,1078,1400,2.736002312730534,65536,23.528169745142804,25.052420625004743
small,native-fused,Native fused AdamW,1078,1500,2.704276098058883,65536,25.213759117112204,26.803614875003404
small,native-fused,Native fused AdamW,1078,1600,2.6584698679904917,65536,26.90560858009121,28.560555334006494
small,native-fused,Native fused AdamW,1078,1700,2.6258201709772013,65536,28.60585303008702,30.328289709003002
small,native-fused,Native fused AdamW,1078,1800,2.5982196319937243,65536,30.32584619307454,32.116140500002075
small,native-fused,Native fused AdamW,1078,1900,2.5710345224778646,65536,32.00711990603304,33.868765667000844
small,native-fused,Native fused AdamW,1078,2000,2.5580577166673732,65536,33.72169624500384,35.6498415840033
small,native-fused,Native fused AdamW,1021,100,3.700101028476541,65536,1.678382866026368,2.3153154169995105
small,native-fused,Native fused AdamW,1021,200,3.6184406239037425,65536,3.3585870720125968,4.059966250002617
small,native-fused,Native fused AdamW,1021,300,3.5810016561439237,65536,5.022484569046355,5.78891704200214
small,native-fused,Native fused AdamW,1021,400,3.5691438823235604,65536,6.703615522041218,7.536417499999516
small,native-fused,Native fused AdamW,1021,500,3.5350070782005485,65536,8.391262484059553,9.289202749998367
small,native-fused,Native fused AdamW,1021,600,3.4860190884743276,65536,10.074987649088143,11.03863758299849
small,native-fused,Native fused AdamW,1021,700,3.3951328465786443,65536,11.768223940023745,12.79756970800372
small,native-fused,Native fused AdamW,1021,800,3.1877225220621948,65536,13.459820270021737,14.556647875004273
small,native-fused,Native fused AdamW,1021,900,3.056118565282692,65536,15.166195977952157,16.329034833004698
small,native-fused,Native fused AdamW,1021,1000,2.955370413604366,65536,16.89543872894137,18.128716667000845
small,native-fused,Native fused AdamW,1021,1100,2.8704041907634297,65536,18.61620484994637,19.917782875003468
small,native-fused,Native fused AdamW,1021,1200,2.80556976795683,65536,20.286678093951195,21.65356262500427
small,native-fused,Native fused AdamW,1021,1300,2.7533712490999647,65536,21.956121801958943,23.394839250002406
small,native-fused,Native fused AdamW,1021,1400,2.6856880841666424,65536,23.624068429940962,25.12865329199849
small,native-fused,Native fused AdamW,1021,1500,2.640735441615688,65536,25.29296854694985,26.862880500004394
small,native-fused,Native fused AdamW,1021,1600,2.6001057012322426,65536,26.986409218996414,28.622162167004717
small,native-fused,Native fused AdamW,1021,1700,2.5666339862668646,65536,28.795121135030058,30.49720750000415
small,native-fused,Native fused AdamW,1021,1800,2.5472215735377133,65536,30.485336424972047,32.25374583300436
small,native-fused,Native fused AdamW,1021,1900,2.529175584467498,65536,32.18020658597379,34.01595420800004
small,native-fused,Native fused AdamW,1021,2000,2.511414436288317,65536,33.859114506944024,35.75903966699843
small,native-bucket,Cotangent native + bucketed norms,1021,100,3.699943664351002,65536,1.4827845789477578,2.3122613329978776
small,native-bucket,Cotangent native + bucketed norms,1021,200,3.6191797515925725,65536,2.9706852429080755,3.878485041001113
small,native-bucket,Cotangent native + bucketed norms,1021,300,3.5839735270997486,65536,4.569732160925923,5.548548375001701
small,native-bucket,Cotangent native + bucketed norms,1021,400,3.5685384281501134,65536,6.005043037876021,7.052787665998039
small,native-bucket,Cotangent native + bucketed norms,1021,500,3.5351844138114195,65536,7.529154333860788,8.648303207999561
small,native-bucket,Cotangent native + bucketed norms,1021,600,3.483360225943073,65536,9.033384669863153,10.224764624996169
small,native-bucket,Cotangent native + bucketed norms,1021,700,3.3946907221789386,65536,10.5157512978476,11.780140791001031
small,native-bucket,Cotangent native + bucketed norms,1021,800,3.183184813563758,65536,12.003853004833218,13.336043915995106
small,native-bucket,Cotangent native + bucketed norms,1021,900,3.0539671214394346,65536,13.508877373838914,14.911104416001763
small,native-bucket,Cotangent native + bucketed norms,1021,1000,2.9455167697378806,65536,14.969744293841359,16.44525837499532
small,native-bucket,Cotangent native + bucketed norms,1021,1100,2.865126946117367,65536,16.506157294861623,18.055712041001243
small,native-bucket,Cotangent native + bucketed norms,1021,1200,2.803993423349142,65536,17.99921862984047,19.625782957999036
small,native-bucket,Cotangent native + bucketed norms,1021,1300,2.738820753663958,65536,19.6070267158575,21.30896904099791
small,native-bucket,Cotangent native + bucketed norms,1021,1400,2.6754915230177096,65536,21.124738341837656,22.895081124996068
small,native-bucket,Cotangent native + bucketed norms,1021,1500,2.6261575203213265,65536,22.590003300792887,24.432150874999934
small,native-bucket,Cotangent native + bucketed norms,1021,1600,2.5892889867676723,65536,24.08422442679148,25.999162540996622
small,native-bucket,Cotangent native + bucketed norms,1021,1700,2.5525505473404806,65536,25.566520970816782,27.55038812499697
small,native-bucket,Cotangent native + bucketed norms,1021,1800,2.5362896736927274,65536,27.04327651779022,29.096239332997357
small,native-bucket,Cotangent native + bucketed norms,1021,1900,2.5161647045943045,65536,28.48366130679642,30.607614374996047
small,native-bucket,Cotangent native + bucketed norms,1021,2000,2.503143892723023,65536,29.936345263806288,32.12965066600009
small,native-bucket,Cotangent native + bucketed norms,1054,100,3.6976299602511133,65536,1.5585552070115227,2.2738565420004306
small,native-bucket,Cotangent native + bucketed norms,1054,200,3.6056592172569206,65536,3.2270268280044547,4.015629167006409
small,native-bucket,Cotangent native + bucketed norms,1054,300,3.5864918798052488,65536,4.74956853902404,5.61113800000021
small,native-bucket,Cotangent native + bucketed norms,1054,400,3.556198941673599,65536,6.285609791055322,7.2143739580060355
small,native-bucket,Cotangent native + bucketed norms,1054,500,3.528399010304278,65536,7.719250292015204,8.716509750003752
small,native-bucket,Cotangent native + bucketed norms,1054,600,3.4867137371500783,65536,9.136772298021242,10.201849375000165
small,native-bucket,Cotangent native + bucketed norms,1054,700,3.3934736009587825,65536,10.552443540073,11.685114625004644
small,native-bucket,Cotangent native + bucketed norms,1054,800,3.2663104135816665,65536,12.15307403208135,13.35408683300193
small,native-bucket,Cotangent native + bucketed norms,1054,900,3.126341129298414,65536,13.665975818090374,14.937484792004398
small,native-bucket,Cotangent native + bucketed norms,1054,1000,3.0299480727900554,65536,15.078654229022504,16.418539708000026
small,native-bucket,Cotangent native + bucketed norms,1054,1100,2.9425456834529,65536,16.487579942047887,17.89562420800212
small,native-bucket,Cotangent native + bucketed norms,1054,1200,2.88507788489649,65536,17.953751524044492,19.43763433300046
small,native-bucket,Cotangent native + bucketed norms,1054,1300,2.826527944628563,65536,19.496621020043676,21.049584458000027
small,native-bucket,Cotangent native + bucketed norms,1054,1400,2.7862488876191427,65536,20.905600688063714,22.526852958006202
small,native-bucket,Cotangent native + bucketed norms,1054,1500,2.7442747642283605,65536,22.311951897056133,24.001834833004978
small,native-bucket,Cotangent native + bucketed norms,1054,1600,2.7136324218436516,65536,23.710044064071553,25.468535708001582
small,native-bucket,Cotangent native + bucketed norms,1054,1700,2.67601276481127,65536,25.12549840100837,26.95209666700248
small,native-bucket,Cotangent native + bucketed norms,1054,1800,2.648212919433275,65536,26.542866859985224,28.43739458300115
small,native-bucket,Cotangent native + bucketed norms,1054,1900,2.6240869566940948,65536,27.98217114896397,29.945651875001204
small,native-bucket,Cotangent native + bucketed norms,1054,2000,2.6073195350205145,65536,29.421452941918687,31.453930333002063
small,native-fused,Native fused AdamW,1054,100,3.6975532452399125,65536,1.7519915820594179,2.509790833995794
small,native-fused,Native fused AdamW,1054,200,3.6056952046266133,65536,3.500831715078675,4.326358499994967
small,native-fused,Native fused AdamW,1054,300,3.5792444771533116,65536,5.241401627121377,6.135567749995971
small,native-fused,Native fused AdamW,1054,400,3.560369091000395,65536,6.985779960115906,7.949268124997616
small,native-fused,Native fused AdamW,1054,500,3.5262602555559797,65536,8.695625384112645,9.727947542000038
small,native-fused,Native fused AdamW,1054,600,3.485669770212594,65536,10.445397258161393,11.54714279199834
small,native-fused,Native fused AdamW,1054,700,3.3963600287838758,65536,12.182526963180862,13.355396999999357
small,native-fused,Native fused AdamW,1054,800,3.2722858970413164,65536,13.979932628164534,15.223344375001034
small,native-fused,Native fused AdamW,1054,900,3.137033935637495,65536,15.69770054719993,17.013333999995666
small,native-fused,Native fused AdamW,1054,1000,3.0425572656843274,65536,17.460005303219077,18.844907916995
small,native-fused,Native fused AdamW,1054,1100,2.945837130420775,65536,19.17891242422047,20.63253262500075
small,native-fused,Native fused AdamW,1054,1200,2.887630489021801,65536,20.896871842211112,22.42173741699662
small,native-fused,Native fused AdamW,1054,1300,2.825653246240732,65536,22.620765719213523,24.2157533339996
small,native-fused,Native fused AdamW,1054,1400,2.7789964329768364,65536,24.330813141226827,25.99691124999663
small,native-fused,Native fused AdamW,1054,1500,2.739356307638745,65536,26.044441350190027,27.778016500000376
small,native-fused,Native fused AdamW,1054,1600,2.7086633539845617,65536,27.770120852146647,29.572137999995903
small,native-fused,Native fused AdamW,1054,1700,2.6702748753837873,65536,29.486645724122354,31.35944629200094
small,native-fused,Native fused AdamW,1054,1800,2.642442251187429,65536,31.20356744009041,33.146929458998784
small,native-fused,Native fused AdamW,1054,1900,2.6237279912805396,65536,32.91659872908349,34.92783912499726
small,native-fused,Native fused AdamW,1054,2000,2.6023861213147317,65536,34.63078239605966,36.71213283399993
small,native-bucket,Cotangent native + bucketed norms,1068,100,3.6664891906463724,65536,1.4393994570637005,2.1302887499987264
small,native-bucket,Cotangent native + bucketed norms,1068,200,3.618383031213535,65536,2.8815925860690186,3.6407460420014104
small,native-bucket,Cotangent native + bucketed norms,1068,300,3.595628565621492,65536,4.323023166034545,5.150715417003084
small,native-bucket,Cotangent native + bucketed norms,1068,400,3.5532615747371032,65536,5.746021214028588,6.643708292001975
small,native-bucket,Cotangent native + bucketed norms,1068,500,3.54186571407021,65536,7.171413255055086,8.137812667002436
small,native-bucket,Cotangent native + bucketed norms,1068,600,3.498506652013235,65536,8.610005971087958,9.64455554199958
small,native-bucket,Cotangent native + bucketed norms,1068,700,3.4194377572660466,65536,10.036611391093174,11.1403193330043
small,native-bucket,Cotangent native + bucketed norms,1068,800,3.2085171271095834,65536,11.46260993307078,12.635870208003325
small,native-bucket,Cotangent native + bucketed norms,1068,900,3.0772339018505663,65536,12.88944581207761,14.131669458001852
small,native-bucket,Cotangent native + bucketed norms,1068,1000,2.979444985777685,65536,14.310068113052694,15.621626874999492
small,native-bucket,Cotangent native + bucketed norms,1068,1100,2.8889597106835727,65536,15.729479816065577,17.109289583000646
small,native-bucket,Cotangent native + bucketed norms,1068,1200,2.831836232143106,65536,17.15215386103955,18.602631333000318
small,native-bucket,Cotangent native + bucketed norms,1068,1300,2.7650559062588616,65536,18.5802114770122,20.09867241699976
small,native-bucket,Cotangent native + bucketed norms,1068,1400,2.7044939839541526,65536,20.0472827689955,21.63555362500483
small,native-bucket,Cotangent native + bucketed norms,1068,1500,2.656357652315004,65536,21.466557938045298,23.123563833003573
small,native-bucket,Cotangent native + bucketed norms,1068,1600,2.617837924079332,65536,22.89253498004109,24.619574625001405
small,native-bucket,Cotangent native + bucketed norms,1068,1700,2.5979400258246264,65536,24.33669714804273,26.13185354199959
small,native-bucket,Cotangent native + bucketed norms,1068,1800,2.5629026560482027,65536,25.778814693025197,27.64588129200274
small,native-bucket,Cotangent native + bucketed norms,1068,1900,2.541289252348972,65536,27.229839410014392,29.16659645800246
small,native-bucket,Cotangent native + bucketed norms,1068,2000,2.5233265834986423,65536,28.657626825981424,30.663240875001065
small,native-fused,Native fused AdamW,1068,100,3.6665363246416245,65536,1.7311956210105564,2.411870417003229
small,native-fused,Native fused AdamW,1068,200,3.617746071968233,65536,3.4523853679493186,4.201863417001732
small,native-fused,Native fused AdamW,1068,300,3.5966499705849664,65536,5.192681291926419,6.013223417001427
small,native-fused,Native fused AdamW,1068,400,3.5522527782517206,65536,6.926763997886155,7.817003500000283
small,native-fused,Native fused AdamW,1068,500,3.5383779166596283,65536,8.653699160910037,9.612826750002569
small,native-fused,Native fused AdamW,1068,600,3.504590935997387,65536,10.367894116854586,11.397497582998767
small,native-fused,Native fused AdamW,1068,700,3.428426623993874,65536,12.106478072841128,13.208741624999675
small,native-fused,Native fused AdamW,1068,800,3.2082511021954456,65536,13.92506057882565,15.099520374998974
small,native-fused,Native fused AdamW,1068,900,3.0785785052106744,65536,15.674911993875867,16.916925541998353
small,native-fused,Native fused AdamW,1068,1000,2.9645459352529575,65536,17.36694595190056,18.67968845800351
small,native-fused,Native fused AdamW,1068,1100,2.8607997981281645,65536,19.083859284903156,20.46502658299869
small,native-fused,Native fused AdamW,1068,1200,2.8071497080768126,65536,20.80191296090925,22.25230754200311
small,native-fused,Native fused AdamW,1068,1300,2.743429163155273,65536,22.52073700589972,24.03980487499939
small,native-fused,Native fused AdamW,1068,1400,2.690722446314024,65536,24.229411843887647,25.816893583003548
small,native-fused,Native fused AdamW,1068,1500,2.6378301118223733,65536,25.985405426887155,27.64173416700214
small,native-fused,Native fused AdamW,1068,1600,2.598464503041806,65536,27.70780280285544,29.433716208004626
small,native-fused,Native fused AdamW,1068,1700,2.5747956056951256,65536,29.427385805851372,31.22111112499988
small,native-fused,Native fused AdamW,1068,1800,2.5453244974095397,65536,31.15635701482097,33.019021625004825
small,native-fused,Native fused AdamW,1068,1900,2.522207116177429,65536,32.945821140834596,34.88234254200506
small,native-fused,Native fused AdamW,1068,2000,2.507345649236373,65536,34.788059474863985,36.796389750001254
small,native-bucket,Cotangent native + bucketed norms,1050,100,3.6922010054091583,65536,1.4502002050357987,2.1413911249983357
small,native-bucket,Cotangent native + bucketed norms,1050,200,3.6076200559529013,65536,2.8846014540540637,3.6449831249992712
small,native-bucket,Cotangent native + bucketed norms,1050,300,3.591347766956697,65536,4.305769115038856,5.1346508329952485
small,native-bucket,Cotangent native + bucketed norms,1050,400,3.567672570745429,65536,5.788459564042569,6.702126749994932
small,native-bucket,Cotangent native + bucketed norms,1050,500,3.5354726137386026,65536,7.402131106049637,8.392369417000737
small,native-bucket,Cotangent native + bucketed norms,1050,600,3.4834959417524347,65536,9.015739811038657,10.079334207999636
small,native-bucket,Cotangent native + bucketed norms,1050,700,3.4314603012148526,65536,10.564908224027022,11.70143024999561
small,native-bucket,Cotangent native + bucketed norms,1050,800,3.223298455509795,65536,12.116486724029528,13.330937332997564
small,native-bucket,Cotangent native + bucketed norms,1050,900,3.0709706699181916,65536,13.642620056030864,14.926854999997886
small,native-bucket,Cotangent native + bucketed norms,1050,1000,2.9543581989637975,65536,15.099424146021192,16.45335662499565
small,native-bucket,Cotangent native + bucketed norms,1050,1100,2.8681404529980745,65536,16.545630856060598,17.970063207998464
small,native-bucket,Cotangent native + bucketed norms,1050,1200,2.807982018115663,65536,17.977924312064715,19.469799541999237
small,native-bucket,Cotangent native + bucketed norms,1050,1300,2.7397325089385913,65536,19.40708152204752,20.969443207999575
small,native-bucket,Cotangent native + bucketed norms,1050,1400,2.6859439406065477,65536,20.920678563037654,22.57236225000088
small,native-bucket,Cotangent native + bucketed norms,1050,1500,2.643517965047371,65536,22.480033363077382,24.206826041998283
small,native-bucket,Cotangent native + bucketed norms,1050,1600,2.60538935223205,65536,24.039378903056786,25.838699166997685
small,native-bucket,Cotangent native + bucketed norms,1050,1700,2.5688878887743734,65536,25.514913612103555,27.383556332999433
small,native-bucket,Cotangent native + bucketed norms,1050,1800,2.543095849479418,65536,26.953441908110108,28.890740124996228
small,native-bucket,Cotangent native + bucketed norms,1050,1900,2.5248703965130277,65536,28.393033370135527,30.40127479199873
small,native-bucket,Cotangent native + bucketed norms,1050,2000,2.5141292845468852,65536,29.849372868149658,31.926154957996914
small,native-fused,Native fused AdamW,1050,100,3.6919310678897133,65536,1.72897112499777,2.4016570409949054
small,native-fused,Native fused AdamW,1050,200,3.6075949894815382,65536,3.488055706016894,4.228678249994118
small,native-fused,Native fused AdamW,1050,300,3.591543440217716,65536,5.209099247047561,6.018014665998635
small,native-fused,Native fused AdamW,1050,400,3.567329486854789,65536,6.912146337075683,7.790378957994108
small,native-fused,Native fused AdamW,1050,500,3.5364371139424726,65536,8.635970097115205,9.58274241599429
small,native-fused,Native fused AdamW,1050,600,3.490003313806625,65536,10.355871352126996,11.370366332994308
small,native-fused,Native fused AdamW,1050,700,3.4326393605245897,65536,12.100960475116153,13.185861457997817
small,native-fused,Native fused AdamW,1050,800,3.224127970830569,65536,13.905726936121937,15.07261216599727
small,native-fused,Native fused AdamW,1050,900,3.0806046650672365,65536,15.751613645166799,16.987081957995542
small,native-fused,Native fused AdamW,1050,1000,2.96560194635046,65536,17.44662268517277,18.749237332995108
small,native-fused,Native fused AdamW,1050,1100,2.881802555927676,65536,19.17954122520314,20.553869874995144
small,native-fused,Native fused AdamW,1050,1200,2.816397381821899,65536,21.09004472619563,22.54047612499562
small,native-fused,Native fused AdamW,1050,1300,2.749903493042666,65536,22.917462480269023,24.44563595799991
small,native-fused,Native fused AdamW,1050,1400,2.6915114006014837,65536,24.709090684278635,26.303764415999467
small,native-fused,Native fused AdamW,1050,1500,2.654264311735449,65536,26.4922653083122,28.151770749995194
small,native-fused,Native fused AdamW,1050,1600,2.611086164678266,65536,28.250661763348035,29.992239249993872
small,native-fused,Native fused AdamW,1050,1700,2.5713899300003304,65536,30.037684595379687,31.848390082996048
small,native-fused,Native fused AdamW,1050,1800,2.5489445279808036,65536,31.731025633373065,33.60640599999897
small,native-fused,Native fused AdamW,1050,1900,2.530479137718628,65536,33.408520420402056,35.35037608299899
small,native-fused,Native fused AdamW,1050,2000,2.5170072368519656,65536,35.10917941740627,37.11641633299587
small,native-bucket,Cotangent native + bucketed norms,1014,100,3.6910062419336143,65536,1.5492012109971256,2.2883345839945832
small,native-bucket,Cotangent native + bucketed norms,1014,200,3.6193905915736146,65536,2.9894088780129096,3.794839750000392
small,native-bucket,Cotangent native + bucketed norms,1014,300,3.586596380763479,65536,4.36818075501651,5.239679499994963
small,native-bucket,Cotangent native + bucketed norms,1014,400,3.562294092811502,65536,5.734855920054542,6.671336249994056
small,native-bucket,Cotangent native + bucketed norms,1014,500,3.5188084945191545,65536,7.129931795010634,8.134620708995499
small,native-bucket,Cotangent native + bucketed norms,1014,600,3.4667796795430283,65536,8.543263497012958,9.616497291994165
small,native-bucket,Cotangent native + bucketed norms,1014,700,3.375290101010287,65536,9.94997979204345,11.092062749994511
small,native-bucket,Cotangent native + bucketed norms,1014,800,3.169200528010054,65536,11.44428979006625,12.65301758399437
small,native-bucket,Cotangent native + bucketed norms,1014,900,3.0545901877112214,65536,12.879274330029148,14.158718749997206
small,native-bucket,Cotangent native + bucketed norms,1014,1000,2.975520465297526,65536,14.276124789059395,15.624044749994937
small,native-bucket,Cotangent native + bucketed norms,1014,1100,2.905625732461096,65536,15.686499579074734,17.101260833995184
small,native-bucket,Cotangent native + bucketed norms,1014,1200,2.8476462586460802,65536,17.237900829037244,18.71858466699632
small,native-bucket,Cotangent native + bucketed norms,1014,1300,2.781127813968979,65536,18.717426745010016,20.280792958998063
small,native-bucket,Cotangent native + bucketed norms,1014,1400,2.7393884630199983,65536,20.300751703995047,21.930479208996985
small,native-bucket,Cotangent native + bucketed norms,1014,1500,2.6906313707514764,65536,21.7175268229621,23.412496874996577
small,native-bucket,Cotangent native + bucketed norms,1014,1600,2.6472121846346512,65536,23.178908524940198,24.939427916993736
small,native-bucket,Cotangent native + bucketed norms,1014,1700,2.612513927024524,65536,24.580055144971993,26.405861958999594
small,native-bucket,Cotangent native + bucketed norms,1014,1800,2.5849163278694856,65536,25.96387518796837,27.85598216699873
small,native-bucket,Cotangent native + bucketed norms,1014,1900,2.570602937389982,65536,27.371829189971322,29.329682791998493
small,native-bucket,Cotangent native + bucketed norms,1014,2000,2.547247714900644,65536,28.782223353962763,30.81503816699842
small,native-fused,Native fused AdamW,1014,100,3.691084902498553,65536,1.7862678329693154,2.479691292006464
small,native-fused,Native fused AdamW,1014,200,3.6190970064396764,65536,3.478134333898197,4.237523042000248
small,native-fused,Native fused AdamW,1014,300,3.5861607164620963,65536,5.238668548925489,6.0636119170012535
small,native-fused,Native fused AdamW,1014,400,3.5659802722098544,65536,6.943052460934268,7.831905999999435
small,native-fused,Native fused AdamW,1014,500,3.543749655023424,65536,8.593458413983171,9.546608542004833
small,native-fused,Native fused AdamW,1014,600,3.467938864107675,65536,10.2534651210226,11.270752083000843
small,native-fused,Native fused AdamW,1014,700,3.371039517547466,65536,11.89679403899936,12.978420125000412
small,native-fused,Native fused AdamW,1014,800,3.162905393295944,65536,13.550479871999414,14.697102375001123
small,native-fused,Native fused AdamW,1014,900,3.052223840796795,65536,15.199802032984735,16.410602333002316
small,native-fused,Native fused AdamW,1014,1000,2.9742512870787365,65536,16.854482754002674,18.12954633300251
small,native-fused,Native fused AdamW,1014,1100,2.9119707313950403,65536,18.521386964021076,19.86155333300121
small,native-fused,Native fused AdamW,1014,1200,2.8367989205207405,65536,20.29058971604536,21.701155292001204
small,native-fused,Native fused AdamW,1014,1300,2.7654615918344154,65536,21.99469617302384,23.469802583000273
small,native-fused,Native fused AdamW,1014,1400,2.721397863112277,65536,23.66107663202274,25.201557874999708
small,native-fused,Native fused AdamW,1014,1500,2.6769755881842943,65536,25.330979839032807,26.936118417004764
small,native-fused,Native fused AdamW,1014,1600,2.6294099702231186,65536,27.049000881059328,28.722963250002067
small,native-fused,Native fused AdamW,1014,1700,2.5912444295079826,65536,28.81412579301832,30.559211667001364
small,native-fused,Native fused AdamW,1014,1800,2.566167252224712,65536,30.514086328999838,32.32617741700233
small,native-fused,Native fused AdamW,1014,1900,2.547094386992942,65536,32.25288470098894,34.130232417002844
small,native-fused,Native fused AdamW,1014,2000,2.5268856193478864,65536,33.922837736019574,35.86479658300232
small,native-bucket,Cotangent native + bucketed norms,1016,100,3.7074739032211985,65536,1.3740614630150958,2.0231729580045794
small,native-bucket,Cotangent native + bucketed norms,1016,200,3.613598398624122,65536,2.741840288043022,3.455550625003525
small,native-bucket,Cotangent native + bucketed norms,1016,300,3.584948528994237,65536,4.103125079032907,4.881051416006812
small,native-bucket,Cotangent native + bucketed norms,1016,400,3.569302654557054,65536,5.467027949016483,6.308613833003619
small,native-bucket,Cotangent native + bucketed norms,1016,500,3.5468914233404703,65536,6.829850032045215,7.735693833004916
small,native-bucket,Cotangent native + bucketed norms,1016,600,3.5048399883736674,65536,8.19538081207429,9.166123166003672
small,native-bucket,Cotangent native + bucketed norms,1016,700,3.4430038412342583,65536,9.558727856070618,10.593614833000174
small,native-bucket,Cotangent native + bucketed norms,1016,800,3.2402099502746777,65536,10.92155068606371,12.021077583005535
small,native-bucket,Cotangent native + bucketed norms,1016,900,3.0909046307850003,65536,12.307859516055032,13.473725916002877
small,native-bucket,Cotangent native + bucketed norms,1016,1000,3.00827649595917,65536,13.697776431021339,14.929663875002007
small,native-bucket,Cotangent native + bucketed norms,1016,1100,2.937457103774834,65536,15.074139970987744,16.371429625003657
small,native-bucket,Cotangent native + bucketed norms,1016,1200,2.8645425383208196,65536,16.446867807964736,17.80962170800194
small,native-bucket,Cotangent native + bucketed norms,1016,1300,2.804855948589966,65536,17.825044563956908,19.252701666002395
small,native-bucket,Cotangent native + bucketed norms,1016,1400,2.753916568464646,65536,19.197585731948493,20.68995625000389
small,native-bucket,Cotangent native + bucketed norms,1016,1500,2.711264575455488,65536,20.578066732930893,22.1350049160028
small,native-bucket,Cotangent native + bucketed norms,1016,1600,2.6619163304458304,65536,21.96255710992409,23.583959458002937
small,native-bucket,Cotangent native + bucketed norms,1016,1700,2.6468293082581678,65536,23.338788442022633,25.025946708003175
small,native-bucket,Cotangent native + bucketed norms,1016,1800,2.609400788444389,65536,24.699817407039518,26.45129883300251
small,native-bucket,Cotangent native + bucketed norms,1016,1900,2.5753385602983574,65536,26.057770532002905,27.873588500006008
small,native-bucket,Cotangent native + bucketed norms,1016,2000,2.566034212895354,65536,27.414282412013563,29.294874458006234
small,native-fused,Native fused AdamW,1016,100,3.7077794518982876,65536,1.6703905320027843,2.304457332997117
small,native-fused,Native fused AdamW,1016,200,3.6145387137677143,65536,3.327839949990448,4.026764999995066
small,native-fused,Native fused AdamW,1016,300,3.5839867375171184,65536,5.012446483953681,5.777248165999481
small,native-fused,Native fused AdamW,1016,400,3.5683307268524493,65536,6.712712693908543,7.542701124999439
small,native-fused,Native fused AdamW,1016,500,3.549385977946657,65536,8.394042904918024,9.290261540998472
small,native-fused,Native fused AdamW,1016,600,3.4930480516618374,65536,10.081423368959804,11.042777665999893
small,native-fused,Native fused AdamW,1016,700,3.390083844408108,65536,11.761179331049789,12.788212957995711
small,native-fused,Native fused AdamW,1016,800,3.166223637310607,65536,13.584250286025053,14.67929687499418
small,native-fused,Native fused AdamW,1016,900,3.0596026543173647,65536,15.271496866051166,16.432600041000114
small,native-fused,Native fused AdamW,1016,1000,2.9801059849729024,65536,16.967466034075187,18.194724832996144
small,native-fused,Native fused AdamW,1016,1100,2.89962391953249,65536,18.72898119909223,20.023170165994088
small,native-fused,Native fused AdamW,1016,1200,2.813569094881713,65536,20.561391117065796,21.926043166000454
small,native-fused,Native fused AdamW,1016,1300,2.7504763188825696,65536,22.335302575083915,23.767459165996115
small,native-fused,Native fused AdamW,1016,1400,2.6984567049782644,65536,24.119171876060136,25.616637332997925
small,native-fused,Native fused AdamW,1016,1500,2.6536956188536243,65536,25.803966296058206,27.36730995799735
small,native-fused,Native fused AdamW,1016,1600,2.608355864853409,65536,27.487414705035917,29.116633999998157
small,native-fused,Native fused AdamW,1016,1700,2.590577330303117,65536,29.2116597010463,30.905805290996796
small,native-fused,Native fused AdamW,1016,1800,2.557085821209516,65536,30.916137576037727,32.67743466599495
small,native-fused,Native fused AdamW,1016,1900,2.5242586488494507,65536,32.60407649696572,34.43039262499951
small,native-fused,Native fused AdamW,1016,2000,2.511875677634557,65536,34.34774832993571,36.245760665995476
small,native-bucket,Cotangent native + bucketed norms,1076,100,3.678591996748553,65536,1.3661716689821333,2.0170827089968952
small,native-bucket,Cotangent native + bucketed norms,1076,200,3.6148000951502786,65536,2.81202975197084,3.534294041994144
small,native-bucket,Cotangent native + bucketed norms,1076,300,3.594552749646851,65536,4.381501333955384,5.193851541996992
small,native-bucket,Cotangent native + bucketed norms,1076,400,3.566919813431518,65536,5.909764667921991,6.789135958999395
small,native-bucket,Cotangent native + bucketed norms,1076,500,3.5380280179564476,65536,7.367060297903663,8.310962958996242
small,native-bucket,Cotangent native + bucketed norms,1076,600,3.4989142616446953,65536,8.773808714933693,9.784326749999309
small,native-bucket,Cotangent native + bucketed norms,1076,700,3.4310128238551387,65536,10.16284054791322,11.238703167000494
small,native-bucket,Cotangent native + bucketed norms,1076,800,3.325642321341862,65536,11.53827455391729,12.679141833999893
small,native-bucket,Cotangent native + bucketed norms,1076,900,3.2187874150711577,65536,12.951049221854191,14.160208124994824
small,native-bucket,Cotangent native + bucketed norms,1076,1000,3.12846227732283,65536,14.321839011870907,15.595343249995494
small,native-bucket,Cotangent native + bucketed norms,1076,1100,3.0437161385304194,65536,15.675159388891188,17.01253100000031
small,native-bucket,Cotangent native + bucketed norms,1076,1200,3.000301644315288,65536,17.021343469939893,18.423131374998775
small,native-bucket,Cotangent native + bucketed norms,1076,1300,2.9333909125860265,65536,18.40280047795386,19.868666999995185
small,native-bucket,Cotangent native + bucketed norms,1076,1400,2.8873267622859196,65536,19.75161864495749,21.287882958997216
small,native-bucket,Cotangent native + bucketed norms,1076,1500,2.8460152934233696,65536,21.25278322403028,22.857380541994644
small,native-bucket,Cotangent native + bucketed norms,1076,1600,2.805130964972069,65536,22.639219438999135,24.30855683399568
small,native-bucket,Cotangent native + bucketed norms,1076,1700,2.765791841519735,65536,24.00484417903499,25.73871325000073
small,native-bucket,Cotangent native + bucketed norms,1076,1800,2.740771509877032,65536,25.37220580302528,27.17148054199788
small,native-bucket,Cotangent native + bucketed norms,1076,1900,2.7247748015810043,65536,26.785595890039986,28.65545633399597
small,native-bucket,Cotangent native + bucketed norms,1076,2000,2.7041610577888293,65536,28.29846921909484,30.237735041999258
small,native-fused,Native fused AdamW,1076,100,3.6787904647276486,65536,1.8283444550033892,2.6644443749974016
small,native-fused,Native fused AdamW,1076,200,3.6149918773038223,65536,3.538611543015577,4.446023915996193
small,native-fused,Native fused AdamW,1076,300,3.5929277823190895,65536,5.224907043972053,6.197384040999168
small,native-fused,Native fused AdamW,1076,400,3.5712442849407164,65536,6.948255707939097,7.986592707995442
small,native-fused,Native fused AdamW,1076,500,3.53623647468241,65536,8.637655707927479,9.740928665996762
small,native-fused,Native fused AdamW,1076,600,3.504191409550517,65536,10.321715334954206,11.49056558299344
small,native-fused,Native fused AdamW,1076,700,3.4533109227342016,65536,12.161833339952864,13.400030332995811
small,native-fused,Native fused AdamW,1076,800,3.3663668994083427,65536,13.850260796963994,15.153863415995147
small,native-fused,Native fused AdamW,1076,900,3.260521552796034,65536,15.521899126004428,16.89125695799885
small,native-fused,Native fused AdamW,1076,1000,3.1489909864430694,65536,17.18897141396883,18.623437999995076
small,native-fused,Native fused AdamW,1076,1100,3.068074783047301,65536,18.863910668012977,20.362469166000665
small,native-fused,Native fused AdamW,1076,1200,2.999610827627977,65536,20.55140179702721,22.114520540999365
small,native-fused,Native fused AdamW,1076,1300,2.930730410845131,65536,22.21958883701882,23.861973624996608
small,native-fused,Native fused AdamW,1076,1400,2.8606258430512748,65536,23.986311211046996,25.69429079099791
small,native-fused,Native fused AdamW,1076,1500,2.8185541087572124,65536,25.65759816802165,27.430596165999305
small,native-fused,Native fused AdamW,1076,1600,2.7680803017911515,65536,27.33518446301605,29.173348665994126
small,native-fused,Native fused AdamW,1076,1700,2.737551414211434,65536,29.000931458991545,30.90386854099779
small,native-fused,Native fused AdamW,1076,1800,2.70751109709607,65536,30.671038418993703,32.63947075000033
small,native-fused,Native fused AdamW,1076,1900,2.687380570808241,65536,32.35307054396981,34.38629054099874
small,native-fused,Native fused AdamW,1076,2000,2.67112297557977,65536,34.023994167924684,36.122030832993914
small,native-bucket,Cotangent native + bucketed norms,1034,100,3.6874062580900913,65536,1.3667666250184993,2.014802833997237
small,native-bucket,Cotangent native + bucketed norms,1034,200,3.605782829787228,65536,2.7379047541107866,3.4499164589942666
small,native-bucket,Cotangent native + bucketed norms,1034,300,3.588293989263399,65536,4.085194377104926,4.86133112499374
small,native-bucket,Cotangent native + bucketed norms,1034,400,3.5583748554233994,65536,5.490985253141844,6.333664083998883
small,native-bucket,Cotangent native + bucketed norms,1034,500,3.5074723763256053,65536,6.859784346124798,7.766865958998096
small,native-bucket,Cotangent native + bucketed norms,1034,600,3.451596470683413,65536,8.2272378031048,9.198924124997575
small,native-bucket,Cotangent native + bucketed norms,1034,700,3.3291376214955886,65536,9.602925008104648,10.64295883399609
small,native-bucket,Cotangent native + bucketed norms,1034,800,3.1302410831317884,65536,10.976716633063916,12.081648374994984
small,native-bucket,Cotangent native + bucketed norms,1034,900,3.0401244259775115,65536,12.34330646602757,13.51309112499439
small,native-bucket,Cotangent native + bucketed norms,1034,1000,2.9597874386520178,65536,13.710871673007205,14.946252124995226
small,native-bucket,Cotangent native + bucketed norms,1034,1100,2.8804526211053907,65536,15.087109429012344,16.387349624994386
small,native-bucket,Cotangent native + bucketed norms,1034,1200,2.8207680844174323,65536,16.453548971985583,17.818411541993555
small,native-bucket,Cotangent native + bucketed norms,1034,1300,2.7696882535853935,65536,17.82565997097845,19.255127999997057
small,native-bucket,Cotangent native + bucketed norms,1034,1400,2.725839035599001,65536,19.19215592899127,20.686105124994356
small,native-bucket,Cotangent native + bucketed norms,1034,1500,2.680966461720939,65536,20.561527973011835,22.121019624995824
small,native-bucket,Cotangent native + bucketed norms,1034,1600,2.639559596231739,65536,21.943039386016608,23.56827841699851
small,native-bucket,Cotangent native + bucketed norms,1034,1700,2.60884541346909,65536,23.30867517603474,24.99878695899679
small,native-bucket,Cotangent native + bucketed norms,1034,1800,2.586956821405105,65536,24.683264965045964,26.43848374999652
small,native-bucket,Cotangent native + bucketed norms,1034,1900,2.5656478269979015,65536,26.05405355199764,27.874585708996165
small,native-bucket,Cotangent native + bucketed norms,1034,2000,2.5465031858816856,65536,27.424164379990543,29.30967633399996
small,native-fused,Native fused AdamW,1034,100,3.6873187726653804,65536,1.682284250986413,2.3156658750012866
small,native-fused,Native fused AdamW,1034,200,3.605976310269449,65536,3.3545621740049683,4.053099999997357
small,native-fused,Native fused AdamW,1034,300,3.5898069313919545,65536,5.023012219069642,5.786503541996353
small,native-fused,Native fused AdamW,1034,400,3.5577298022445913,65536,6.698884973120585,7.52682170800108
small,native-fused,Native fused AdamW,1034,500,3.502470701630803,65536,8.368491270113736,9.261669916995743
small,native-fused,Native fused AdamW,1034,600,3.452233161205823,65536,10.041627651145973,10.99993570800143
small,native-fused,Native fused AdamW,1034,700,3.3071631617187025,65536,11.71062331914436,12.732839208001678
small,native-fused,Native fused AdamW,1034,800,3.121532064423662,65536,13.37709924011142,14.464559374995588
small,native-fused,Native fused AdamW,1034,900,3.0242977655275243,65536,15.047704613120004,16.20002270799887
small,native-fused,Native fused AdamW,1034,1000,2.9393708514712253,65536,16.747556650101615,17.964982083001814
small,native-fused,Native fused AdamW,1034,1100,2.8678970921726457,65536,18.41821377708402,19.700544999999693
small,native-fused,Native fused AdamW,1034,1200,2.8071217125259267,65536,20.121638731048733,21.472073666998767
small,native-fused,Native fused AdamW,1034,1300,2.7477417087425255,65536,21.84603431710275,23.261607583001023
small,native-fused,Native fused AdamW,1034,1400,2.7079457295015477,65536,23.530859107071592,25.013248791998194
small,native-fused,Native fused AdamW,1034,1500,2.6598231725978416,65536,25.21379261110269,26.760727667002357
small,native-fused,Native fused AdamW,1034,1600,2.6320088269325956,65536,26.89804023913166,28.509874208000838
small,native-fused,Native fused AdamW,1034,1700,2.590756971556401,65536,28.56880302815989,30.245038832996215
small,native-fused,Native fused AdamW,1034,1800,2.570590221422734,65536,30.26587472717074,32.0061668749986
small,native-fused,Native fused AdamW,1034,1900,2.5507608367565657,65536,31.95136093514884,33.75700062499527
small,native-fused,Native fused AdamW,1034,2000,2.534634270810221,65536,33.63125393517112,35.50222212499648
small,native-fused,Native fused AdamW,1051,100,3.689958631113715,65536,1.6723702939707437,2.3307430830027442
small,native-fused,Native fused AdamW,1051,200,3.625885011184412,65536,3.3485855839317082,4.073098791006487
small,native-fused,Native fused AdamW,1051,300,3.5919889290280294,65536,5.016109540913021,5.806978083004651
small,native-fused,Native fused AdamW,1051,400,3.5748229106887854,65536,6.690616458901786,7.548610958001518
small,native-fused,Native fused AdamW,1051,500,3.5333588609681734,65536,8.372908048877434,9.297718916001031
small,native-fused,Native fused AdamW,1051,600,3.506553010818671,65536,10.039403959912306,11.030453333005426
small,native-fused,Native fused AdamW,1051,700,3.3793964985181915,65536,11.708476878971851,12.766649875004077
small,native-fused,Native fused AdamW,1051,800,3.211361483678709,65536,13.51248792000115,14.650716291005665
small,native-fused,Native fused AdamW,1051,900,3.078094664269219,65536,15.320185333985137,16.527798208000604
small,native-fused,Native fused AdamW,1051,1000,2.9805099668453217,65536,17.08831370894768,18.364604000002146
small,native-fused,Native fused AdamW,1051,1100,2.888351241439278,65536,18.842554040929826,20.18754079100472
small,native-fused,Native fused AdamW,1051,1200,2.8263868167401562,65536,20.57516349593061,21.989075583005615
small,native-fused,Native fused AdamW,1051,1300,2.765486475574212,65536,22.332935281912796,23.81641795800533
small,native-fused,Native fused AdamW,1051,1400,2.71061417469113,65536,24.059666495988495,25.61025991600036
small,native-fused,Native fused AdamW,1051,1500,2.6637898879464985,65536,25.808197114973154,27.430951000002096
small,native-fused,Native fused AdamW,1051,1600,2.6218421101480454,65536,27.532535071986786,29.22301425000478
small,native-fused,Native fused AdamW,1051,1700,2.588490240218029,65536,29.40864149200206,31.188776625000173
small,native-fused,Native fused AdamW,1051,1800,2.561002038152313,65536,31.232098035987292,33.08387412500451
small,native-fused,Native fused AdamW,1051,1900,2.5354836125059648,65536,33.0332736219425,34.95705054100108
small,native-fused,Native fused AdamW,1051,2000,2.5226159081896142,65536,34.86325928596489,36.85646291600278
small,native-bucket,Cotangent native + bucketed norms,1051,100,3.6898596550981435,65536,1.47135845599405,2.1941666249986156
small,native-bucket,Cotangent native + bucketed norms,1051,200,3.625862771677872,65536,2.954258086014306,3.755167707997316
small,native-bucket,Cotangent native + bucketed norms,1051,300,3.592401601398775,65536,4.4258442929785815,5.296049790995312
small,native-bucket,Cotangent native + bucketed norms,1051,400,3.5740544277112365,65536,5.859911034931429,6.834642915993754
small,native-bucket,Cotangent native + bucketed norms,1051,500,3.535258312606712,65536,7.376866077953309,8.424174124993442
small,native-bucket,Cotangent native + bucketed norms,1051,600,3.506867126381556,65536,8.894464868935756,10.009183957998175
small,native-bucket,Cotangent native + bucketed norms,1051,700,3.392651448645249,65536,10.326175202957529,11.509805582994886
small,native-bucket,Cotangent native + bucketed norms,1051,800,3.20323836686641,65536,11.887170999951195,13.138631874993735
small,native-bucket,Cotangent native + bucketed norms,1051,900,3.0750145087368446,65536,13.313615292863688,14.634949166000297
small,native-bucket,Cotangent native + bucketed norms,1051,1000,2.969045823691578,65536,14.74740991989529,16.135835207998753
small,native-bucket,Cotangent native + bucketed norms,1051,1100,2.8806805841091094,65536,16.232660128895077,17.6951532499952
small,native-bucket,Cotangent native + bucketed norms,1051,1200,2.8148068486455147,65536,17.768083496885083,19.30533933299739
small,native-bucket,Cotangent native + bucketed norms,1051,1300,2.7560364319936386,65536,19.205339491862105,20.808779249993677
small,native-bucket,Cotangent native + bucketed norms,1051,1400,2.6945140027072347,65536,20.571595074870856,22.2403883329971
small,native-bucket,Cotangent native + bucketed norms,1051,1500,2.6457597266546204,65536,21.96015499180794,23.694346500000393
small,native-bucket,Cotangent native + bucketed norms,1051,1600,2.6067865231642857,65536,23.340179407823598,25.153293207993556
small,native-bucket,Cotangent native + bucketed norms,1051,1700,2.571993556858112,65536,24.787768203779706,26.66737220799405
small,native-bucket,Cotangent native + bucketed norms,1051,1800,2.5430722663584184,65536,26.23968199979572,28.24392904099659
small,native-bucket,Cotangent native + bucketed norms,1051,1900,2.5178262397332056,65536,27.800026668766805,29.892752332998498
small,native-bucket,Cotangent native + bucketed norms,1051,2000,2.505741583175149,65536,29.254633416807337,31.414408124997863
small,native-bucket,Cotangent native + bucketed norms,1100,100,3.6878041936974406,65536,1.4111605400175904,2.181035333996988
small,native-bucket,Cotangent native + bucketed norms,1100,200,3.6207033243987348,65536,2.860742418037262,3.700482624997676
small,native-bucket,Cotangent native + bucketed norms,1100,300,3.5857731105627146,65536,4.391581167052209,5.302765374995943
small,native-bucket,Cotangent native + bucketed norms,1100,400,3.56354148297821,65536,5.826188252103748,6.805066666995117
small,native-bucket,Cotangent native + bucketed norms,1100,500,3.535869119740167,65536,7.251086292104446,8.297318124998128
small,native-bucket,Cotangent native + bucketed norms,1100,600,3.5084065323405134,65536,8.6743362131092,9.789136999999755
small,native-bucket,Cotangent native + bucketed norms,1100,700,3.452273125674317,65536,10.12708958616713,11.311966624998604
small,native-bucket,Cotangent native + bucketed norms,1100,800,3.319669492864385,65536,11.572646125176107,12.826830708996567
small,native-bucket,Cotangent native + bucketed norms,1100,900,3.136526479328293,65536,13.121446085206117,14.447791458995198
small,native-bucket,Cotangent native + bucketed norms,1100,1000,3.0035406204512767,65536,14.591274301194062,15.998457333997067
small,native-bucket,Cotangent native + bucketed norms,1100,1100,2.916281530283495,65536,16.012697095182375,17.48728520899749
small,native-bucket,Cotangent native + bucketed norms,1100,1200,2.840814355329712,65536,17.535041767172515,19.08409587499773
small,native-bucket,Cotangent native + bucketed norms,1100,1300,2.7732552543811555,65536,19.09151476422994,20.705685291999544
small,native-bucket,Cotangent native + bucketed norms,1100,1400,2.7156474565724857,65536,20.466830595243664,22.155512499994074
small,native-bucket,Cotangent native + bucketed norms,1100,1500,2.675857034520914,65536,21.93204613518901,23.69022079199931
small,native-bucket,Cotangent native + bucketed norms,1100,1600,2.6391741884856135,65536,23.401069511135574,25.226534666995576
small,native-bucket,Cotangent native + bucketed norms,1100,1700,2.6032018511511477,65536,24.85194551312452,26.74491241699434
small,native-bucket,Cotangent native + bucketed norms,1100,1800,2.5785406246579043,65536,26.296199056137993,28.268698874999245
small,native-bucket,Cotangent native + bucketed norms,1100,1900,2.550938000384786,65536,27.72525189010048,29.774068458995316
small,native-bucket,Cotangent native + bucketed norms,1100,2000,2.533104855968387,65536,29.122690561132913,31.2368614589941
small,native-fused,Native fused AdamW,1100,100,3.6880079608919663,65536,1.7895420900022145,2.5301727499972912
small,native-fused,Native fused AdamW,1100,200,3.6206870397914814,65536,3.573291589054861,4.382259833000717
small,native-fused,Native fused AdamW,1100,300,3.5832180288123396,65536,5.345109041016258,6.236398207998718
small,native-fused,Native fused AdamW,1100,400,3.561742522952354,65536,7.047017038050399,8.00398475000111
small,native-fused,Native fused AdamW,1100,500,3.532508761473874,65536,8.778268533082155,9.80405150000297
small,native-fused,Native fused AdamW,1100,600,3.5043593183623374,65536,10.555856534112536,11.653841624996858
small,native-fused,Native fused AdamW,1100,700,3.433245051174181,65536,12.277320319139108,13.441275500001211
small,native-fused,Native fused AdamW,1100,800,3.2667593205471657,65536,13.958840737177525,15.189390708001156
small,native-fused,Native fused AdamW,1100,900,3.1066635193216317,65536,15.648927033151267,16.94606458299677
small,native-fused,Native fused AdamW,1100,1000,2.9837684361398935,65536,17.347770492138807,18.711794167000335
small,native-fused,Native fused AdamW,1100,1100,2.890973224440838,65536,19.05381178308744,20.481704042002093
small,native-fused,Native fused AdamW,1100,1200,2.834776146572618,65536,20.750449481100077,22.24316737499612
small,native-fused,Native fused AdamW,1100,1300,2.7616962896677504,65536,22.477365278107754,24.05623608300084
small,native-fused,Native fused AdamW,1100,1400,2.707302304783465,65536,24.304159897110367,25.95006883300084
small,native-fused,Native fused AdamW,1100,1500,2.6630246457670266,65536,25.99677752010757,27.708621833000507
small,native-fused,Native fused AdamW,1100,1600,2.622311515295744,65536,27.683488105139986,29.46110341700114
small,native-fused,Native fused AdamW,1100,1700,2.5829885743359644,65536,29.394543727103155,31.237211416999344
small,native-fused,Native fused AdamW,1100,1800,2.5613399518145115,65536,31.08283180714352,32.99194408299809
small,native-fused,Native fused AdamW,1100,1900,2.5345496338481652,65536,32.77704289218673,34.75127983299899
small,native-fused,Native fused AdamW,1100,2000,2.5167691376207615,65536,34.462339388199325,36.50180233299761
small,native-bucket,Cotangent native + bucketed norms,1072,100,3.6798069789344887,65536,1.5017646569831413,2.1654653750010766
small,native-bucket,Cotangent native + bucketed norms,1072,200,3.6253772969012332,65536,3.0114204909914406,3.7438926659961
small,native-bucket,Cotangent native + bucketed norms,1072,300,3.58744864078983,65536,4.391821073993924,5.191414832996088
small,native-bucket,Cotangent native + bucketed norms,1072,400,3.5702172797921734,65536,5.773786994024704,6.638527290997445
small,native-bucket,Cotangent native + bucketed norms,1072,500,3.529928226291172,65536,7.268881374948251,8.202473749995988
small,native-bucket,Cotangent native + bucketed norms,1072,600,3.498571672204177,65536,8.654695834964514,9.653285415995924
small,native-bucket,Cotangent native + bucketed norms,1072,700,3.431689005893753,65536,10.066491049015895,11.13816795800085
small,native-bucket,Cotangent native + bucketed norms,1072,800,3.309823034648031,65536,11.525742799021828,12.670624915997905
small,native-bucket,Cotangent native + bucketed norms,1072,900,3.190149347750688,65536,13.232450300987693,14.509841125000094
small,native-bucket,Cotangent native + bucketed norms,1072,1000,3.0621955023829774,65536,14.826113799972518,16.181741082997178
small,native-bucket,Cotangent native + bucketed norms,1072,1100,2.9865816584747558,65536,16.32017388490931,17.741873166000005
small,native-bucket,Cotangent native + bucketed norms,1072,1200,2.903285940742854,65536,17.794943217864784,19.292492125001445
small,native-bucket,Cotangent native + bucketed norms,1072,1300,2.857256874903523,65536,19.25228087985306,20.81591608299641
small,native-bucket,Cotangent native + bucketed norms,1072,1400,2.7838053634901416,65536,20.667182418830635,22.296709624999494
small,native-bucket,Cotangent native + bucketed norms,1072,1500,2.75744975854614,65536,22.17832142082625,23.884638666000683
small,native-bucket,Cotangent native + bucketed norms,1072,1600,2.712018380788678,65536,23.93516312983411,25.720149916000082
small,native-bucket,Cotangent native + bucketed norms,1072,1700,2.689519422296781,65536,25.46441721584415,27.316638582997257
small,native-bucket,Cotangent native + bucketed norms,1072,1800,2.657924124043641,65536,26.85807975883654,28.776354540998
small,native-bucket,Cotangent native + bucketed norms,1072,1900,2.6353030256228847,65536,28.277592926853686,30.262119832994358
small,native-bucket,Cotangent native + bucketed norms,1072,2000,2.616131850808315,65536,29.67869463982788,31.72896999999648
small,native-fused,Native fused AdamW,1072,100,3.679887316330273,65536,1.730260835014633,2.5068530830030795
small,native-fused,Native fused AdamW,1072,200,3.625086764459348,65536,3.4429305900484906,4.2841720420037745
small,native-fused,Native fused AdamW,1072,300,3.582061262753721,65536,5.2390778050612425,6.154220208001789
small,native-fused,Native fused AdamW,1072,400,3.570455787482173,65536,6.943202267022571,7.922722792005516
small,native-fused,Native fused AdamW,1072,500,3.5286507821562254,65536,8.64225055697898,9.693000457999005
small,native-fused,Native fused AdamW,1072,600,3.5014919053690803,65536,10.434329680989322,11.554579292002018
small,native-fused,Native fused AdamW,1072,700,3.4460020470334967,65536,12.161585719964933,13.348526542002219
small,native-fused,Native fused AdamW,1072,800,3.3187469994229883,65536,14.036789846992178,15.29747425000096
small,native-fused,Native fused AdamW,1072,900,3.1322727356842623,65536,15.73305909501505,17.063838333000604
small,native-fused,Native fused AdamW,1072,1000,3.0305963990136875,65536,17.505010263012082,18.907420708004793
small,native-fused,Native fused AdamW,1072,1100,2.965873415590389,65536,19.25466909701936,20.725614750001114
small,native-fused,Native fused AdamW,1072,1200,2.8898653551996425,65536,21.036019724990183,22.576598333005677
small,native-fused,Native fused AdamW,1072,1300,2.829791670142902,65536,22.768071598024108,24.375824375005323
small,native-fused,Native fused AdamW,1072,1400,2.7566336632465913,65536,24.44182867600466,26.11365637500421
small,native-fused,Native fused AdamW,1072,1500,2.7261513345951367,65536,26.111023263008974,27.85009366700251
small,native-fused,Native fused AdamW,1072,1600,2.6795326907308166,65536,27.884847338042164,29.70971437499975
small,native-fused,Native fused AdamW,1072,1700,2.643627410506814,65536,29.826981504040305,31.722934583005554
small,native-fused,Native fused AdamW,1072,1800,2.6160502880361434,65536,31.648489751081797,33.615190167001856
small,native-fused,Native fused AdamW,1072,1900,2.5931362762886785,65536,33.39244670809421,35.424378208001144
small,native-fused,Native fused AdamW,1072,2000,2.5720055956436725,65536,35.097453706141096,37.1969262920029
small,native-bucket,Cotangent native + bucketed norms,1012,100,3.683710039204495,65536,1.4938479540651315,2.322672166999837
small,native-bucket,Cotangent native + bucketed norms,1012,200,3.6257935916565627,65536,2.94738570303889,3.847556833999988
small,native-bucket,Cotangent native + bucketed norms,1012,300,3.589038663392719,65536,4.389428076050535,5.367099542003416
small,native-bucket,Cotangent native + bucketed norms,1012,400,3.551087961255258,65536,5.98592928803555,7.042887125004199
small,native-bucket,Cotangent native + bucketed norms,1012,500,3.5349127994611287,65536,7.525114209107414,8.671923667003284
small,native-bucket,Cotangent native + bucketed norms,1012,600,3.4685226699649445,65536,9.150897133098624,10.37840895899717
small,native-bucket,Cotangent native + bucketed norms,1012,700,3.3328481041922906,65536,10.592896132111491,11.886858500001836
small,native-bucket,Cotangent native + bucketed norms,1012,800,3.135328104217081,65536,12.017221758127562,13.382093084001099
small,native-bucket,Cotangent native + bucketed norms,1012,900,3.0401795947872334,65536,13.438031424127985,14.869106042002386
small,native-bucket,Cotangent native + bucketed norms,1012,1000,2.949122353766472,65536,14.827967463141249,16.326997459000268
small,native-bucket,Cotangent native + bucketed norms,1012,1100,2.8760354187006305,65536,16.239143550104927,17.803685958999267
small,native-bucket,Cotangent native + bucketed norms,1012,1200,2.7984022082505557,65536,17.691397222144587,19.331899124998017
small,native-bucket,Cotangent native + bucketed norms,1012,1300,2.7385134797859023,65536,19.2126692610982,20.919434374998673
small,native-bucket,Cotangent native + bucketed norms,1012,1400,2.6799196033251373,65536,20.69267676610616,22.465317667003546
small,native-bucket,Cotangent native + bucketed norms,1012,1500,2.637864900687968,65536,22.08655697209906,23.927484125000774
small,native-bucket,Cotangent native + bucketed norms,1012,1600,2.5903752023182327,65536,23.585777470136236,25.543404000003648
small,native-bucket,Cotangent native + bucketed norms,1012,1700,2.55872123110886,65536,25.215204959138646,27.259377084003063
small,native-bucket,Cotangent native + bucketed norms,1012,1800,2.531774855010229,65536,26.71139092114754,28.83078979200218
small,native-bucket,Cotangent native + bucketed norms,1012,1900,2.5122463324939135,65536,28.17209105314396,30.361660000002303
small,native-bucket,Cotangent native + bucketed norms,1012,2000,2.4957796762299456,65536,29.676215259161836,31.940847042002133
small,native-fused,Native fused AdamW,1012,100,3.68364370764584,65536,1.8381025829803548,2.637185749998025
small,native-fused,Native fused AdamW,1012,200,3.6256760092679508,65536,3.717296755996358,4.589440999996441
small,native-fused,Native fused AdamW,1012,300,3.590951959634652,65536,5.599066297967511,6.546872291000909
small,native-fused,Native fused AdamW,1012,400,3.5546119610138467,65536,7.484344670956489,8.506994791001489
small,native-fused,Native fused AdamW,1012,500,3.5375696734429827,65536,9.327944792996277,10.425061166002706
small,native-fused,Native fused AdamW,1012,600,3.4665536728419633,65536,11.099211585038574,12.284110125001462
small,native-fused,Native fused AdamW,1012,700,3.338427436364594,65536,12.96926087605243,14.230561916003353
small,native-fused,Native fused AdamW,1012,800,3.1292289437336294,65536,14.838162913067208,16.18000941599894
small,native-fused,Native fused AdamW,1012,900,3.0382416566561066,65536,16.72523375308083,18.14003691599646
small,native-fused,Native fused AdamW,1012,1000,2.955353478687714,65536,18.626081166068616,20.11546879100206
small,native-fused,Native fused AdamW,1012,1100,2.888234707069945,65536,20.55951941605599,22.126412707999407
small,native-fused,Native fused AdamW,1012,1200,2.812005127650429,65536,22.424739382055122,24.064133958003367
small,native-fused,Native fused AdamW,1012,1300,2.7514407169717408,65536,24.3336845090962,26.047292583003582
small,native-fused,Native fused AdamW,1012,1400,2.6878902628919046,65536,26.204158763117448,27.99282900000253
small,native-fused,Native fused AdamW,1012,1500,2.6460835269905325,65536,28.07435575510317,29.93428012500226
small,native-fused,Native fused AdamW,1012,1600,2.6023847562024405,65536,29.97495800411707,31.90786616600235
small,native-fused,Native fused AdamW,1012,1700,2.5633410398252523,65536,31.808689506135124,33.81504300000233
small,native-fused,Native fused AdamW,1012,1800,2.5369011418844964,65536,33.640956683164404,35.722998582998116
small,native-fused,Native fused AdamW,1012,1900,2.5181863552807386,65536,35.46882068510604,37.62250487499841
small,native-fused,Native fused AdamW,1012,2000,2.5042868195527057,65536,37.2909402731093,39.51490679100243
small,native-bucket,Cotangent native + bucketed norms,1056,100,3.6951929230927245,65536,1.564223168985336,2.316720250004437
small,native-bucket,Cotangent native + bucketed norms,1056,200,3.6157457847517107,65536,3.1846708320226753,4.012473624999984
small,native-bucket,Cotangent native + bucketed norms,1056,300,3.5909921820771227,65536,4.733758591020887,5.634079334005946
small,native-bucket,Cotangent native + bucketed norms,1056,400,3.566890619376534,65536,6.278237931983313,7.252796542001306
small,native-bucket,Cotangent native + bucketed norms,1056,500,3.5254868495750493,65536,7.819909563018882,8.870600542002649
small,native-bucket,Cotangent native + bucketed norms,1056,600,3.468116608177342,65536,9.363169394011493,10.488484000001336
small,native-bucket,Cotangent native + bucketed norms,1056,700,3.3278968956566013,65536,10.912265515027684,12.112202042000717
small,native-bucket,Cotangent native + bucketed norms,1056,800,3.1382695987371974,65536,12.510368641000241,13.787203042003966
small,native-bucket,Cotangent native + bucketed norms,1056,900,3.0461417280936103,65536,14.097473059009644,15.446274917005212
small,native-bucket,Cotangent native + bucketed norms,1056,1000,2.960626316278348,65536,15.643931807026092,17.069828042003792
small,native-bucket,Cotangent native + bucketed norms,1056,1100,2.881367375327499,65536,17.223998971036053,18.722690250004234
small,native-bucket,Cotangent native + bucketed norms,1056,1200,2.815302341411566,65536,18.751317466980254,20.323330459003046
small,native-bucket,Cotangent native + bucketed norms,1056,1300,2.768529026025084,65536,20.296605421986897,21.938622749999922
small,native-bucket,Cotangent native + bucketed norms,1056,1400,2.715629898218724,65536,21.825402624985145,23.542768042003445
small,native-bucket,Cotangent native + bucketed norms,1056,1500,2.6550527178282093,65536,23.374372162994405,25.16433945900644
small,native-bucket,Cotangent native + bucketed norms,1056,1600,2.6185484865247455,65536,24.91038524601754,26.771722375000536
small,native-bucket,Cotangent native + bucketed norms,1056,1700,2.577905417485858,65536,26.437617036004667,28.37210950000008
small,native-bucket,Cotangent native + bucketed norms,1056,1800,2.558292929814717,65536,27.950723700021626,29.960908875000314
small,native-bucket,Cotangent native + bucketed norms,1056,1900,2.540677606800094,65536,29.462250111006142,31.5459035840031
small,native-bucket,Cotangent native + bucketed norms,1056,2000,2.5216627964619063,65536,31.008914402984374,33.1640029170012
small,native-fused,Native fused AdamW,1056,100,3.6950917435494386,65536,1.8678820830318728,2.5650207919970853
small,native-fused,Native fused AdamW,1056,200,3.6155614838434795,65536,3.7291813770134468,4.499823124999239
small,native-fused,Native fused AdamW,1056,300,3.5900335830279606,65536,5.543807542009745,6.386252332995355
small,native-fused,Native fused AdamW,1056,400,3.5524426363493573,65536,7.361346164936549,8.277933624995057
small,native-fused,Native fused AdamW,1056,500,3.521594753199036,65536,9.204968369944254,10.193519582993758
small,native-fused,Native fused AdamW,1056,600,3.481876811085887,65536,11.035316710971529,12.099147707995144
small,native-fused,Native fused AdamW,1056,700,3.337183066643192,65536,12.875550578974071,14.011385291996703
small,native-fused,Native fused AdamW,1056,800,3.139214417676459,65536,14.717105707946757,15.925565332996484
small,native-fused,Native fused AdamW,1056,900,3.0430301427317907,65536,16.53790529489197,17.819217666998156
small,native-fused,Native fused AdamW,1056,1000,2.955554375921753,65536,18.359188550901308,19.715334832995723
small,native-fused,Native fused AdamW,1056,1100,2.872410341513455,65536,20.168044432924944,21.59727125000063
small,native-fused,Native fused AdamW,1056,1200,2.8085420903671134,65536,21.956481716915732,23.453508916994906
small,native-fused,Native fused AdamW,1056,1300,2.764976907103079,65536,23.622641125926748,25.187084541998047
small,native-fused,Native fused AdamW,1056,1400,2.7035538622910424,65536,25.297401999967406,26.932497666995914
small,native-fused,Native fused AdamW,1056,1500,2.6435773796787863,65536,26.992884164974384,28.695339792000595
small,native-fused,Native fused AdamW,1056,1600,2.608764904090655,65536,28.6589511609709,30.428581749998557
small,native-fused,Native fused AdamW,1056,1700,2.5683867528275908,65536,30.375884328961547,32.21550791699701
small,native-fused,Native fused AdamW,1056,1800,2.550354581488481,65536,32.05500874800782,33.96238362499571
small,native-fused,Native fused AdamW,1056,1900,2.5324018768829855,65536,33.720247532030044,35.69548216700059
small,native-fused,Native fused AdamW,1056,2000,2.516538761485473,65536,35.38587073806411,37.42828583299706
small,native-fused,Native fused AdamW,1061,100,3.6827943283288915,65536,1.6729475010361057,2.3803020840059617
small,native-fused,Native fused AdamW,1061,200,3.6158794260203466,65536,3.338505251042079,4.113207250004052
small,native-fused,Native fused AdamW,1061,300,3.5895243423987555,65536,5.0222830790735316,5.869860042002983
small,native-fused,Native fused AdamW,1061,400,3.5569106273807005,65536,6.691236948041478,7.609631875006016
small,native-fused,Native fused AdamW,1061,500,3.521963322768751,65536,8.377413819005596,9.363229125003272
small,native-fused,Native fused AdamW,1061,600,3.491718765506572,65536,10.043000738027331,11.096990584002924
small,native-fused,Native fused AdamW,1061,700,3.4106955029106416,65536,11.708363233025011,12.830030125005578
small,native-fused,Native fused AdamW,1061,800,3.232150907748741,65536,13.3828349420437,14.572717334005574
small,native-fused,Native fused AdamW,1061,900,3.0948073255918733,65536,15.056319233059185,16.31326600000466
small,native-fused,Native fused AdamW,1061,1000,2.98322640594341,65536,16.72321331002604,18.048980750005285
small,native-fused,Native fused AdamW,1061,1100,2.9172758694772893,65536,18.39512623405608,19.78842516700388
small,native-fused,Native fused AdamW,1061,1200,2.8386410911876263,65536,20.070461644056195,21.53211270900647
small,native-fused,Native fused AdamW,1061,1300,2.7859093884918815,65536,21.759384432036313,23.28833470900281
small,native-fused,Native fused AdamW,1061,1400,2.737302082363345,65536,23.42504943201493,25.021153000001505
small,native-fused,Native fused AdamW,1061,1500,2.692283065258074,65536,25.091517975990428,26.754605583999364
small,native-fused,Native fused AdamW,1061,1600,2.64990578766138,65536,26.757879021992267,28.48819275000278
small,native-fused,Native fused AdamW,1061,1700,2.6212194792073436,65536,28.42421268902399,30.222070209005324
small,native-fused,Native fused AdamW,1061,1800,2.591887058806305,65536,30.090083312024944,31.955004334005935
small,native-fused,Native fused AdamW,1061,1900,2.5611540815645912,65536,31.75632531802694,33.68829320900113
small,native-fused,Native fused AdamW,1061,2000,2.5475811677628357,65536,33.44465322799806,35.44471875000454
small,native-bucket,Cotangent native + bucketed norms,1061,100,3.682799864020466,65536,1.3958232119330205,2.091741958000057
small,native-bucket,Cotangent native + bucketed norms,1061,200,3.6160397460976976,65536,2.784385130966257,3.547914832997776
small,native-bucket,Cotangent native + bucketed norms,1061,300,3.5868421332226466,65536,4.178321714971389,5.01034341599734
small,native-bucket,Cotangent native + bucketed norms,1061,400,3.559172575451595,65536,5.591284425958293,6.4919612079975195
small,native-bucket,Cotangent native + bucketed norms,1061,500,3.5252993777366934,65536,7.02383288796409,7.992057540999667
small,native-bucket,Cotangent native + bucketed norms,1061,600,3.494805284397028,65536,8.454433305931161,9.489889082993614
small,native-bucket,Cotangent native + bucketed norms,1061,700,3.3670913440783554,65536,9.87454275892378,10.977436624998518
small,native-bucket,Cotangent native + bucketed norms,1061,800,3.1562924883876184,65536,11.311663801927352,12.48409270800039
small,native-bucket,Cotangent native + bucketed norms,1061,900,3.0479447189628464,65536,12.754219009919325,13.994014040996262
small,native-bucket,Cotangent native + bucketed norms,1061,1000,2.9410873081947884,65536,14.180860051834316,15.487847958000202
small,native-bucket,Cotangent native + bucketed norms,1061,1100,2.84939635410126,65536,15.600877391807444,16.97519579099753
small,native-bucket,Cotangent native + bucketed norms,1061,1200,2.7699096704994637,65536,17.02086635480373,18.46264700000029
small,native-bucket,Cotangent native + bucketed norms,1061,1300,2.724052931276297,65536,18.44645518384641,19.956444540999655
small,native-bucket,Cotangent native + bucketed norms,1061,1400,2.6637035472813073,65536,19.883888603872037,21.46488366599806
small,native-bucket,Cotangent native + bucketed norms,1061,1500,2.6288636404603634,65536,21.31992281287239,22.968775582994567
small,native-bucket,Cotangent native + bucketed norms,1061,1600,2.576603068113284,65536,22.73419164391089,24.45128116599517
small,native-bucket,Cotangent native + bucketed norms,1061,1700,2.5523379929073875,65536,24.14079648390907,25.924995082998066
small,native-bucket,Cotangent native + bucketed norms,1061,1800,2.5267269922247544,65536,25.562647814957018,27.415098540994222
small,native-bucket,Cotangent native + bucketed norms,1061,1900,2.5019360585660135,65536,27.009669806917373,28.931314999994356
small,native-bucket,Cotangent native + bucketed norms,1061,2000,2.4891422261726666,65536,28.443205428906367,30.43140562500048
small,native-bucket,Cotangent native + bucketed norms,1048,100,3.7006696353670407,65536,1.4162865789767238,2.108431417000247
small,native-bucket,Cotangent native + bucketed norms,1048,200,3.628807136158475,65536,2.8432059149999986,3.6043205419991864
small,native-bucket,Cotangent native + bucketed norms,1048,300,3.592427398796404,65536,4.273696746968199,5.1024257090030005
small,native-bucket,Cotangent native + bucketed norms,1048,400,3.554879308044613,65536,5.7014327040087664,6.597775542002637
small,native-bucket,Cotangent native + bucketed norms,1048,500,3.537961148952009,65536,7.118386120993819,8.083581167004013
small,native-bucket,Cotangent native + bucketed norms,1048,600,3.5008745628948925,65536,8.559339997023926,9.594052084001305
small,native-bucket,Cotangent native + bucketed norms,1048,700,3.4462673410213682,65536,9.997985207017337,11.100208500000008
small,native-bucket,Cotangent native + bucketed norms,1048,800,3.354251119364938,65536,11.400708258042869,12.570519166998565
small,native-bucket,Cotangent native + bucketed norms,1048,900,3.173351565764773,65536,12.810337511036778,14.0472139170015
small,native-bucket,Cotangent native + bucketed norms,1048,1000,3.0450748444678983,65536,14.201990589077468,15.507624874997418
small,native-bucket,Cotangent native + bucketed norms,1048,1100,2.9583822167819385,65536,15.59173659010412,16.964063375002297
small,native-bucket,Cotangent native + bucketed norms,1048,1200,2.895814240467445,65536,17.000845381109684,18.44183641699783
small,native-bucket,Cotangent native + bucketed norms,1048,1300,2.842311690032702,65536,18.417927799062454,19.92736029200023
small,native-bucket,Cotangent native + bucketed norms,1048,1400,2.7883245462324058,65536,19.825777261066833,21.40840629200102
small,native-bucket,Cotangent native + bucketed norms,1048,1500,2.7430111378245194,65536,21.25094326006365,22.90200995899795
small,native-bucket,Cotangent native + bucketed norms,1048,1600,2.7074481998159747,65536,22.66027026404481,24.378993958998763
small,native-bucket,Cotangent native + bucketed norms,1048,1700,2.6758272815223147,65536,24.047405058059667,25.833261084000696
small,native-bucket,Cotangent native + bucketed norms,1048,1800,2.654568489925789,65536,25.43755435096682,27.291354084001796
small,native-bucket,Cotangent native + bucketed norms,1048,1900,2.629051536880889,65536,26.827094681939343,28.74778095899819
small,native-bucket,Cotangent native + bucketed norms,1048,2000,2.6063384277419206,65536,28.21585835294536,30.203844709001714
small,native-fused,Native fused AdamW,1048,100,3.700762033046217,65536,1.6896594589561573,2.3685301250006887
small,native-fused,Native fused AdamW,1048,200,3.628806319240883,65536,3.362052085903997,4.108148082996195
small,native-fused,Native fused AdamW,1048,300,3.5938572303089305,65536,5.044961756917473,5.8625222080008825
small,native-fused,Native fused AdamW,1048,400,3.5635671728866827,65536,6.714682304904272,7.599408582995238
small,native-fused,Native fused AdamW,1048,500,3.5375013103392647,65536,8.386022136881365,9.341034874996694
small,native-fused,Native fused AdamW,1048,600,3.504882887296142,65536,10.051747471850831,11.074376958000357
small,native-fused,Native fused AdamW,1048,700,3.4457160506340276,65536,11.717781598854344,12.807855999999447
small,native-fused,Native fused AdamW,1048,800,3.3453643135914826,65536,13.384294724870415,14.545515833000536
small,native-fused,Native fused AdamW,1048,900,3.1481417791087716,65536,15.054005680882256,16.282804374997795
small,native-fused,Native fused AdamW,1048,1000,3.03354151054393,65536,16.727786928851856,18.023965041000338
small,native-fused,Native fused AdamW,1048,1100,2.954544171328416,65536,18.398358636819466,19.76198333299544
small,native-fused,Native fused AdamW,1048,1200,2.891452437974094,65536,20.07765654577088,21.51163804099633
small,native-fused,Native fused AdamW,1048,1300,2.8282965980866623,65536,21.748275337748055,23.249295665998943
small,native-fused,Native fused AdamW,1048,1400,2.7690513964547905,65536,23.414539416742628,24.982272540997656
small,native-fused,Native fused AdamW,1048,1500,2.721359989307882,65536,25.081011125723307,26.715714707999723
small,native-fused,Native fused AdamW,1048,1600,2.68102742957067,65536,26.75550433871831,28.45762616599677
small,native-fused,Native fused AdamW,1048,1700,2.648844509595195,65536,28.421566923701903,30.191004457999952
small,native-fused,Native fused AdamW,1048,1800,2.625389107211729,65536,30.087722410695278,31.924485165996884
small,native-fused,Native fused AdamW,1048,1900,2.6033412645875034,65536,31.753614374691097,33.657914707997406
small,native-fused,Native fused AdamW,1048,2000,2.5835077684610877,65536,33.41966758068156,35.39300112499768
small,native-bucket,Cotangent native + bucketed norms,1024,100,3.6788535716115995,65536,1.3928322429419495,2.074096708005527
small,native-bucket,Cotangent native + bucketed norms,1024,200,3.6234480922640957,65536,2.783269410923822,3.532321458005754
small,native-bucket,Cotangent native + bucketed norms,1024,300,3.570825163220564,65536,4.17073587392224,4.986592458000814
small,native-bucket,Cotangent native + bucketed norms,1024,400,3.5632483385498146,65536,5.568219042936107,6.45182562500122
small,native-bucket,Cotangent native + bucketed norms,1024,500,3.553728195915641,65536,6.970356711972272,7.922514125006273
small,native-bucket,Cotangent native + bucketed norms,1024,600,3.5114866018815625,65536,8.41520834199764,9.434794083004817
small,native-bucket,Cotangent native + bucketed norms,1024,700,3.448085702840025,65536,10.095358716032933,11.200938624999253
small,native-bucket,Cotangent native + bucketed norms,1024,800,3.337866633186877,65536,11.877831760000845,13.06783712500328
small,native-bucket,Cotangent native + bucketed norms,1024,900,3.158034554402786,65536,13.409732924039417,14.682759916002396
small,native-bucket,Cotangent native + bucketed norms,1024,1000,3.0492464771450583,65536,15.083959252006025,16.426474791005603
small,native-bucket,Cotangent native + bucketed norms,1024,1100,2.9432652104939896,65536,16.657880709011806,18.072154375004175
small,native-bucket,Cotangent native + bucketed norms,1024,1200,2.852248826101724,65536,18.172796589016798,19.655045291001443
small,native-bucket,Cotangent native + bucketed norms,1024,1300,2.7871823288311584,65536,19.631534921034472,21.216679666002165
small,native-bucket,Cotangent native + bucketed norms,1024,1400,2.723832739738614,65536,21.125788003060734,22.777488375002577
small,native-bucket,Cotangent native + bucketed norms,1024,1500,2.6850594929521967,65536,22.632230248098494,24.35201154099923
small,native-bucket,Cotangent native + bucketed norms,1024,1600,2.637751257776953,65536,24.059028126117482,25.857394708000356
small,native-bucket,Cotangent native + bucketed norms,1024,1700,2.6075466273620633,65536,25.557909672126698,27.42127537500346
small,native-bucket,Cotangent native + bucketed norms,1024,1800,2.5806620306562973,65536,26.948542170117435,28.878133583006274
small,native-bucket,Cotangent native + bucketed norms,1024,1900,2.5546800365234636,65536,28.3468469180807,30.34495962499932
small,native-bucket,Cotangent native + bucketed norms,1024,2000,2.5378251347996303,65536,29.758647127069707,31.822817041000235
small,native-fused,Native fused AdamW,1024,100,3.678967080161169,65536,1.6812347939630854,2.439108792001207
small,native-fused,Native fused AdamW,1024,200,3.6237781592178484,65536,3.5262595889143995,4.3640345000021625
small,native-fused,Native fused AdamW,1024,300,3.5712889681831936,65536,5.319957549872925,6.224566666998726
small,native-fused,Native fused AdamW,1024,400,3.5692810277387075,65536,7.060505583882332,8.031552583997836
small,native-fused,Native fused AdamW,1024,500,3.5508649427527517,65536,8.93573920988274,9.981013249998796
small,native-fused,Native fused AdamW,1024,600,3.5083049443384318,65536,10.718556574851391,11.834669000003487
small,native-fused,Native fused AdamW,1024,700,3.444668665541357,65536,12.462473703861178,13.646103667000716
small,native-fused,Native fused AdamW,1024,800,3.321647605067862,65536,14.128784540866036,15.378135584003758
small,native-fused,Native fused AdamW,1024,900,3.170559577912835,65536,15.8721690808743,17.19587170900195
small,native-fused,Native fused AdamW,1024,1000,3.0553558276005734,65536,17.549695703899488,18.94210262499837
small,native-fused,Native fused AdamW,1024,1100,2.97646634837944,65536,19.255632193897327,20.71323408400349
small,native-fused,Native fused AdamW,1024,1200,2.8986645089401946,65536,20.944567818900396,22.469972667000548
small,native-fused,Native fused AdamW,1024,1300,2.838729350534266,65536,22.61818210990168,24.208348624997598
small,native-fused,Native fused AdamW,1024,1400,2.7812299716635915,65536,24.296119990853185,25.95139787500375
small,native-fused,Native fused AdamW,1024,1500,2.7345237295109457,65536,26.004227527846524,27.727570292001474
small,native-fused,Native fused AdamW,1024,1600,2.681982287997176,65536,27.68792019081593,29.477300416998332
small,native-fused,Native fused AdamW,1024,1700,2.6571298006728,65536,29.34846761183144,31.202985500000068
small,native-fused,Native fused AdamW,1024,1800,2.631702219487312,65536,30.999730235824245,32.91803329200047
small,native-fused,Native fused AdamW,1024,1900,2.606042762692798,65536,32.696437655817135,34.68723037499876
small,native-fused,Native fused AdamW,1024,2000,2.5861428920120657,65536,34.47685977881338,36.53255362500204
small,native-fused,Native fused AdamW,1017,100,3.706316083768843,65536,1.648444377045962,2.289394749997882
small,native-fused,Native fused AdamW,1017,200,3.613208277478471,65536,3.2911515420491924,3.9958633329952136
small,native-fused,Native fused AdamW,1017,300,3.57488503942141,65536,4.941226082039066,5.710121666001214
small,native-fused,Native fused AdamW,1017,400,3.5613370738529446,65536,6.587483542010887,7.420431915998051
small,native-fused,Native fused AdamW,1017,500,3.5180639063811596,65536,8.257574503972137,9.156007290999696
small,native-fused,Native fused AdamW,1017,600,3.4515454025850225,65536,9.912052593957924,10.874897499998042
small,native-fused,Native fused AdamW,1017,700,3.3699507921250946,65536,11.56940180190577,12.598153499995533
small,native-fused,Native fused AdamW,1017,800,3.1595598362865416,65536,13.234848220912681,14.328161582998291
small,native-fused,Native fused AdamW,1017,900,3.041273839777806,65536,14.89658538695221,16.054924165997363
small,native-fused,Native fused AdamW,1017,1000,2.9554362184661525,65536,16.5564270169707,17.77971258299658
small,native-fused,Native fused AdamW,1017,1100,2.888452060893888,65536,18.24420405998535,19.532044249994215
small,native-fused,Native fused AdamW,1017,1200,2.8366990362217943,65536,19.906086640978174,21.25876295800117
small,native-fused,Native fused AdamW,1017,1300,2.7866120773565597,65536,21.562067642975308,22.97935091600084
small,native-fused,Native fused AdamW,1017,1400,2.7281527074521428,65536,23.2208536099497,24.702460915999836
small,native-fused,Native fused AdamW,1017,1500,2.6989187417442655,65536,24.88409114494425,26.430040166000254
small,native-fused,Native fused AdamW,1017,1600,2.6454926322233727,65536,26.559938815960777,28.171985249995487
small,native-fused,Native fused AdamW,1017,1700,2.6119647434246565,65536,28.244888432986045,29.922672041000624
small,native-fused,Native fused AdamW,1017,1800,2.5897660451433344,65536,29.907034470976214,31.649778749997495
small,native-fused,Native fused AdamW,1017,1900,2.5705388577291624,65536,31.56322805095988,33.37131233299442
small,native-fused,Native fused AdamW,1017,2000,2.5506222509867174,65536,33.22344013795373,35.09627866599476
small,native-bucket,Cotangent native + bucketed norms,1017,100,3.706130288761333,65536,1.3549108709412394,2.0322317919999477
small,native-bucket,Cotangent native + bucketed norms,1017,200,3.6132221543286125,65536,2.7098445339870523,3.451428832995589
small,native-bucket,Cotangent native + bucketed norms,1017,300,3.5750203575208914,65536,4.082514161003928,4.892930707996129
small,native-bucket,Cotangent native + bucketed norms,1017,400,3.561943656662538,65536,5.447687623964157,6.322892249998404
small,native-bucket,Cotangent native + bucketed norms,1017,500,3.5186981783975417,65536,6.808522951978375,7.750225832998694
small,native-bucket,Cotangent native + bucketed norms,1017,600,3.460639576439756,65536,8.16116728495399,9.16794595799729
small,native-bucket,Cotangent native + bucketed norms,1017,700,3.3729587901865163,65536,9.520659157002228,10.593500874994788
small,native-bucket,Cotangent native + bucketed norms,1017,800,3.170381059921239,65536,10.852010992006399,11.989112374998513
small,native-bucket,Cotangent native + bucketed norms,1017,900,3.0474990474209664,65536,12.187308284977917,13.38897266699496
small,native-bucket,Cotangent native + bucketed norms,1017,1000,2.9602898805920557,65536,13.534959368997079,14.800337832995865
small,native-bucket,Cotangent native + bucketed norms,1017,1100,2.8831123274265265,65536,14.851203205013007,16.180745499994373
small,native-bucket,Cotangent native + bucketed norms,1017,1200,2.83810230178922,65536,16.18558453695732,17.57892345799337
small,native-bucket,Cotangent native + bucketed norms,1017,1300,2.7874094211727067,65536,17.520157702019787,18.977730916994915
small,native-bucket,Cotangent native + bucketed norms,1017,1400,2.734075827569063,65536,18.8612361129708,20.383161124998878
small,native-bucket,Cotangent native + bucketed norms,1017,1500,2.699528216012176,65536,20.20560561396269,21.791672249994008
small,native-bucket,Cotangent native + bucketed norms,1017,1600,2.6481973442544557,65536,21.565351862023817,23.21651179199398
small,native-bucket,Cotangent native + bucketed norms,1017,1700,2.6102426703926516,65536,22.899900819029426,24.615997166998568
small,native-bucket,Cotangent native + bucketed norms,1017,1800,2.5851846154303737,65536,24.24875377502758,26.028952499997104
small,native-bucket,Cotangent native + bucketed norms,1017,1900,2.5692772037513483,65536,25.58732302102726,27.4311975419987
small,native-bucket,Cotangent native + bucketed norms,1017,2000,2.551770391040504,65536,26.92646860008972,28.835002707994136
small,native-bucket,Cotangent native + bucketed norms,1032,100,3.68894655620905,65536,1.3520435379905393,2.015110000000277
small,native-bucket,Cotangent native + bucketed norms,1032,200,3.626073461174095,65536,2.706797037018987,3.4343748329993105
small,native-bucket,Cotangent native + bucketed norms,1032,300,3.594543849544669,65536,4.053725111996755,4.8459306660006405
small,native-bucket,Cotangent native + bucketed norms,1032,400,3.5837324611678176,65536,5.402550989994779,6.259743582995725
small,native-bucket,Cotangent native + bucketed norms,1032,500,3.5168819126174427,65536,6.748793198996282,7.670499082996685
small,native-bucket,Cotangent native + bucketed norms,1032,600,3.472697183351506,65536,8.105960619948746,9.093225165997865
small,native-bucket,Cotangent native + bucketed norms,1032,700,3.35721961516124,65536,9.487449492917222,10.540352124997298
small,native-bucket,Cotangent native + bucketed norms,1032,800,3.1610932765972968,65536,10.862060031889996,11.9799576660007
small,native-bucket,Cotangent native + bucketed norms,1032,900,3.0772320207903228,65536,12.222423866856843,13.404706790999626
small,native-bucket,Cotangent native + bucketed norms,1032,1000,3.0089581223235755,65536,13.585581451858161,14.832905208000739
small,native-bucket,Cotangent native + bucketed norms,1032,1100,2.937098138361278,65536,14.93341287086514,16.245359583001118
small,native-bucket,Cotangent native + bucketed norms,1032,1200,2.873331722442079,65536,16.270782782863535,17.64734883300116
small,native-bucket,Cotangent native + bucketed norms,1032,1300,2.822862591254338,65536,17.65606090790243,19.09756445799576
small,native-bucket,Cotangent native + bucketed norms,1032,1400,2.772286621219207,65536,19.01876390496909,20.52575133299979
small,native-bucket,Cotangent native + bucketed norms,1032,1500,2.724634238010671,65536,20.37242397900991,21.944572915999743
small,native-bucket,Cotangent native + bucketed norms,1032,1600,2.6890174694324065,65536,21.726316060965473,23.362946000001102
small,native-bucket,Cotangent native + bucketed norms,1032,1700,2.657754968357602,65536,23.08126502596133,24.782703374999983
small,native-bucket,Cotangent native + bucketed norms,1032,1800,2.6303704073368617,65536,24.43664082398027,26.2032584999979
small,native-bucket,Cotangent native + bucketed norms,1032,1900,2.6043397313649184,65536,25.797422740964976,27.6293602500009
small,native-bucket,Cotangent native + bucketed norms,1032,2000,2.5842552104361953,65536,27.183868655956758,29.08219745799579
small,native-fused,Native fused AdamW,1032,100,3.6888587160701216,65536,1.669152795955597,2.305146541002614
small,native-fused,Native fused AdamW,1032,200,3.6260381187393422,65536,3.3334798789583147,4.03429004100326
small,native-fused,Native fused AdamW,1032,300,3.595662886909255,65536,4.998432798936847,5.76404729099886
small,native-fused,Native fused AdamW,1032,400,3.577039573577925,65536,6.691898251949169,7.522561833000509
small,native-fused,Native fused AdamW,1032,500,3.517086442984981,65536,8.355220704965177,9.250151416003064
small,native-fused,Native fused AdamW,1032,600,3.46663064582714,65536,10.007065281992254,10.966190833001747
small,native-fused,Native fused AdamW,1032,700,3.338739144170367,65536,11.660906401943066,12.685461374996521
small,native-fused,Native fused AdamW,1032,800,3.1514473823985956,65536,13.346664067954407,14.435066124999139
small,native-fused,Native fused AdamW,1032,900,3.071036007202146,65536,15.022367858917278,16.17516108300333
small,native-fused,Native fused AdamW,1032,1000,2.98897057273765,65536,16.683963936950022,17.90121870800067
small,native-fused,Native fused AdamW,1032,1100,2.928175705306805,65536,18.322058398945956,19.603358874999685
small,native-fused,Native fused AdamW,1032,1200,2.8705249440821667,65536,19.960338646909804,21.305611875002796
small,native-fused,Native fused AdamW,1032,1300,2.8207830415335993,65536,21.599429523936124,23.008904374997655
small,native-fused,Native fused AdamW,1032,1400,2.7699606526065286,65536,23.24204927495157,24.715422790999583
small,native-fused,Native fused AdamW,1032,1500,2.7199898572730365,65536,24.885073813922645,26.422064582999155
small,native-fused,Native fused AdamW,1032,1600,2.6795372052754014,65536,26.545761565976136,28.14676150000014
small,native-fused,Native fused AdamW,1032,1700,2.651603686382023,65536,28.1915320269909,29.856762750001508
small,native-fused,Native fused AdamW,1032,1800,2.623583273254296,65536,29.8583497770378,31.587640083002043
small,native-fused,Native fused AdamW,1032,1900,2.6039292678963455,65536,31.524948939048045,33.32000395799696
small,native-fused,Native fused AdamW,1032,2000,2.5788133945166307,65536,33.19312556905061,35.05441150000115
small,native-bucket,Cotangent native + bucketed norms,1052,100,3.6922200094920785,65536,1.3419746180225047,2.0601422499967157
small,native-bucket,Cotangent native + bucketed norms,1052,200,3.6063913796483904,65536,2.6758220740011893,3.4582322079950245
small,native-bucket,Cotangent native + bucketed norms,1052,300,3.5829920221112745,65536,4.029104787012329,4.876169208000647
small,native-bucket,Cotangent native + bucketed norms,1052,400,3.5590454480258606,65536,5.382537657977082,6.294198666000739
small,native-bucket,Cotangent native + bucketed norms,1052,500,3.5474701127138766,65536,6.739721241945517,7.7164258749980945
small,native-bucket,Cotangent native + bucketed norms,1052,600,3.491155124615116,65536,8.117603698963649,9.158987332994002
small,native-bucket,Cotangent native + bucketed norms,1052,700,3.4355696009299903,65536,9.474077159975423,10.581185874994844
small,native-bucket,Cotangent native + bucketed norms,1052,800,3.3297494605249485,65536,10.835718160000397,12.00768408300064
small,native-bucket,Cotangent native + bucketed norms,1052,900,3.1172973248625517,65536,12.198683534996235,13.436020624998491
small,native-bucket,Cotangent native + bucketed norms,1052,1000,3.00031188803193,65536,13.557928076006647,14.860757124995871
small,native-bucket,Cotangent native + bucketed norms,1052,1100,2.9182813069265228,65536,14.907946663042821,16.275693666000734
small,native-bucket,Cotangent native + bucketed norms,1052,1200,2.8504479581433344,65536,16.246511417055444,17.67903737499728
small,native-bucket,Cotangent native + bucketed norms,1052,1300,2.7872755541768415,65536,17.610943789040903,19.108815332998347
small,native-bucket,Cotangent native + bucketed norms,1052,1400,2.7353576357637746,65536,18.943909450026695,20.50694300000032
small,native-bucket,Cotangent native + bucketed norms,1052,1500,2.698799235299747,65536,20.290423617057968,21.91825508299371
small,native-bucket,Cotangent native + bucketed norms,1052,1600,2.653801054967519,65536,21.649739498097915,23.342542499995034
small,native-bucket,Cotangent native + bucketed norms,1052,1700,2.6067967830043015,65536,23.00523775005422,24.762741874998028
small,native-bucket,Cotangent native + bucketed norms,1052,1800,2.588488068937062,65536,24.36065392006276,26.183260332996724
small,native-bucket,Cotangent native + bucketed norms,1052,1900,2.5662113066556222,65536,25.71219816505618,27.599718540994218
small,native-bucket,Cotangent native + bucketed norms,1052,2000,2.5491626127310134,65536,27.090827662068477,29.04307212499407
small,native-fused,Native fused AdamW,1052,100,3.692120539026386,65536,1.6496159950111178,2.2919256669993047
small,native-fused,Native fused AdamW,1052,200,3.605367814152865,65536,3.284995242996956,3.9912455000012415
small,native-fused,Native fused AdamW,1052,300,3.5805647772150695,65536,4.921184368962713,5.696195666998392
small,native-fused,Native fused AdamW,1052,400,3.547910560282736,65536,6.588237693977135,7.42745012499654
small,native-fused,Native fused AdamW,1052,500,3.5315130786656197,65536,8.228788902015367,9.132126166994567
small,native-fused,Native fused AdamW,1052,600,3.4906634369652147,65536,9.866648988019733,10.834393999997701
small,native-fused,Native fused AdamW,1052,700,3.4283221982780527,65536,11.507417610038829,12.53951779199997
small,native-fused,Native fused AdamW,1052,800,3.2979903702946936,65536,13.174000648061337,14.271034958997916
small,native-fused,Native fused AdamW,1052,900,3.095919537395003,65536,14.842485101056809,16.005217499994615
small,native-fused,Native fused AdamW,1052,1000,3.001547626374042,65536,16.50106185300683,17.728880791997653
small,native-fused,Native fused AdamW,1052,1100,2.9156430124454196,65536,18.15040701704129,19.442485958999896
small,native-fused,Native fused AdamW,1052,1200,2.843351481016445,65536,19.799245644106122,21.15599854199536
small,native-fused,Native fused AdamW,1052,1300,2.7863501262814645,65536,21.459433483105386,22.88086245899467
small,native-fused,Native fused AdamW,1052,1400,2.7402142000969114,65536,23.133514816101524,24.619800874999783
small,native-fused,Native fused AdamW,1052,1500,2.697133207114092,65536,24.78770977412205,26.338940374997037
small,native-fused,Native fused AdamW,1052,1600,2.64908369984134,65536,26.451105071151687,28.0666932919994
small,native-fused,Native fused AdamW,1052,1700,2.6120643375028796,65536,28.10535507516761,29.785169333998056
small,native-fused,Native fused AdamW,1052,1800,2.5901974474996505,65536,29.775089446193306,31.52097045899427
small,native-fused,Native fused AdamW,1052,1900,2.565138908836167,65536,31.43822223620373,33.24978316699708
small,native-fused,Native fused AdamW,1052,2000,2.546397287564417,65536,33.102569613198284,34.97924866699759
small,native-fused,Native fused AdamW,1065,100,3.668732801067119,65536,1.6562149559831596,2.2988264160012477
small,native-fused,Native fused AdamW,1065,200,3.6104339715928244,65536,3.3113424989860505,4.01828833300533
small,native-fused,Native fused AdamW,1065,300,3.582464056870957,65536,4.974555749970023,5.745794000002206
small,native-fused,Native fused AdamW,1065,400,3.5525778684575138,65536,6.629178210969258,7.464863166002033
small,native-fused,Native fused AdamW,1065,500,3.530203430779299,65536,8.28877017195191,9.18912233300216
small,native-fused,Native fused AdamW,1065,600,3.4795552925243,65536,9.958524960900832,10.923596166001516
small,native-fused,Native fused AdamW,1065,700,3.3801870060239665,65536,11.622093420934107,12.652085875000921
small,native-fused,Native fused AdamW,1065,800,3.193793230165844,65536,13.292952039919328,14.387845290999394
small,native-fused,Native fused AdamW,1065,900,3.055253438804274,65536,14.960692369859316,16.12011500000517
small,native-fused,Native fused AdamW,1065,1000,2.978040844173631,65536,16.607623077834432,17.831619583004795
small,native-fused,Native fused AdamW,1065,1100,2.900320169796677,65536,18.27931336688198,19.568092166002316
small,native-fused,Native fused AdamW,1065,1200,2.830806776241788,65536,19.934927074878942,21.28770854100003
small,native-fused,Native fused AdamW,1065,1300,2.757524974083603,65536,21.57154316085507,22.98873637500219
small,native-fused,Native fused AdamW,1065,1400,2.7162646270640227,65536,23.21168145485717,24.69348883299972
small,native-fused,Native fused AdamW,1065,1500,2.661609857361993,65536,24.85086374788807,26.396592666002107
small,native-fused,Native fused AdamW,1065,1600,2.6251807986003293,65536,26.517954750859644,28.127579625004728
small,native-fused,Native fused AdamW,1065,1700,2.590990034920609,65536,28.16571504588501,29.83919066600356
small,native-fused,Native fused AdamW,1065,1800,2.5612900016033513,65536,29.81546259384777,31.553598208003677
small,native-fused,Native fused AdamW,1065,1900,2.5429303000545893,65536,31.486241764847364,33.34880183300265
small,native-fused,Native fused AdamW,1065,2000,2.5272224043739384,65536,33.349641306827834,35.28376808300527
small,native-bucket,Cotangent native + bucketed norms,1065,100,3.66858874409919,65536,1.3458024639985524,2.0703982500053826
small,native-bucket,Cotangent native + bucketed norms,1065,200,3.61057425569135,65536,2.6938534210203215,3.482692458004749
small,native-bucket,Cotangent native + bucketed norms,1065,300,3.579489724413442,65536,4.03812062698853,4.891575666006247
small,native-bucket,Cotangent native + bucketed norms,1065,400,3.548094785948557,65536,5.434743749021436,6.353151916002389
small,native-bucket,Cotangent native + bucketed norms,1065,500,3.51989118979983,65536,6.788596756014158,7.772398875000363
small,native-bucket,Cotangent native + bucketed norms,1065,600,3.4746806485149913,65536,8.144481754025037,9.193557165999664
small,native-bucket,Cotangent native + bucketed norms,1065,700,3.38643193255294,65536,9.535488626024744,10.649831916001858
small,native-bucket,Cotangent native + bucketed norms,1065,800,3.2102653415045195,65536,10.901666041005228,12.081528791000892
small,native-bucket,Cotangent native + bucketed norms,1065,900,3.0625761107382528,65536,12.275289502031228,13.520157416001894
small,native-bucket,Cotangent native + bucketed norms,1065,1000,2.982364283786924,65536,13.677219161014364,14.990032125002472
small,native-bucket,Cotangent native + bucketed norms,1065,1100,2.9035775158295607,65536,15.046729871995922,16.424518833002367
small,native-bucket,Cotangent native + bucketed norms,1065,1200,2.836045244174539,65536,16.418443328984722,17.868082291002793
small,native-bucket,Cotangent native + bucketed norms,1065,1300,2.770744861247716,65536,17.92694282901357,19.448160915999324
small,native-bucket,Cotangent native + bucketed norms,1065,1400,2.732714273168929,65536,19.353649827986374,20.94453145800071
small,native-bucket,Cotangent native + bucketed norms,1065,1500,2.674618770183617,65536,20.782297490026394,22.439109375001863
small,native-bucket,Cotangent native + bucketed norms,1065,1600,2.6438464680338924,65536,22.1639644050083,23.8883516660062
small,native-bucket,Cotangent native + bucketed norms,1065,1700,2.6082029185322138,65536,23.558577993047948,25.347960416002024
small,native-bucket,Cotangent native + bucketed norms,1065,1800,2.578560692883477,65536,24.924855283075885,26.77863666600024
small,native-bucket,Cotangent native + bucketed norms,1065,1900,2.55866309559841,65536,26.28770540307596,28.20631191600114
small,native-bucket,Cotangent native + bucketed norms,1065,2000,2.543607094781397,65536,27.653324231105216,29.636654000001727
small,native-fused,Native fused AdamW,1005,100,3.6756455899739713,65536,1.680194168970047,2.322639624995645
small,native-fused,Native fused AdamW,1005,200,3.6239258278214455,65536,3.3597865859483136,4.066603874998691
small,native-fused,Native fused AdamW,1005,300,3.5911941649516455,65536,5.017585582914762,5.788870207994478
small,native-fused,Native fused AdamW,1005,400,3.5657664225324224,65536,6.690210749904509,7.526962624993757
small,native-fused,Native fused AdamW,1005,500,3.528059925010271,65536,8.358449372921314,9.259882457998174
small,native-fused,Native fused AdamW,1005,600,3.492962898751829,65536,10.005141498921148,10.971246082997823
small,native-fused,Native fused AdamW,1005,700,3.3896479221327493,65536,11.640368084874353,12.670113916996343
small,native-fused,Native fused AdamW,1005,800,3.1790457393521896,65536,13.277599708882917,14.371570249997603
small,native-fused,Native fused AdamW,1005,900,3.0723135749496224,65536,14.914000164862955,16.071889957995154
small,native-fused,Native fused AdamW,1005,1000,2.9900270245406952,65536,16.54782663084916,17.769350999995368
small,native-fused,Native fused AdamW,1005,1100,2.9217233462030596,65536,18.186965174914803,19.47192641699803
small,native-fused,Native fused AdamW,1005,1200,2.851251407343587,65536,19.82391776097211,21.172598707998986
small,native-fused,Native fused AdamW,1005,1300,2.7918418762888155,65536,21.46788430091692,22.88060266699904
small,native-fused,Native fused AdamW,1005,1400,2.7439446059088244,65536,23.12815785089333,24.607127332994423
small,native-fused,Native fused AdamW,1005,1500,2.6866043002412825,65536,24.830727174870844,26.376445374997274
small,native-fused,Native fused AdamW,1005,1600,2.6412476758179095,65536,26.517831262877735,28.133391291994485
small,native-fused,Native fused AdamW,1005,1700,2.604586585587943,65536,28.20058421988506,29.88551699999516
small,native-fused,Native fused AdamW,1005,1800,2.578036489763647,65536,29.87203646884882,31.621759207999276
small,native-fused,Native fused AdamW,1005,1900,2.551320785395486,65536,31.535505057880073,33.35039804199914
small,native-fused,Native fused AdamW,1005,2000,2.5370686046163162,65536,33.24308118290355,35.1266030419938
small,native-bucket,Cotangent native + bucketed norms,1005,100,3.6756855866892124,65536,1.3730107520095771,2.2810105419994215
small,native-bucket,Cotangent native + bucketed norms,1005,200,3.624132873435253,65536,2.7544488310377346,3.730480041995179
small,native-bucket,Cotangent native + bucketed norms,1005,300,3.5913572689981574,65536,4.144764116033912,5.1859619169990765
small,native-bucket,Cotangent native + bucketed norms,1005,400,3.567862643821379,65536,5.518220281039248,6.62424258399551
small,native-bucket,Cotangent native + bucketed norms,1005,500,3.5294229305140212,65536,6.908863281038066,8.080189541993605
small,native-bucket,Cotangent native + bucketed norms,1005,600,3.487287170303717,65536,8.285296286070661,9.521617916994728
small,native-bucket,Cotangent native + bucketed norms,1005,700,3.407989259159074,65536,9.675431957111869,10.976714208998601
small,native-bucket,Cotangent native + bucketed norms,1005,800,3.190043427935588,65536,11.054503784158442,12.420973041997058
small,native-bucket,Cotangent native + bucketed norms,1005,900,3.086765459833191,65536,12.450792330142576,13.882966833996761
small,native-bucket,Cotangent native + bucketed norms,1005,1000,3.002609920212759,65536,13.870425115135731,15.372451208997518
small,native-bucket,Cotangent native + bucketed norms,1005,1100,2.9250744174062056,65536,15.389543620120094,16.962005458997737
small,native-bucket,Cotangent native + bucketed norms,1005,1200,2.8476757214239563,65536,16.786291619100666,18.426342833998206
small,native-bucket,Cotangent native + bucketed norms,1005,1300,2.778897913790181,65536,18.163020999076252,19.868778916999872
small,native-bucket,Cotangent native + bucketed norms,1005,1400,2.731390759181383,65536,19.54459066704294,21.315919374996156
small,native-bucket,Cotangent native + bucketed norms,1005,1500,2.6730501594207605,65536,20.95822341609164,22.794442458995036
small,native-bucket,Cotangent native + bucketed norms,1005,1600,2.625748335973719,65536,22.371982126038347,24.273731333996693
small,native-bucket,Cotangent native + bucketed norms,1005,1700,2.590756036400737,65536,23.750488288103952,25.716709791995527
small,native-bucket,Cotangent native + bucketed norms,1005,1800,2.567284591260621,65536,25.199844290080364,27.231149541999912
small,native-bucket,Cotangent native + bucketed norms,1005,1900,2.5443647428519416,65536,26.62342387305398,28.721861583995633
small,native-bucket,Cotangent native + bucketed norms,1005,2000,2.52914343983516,65536,28.010478830074135,30.17436979199556
small,native-fused,Native fused AdamW,1039,100,3.7036080019526945,65536,1.6801432120701065,2.4217950829988695
small,native-fused,Native fused AdamW,1039,200,3.6166228747732796,65536,3.3658548311068444,4.175506665997091
small,native-fused,Native fused AdamW,1039,300,3.577500024878863,65536,5.051713171065785,5.9269224160016165
small,native-fused,Native fused AdamW,1039,400,3.551411664850929,65536,6.738109262048965,7.678968749998603
small,native-fused,Native fused AdamW,1039,500,3.5250524751435486,65536,8.48555430201668,9.49641008299659
small,native-fused,Native fused AdamW,1039,600,3.4787901309616953,65536,10.254464466968784,11.33037829100067
small,native-fused,Native fused AdamW,1039,700,3.4174001928099496,65536,11.938533423926856,13.080104499997105
small,native-fused,Native fused AdamW,1039,800,3.277818116716199,65536,13.623174880856823,14.829641374999483
small,native-fused,Native fused AdamW,1039,900,3.111820419107753,65536,15.303373839844426,16.57477254099649
small,native-fused,Native fused AdamW,1039,1000,3.011217899113503,65536,16.982997000784962,18.31940045800002
small,native-fused,Native fused AdamW,1039,1100,2.9383766197665877,65536,18.6603481347629,20.063503208002658
small,native-fused,Native fused AdamW,1039,1200,2.8745223529595445,65536,20.373551719705574,21.842902791002416
small,native-fused,Native fused AdamW,1039,1300,2.8220539557022706,65536,22.06686522073869,23.601352290999785
small,native-fused,Native fused AdamW,1039,1400,2.7768944180223283,65536,23.747426548681688,25.347197165996477
small,native-fused,Native fused AdamW,1039,1500,2.7198241466144726,65536,25.429178715705348,27.093548083001224
small,native-fused,Native fused AdamW,1039,1600,2.6986992918817645,65536,27.104334005722194,28.8360452909983
small,native-fused,Native fused AdamW,1039,1700,2.6665364186340303,65536,28.778572799703397,30.575164916001086
small,native-fused,Native fused AdamW,1039,1800,2.6444690183577264,65536,30.45733342368476,32.319064333001734
small,native-fused,Native fused AdamW,1039,1900,2.6222268998315195,65536,32.137056711668265,34.06328716599819
small,native-fused,Native fused AdamW,1039,2000,2.6099490261396765,65536,33.83146804968419,35.82274995800253
small,native-bucket,Cotangent native + bucketed norms,1039,100,3.703598542906897,65536,1.3863224570159218,2.0473653329972876
small,native-bucket,Cotangent native + bucketed norms,1039,200,3.6167904073730512,65536,2.7656533300250885,3.4934127500018803
small,native-bucket,Cotangent native + bucketed norms,1039,300,3.578052207426205,65536,4.149176248065487,4.941261375002796
small,native-bucket,Cotangent native + bucketed norms,1039,400,3.550767170615736,65536,5.531464749103179,6.38828199999989
small,native-bucket,Cotangent native + bucketed norms,1039,500,3.5254810559094985,65536,6.917007965108496,7.838962374997209
small,native-bucket,Cotangent native + bucketed norms,1039,600,3.4761848410261846,65536,8.29946258905693,9.286566125003446
small,native-bucket,Cotangent native + bucketed norms,1039,700,3.4131923470358676,65536,9.683759920095326,10.735581624998304
small,native-bucket,Cotangent native + bucketed norms,1039,800,3.2740982179693616,65536,11.069434208104212,12.185961625000346
small,native-bucket,Cotangent native + bucketed norms,1039,900,3.1114905133877357,65536,12.45272870111512,13.635322291003831
small,native-bucket,Cotangent native + bucketed norms,1039,1000,3.004413765620791,65536,13.858666950123734,15.11583729099948
small,native-bucket,Cotangent native + bucketed norms,1039,1100,2.9411395532994455,65536,15.323856109120243,16.64657787499891
small,native-bucket,Cotangent native + bucketed norms,1039,1200,2.864166734730853,65536,16.717410063152784,18.105663415997697
small,native-bucket,Cotangent native + bucketed norms,1039,1300,2.8085383712422884,65536,18.10171543310571,19.555796207998355
small,native-bucket,Cotangent native + bucketed norms,1039,1400,2.76846527958065,65536,19.481841734115733,21.000479583002743
small,native-bucket,Cotangent native + bucketed norms,1039,1500,2.7125276859113767,65536,20.862137567135505,22.446810708002886
small,native-bucket,Cotangent native + bucketed norms,1039,1600,2.6789320413226783,65536,22.243344353191787,23.89518875000067
small,native-bucket,Cotangent native + bucketed norms,1039,1700,2.651448219440101,65536,23.633511017178535,25.352338791002694
small,native-bucket,Cotangent native + bucketed norms,1039,1800,2.628505411347532,65536,25.01657797813823,26.800684458001342
small,native-bucket,Cotangent native + bucketed norms,1039,1900,2.6008620486839904,65536,26.39994031009701,28.249232875001326
small,native-bucket,Cotangent native + bucketed norms,1039,2000,2.587297443794055,65536,27.780988681122835,29.695536874998652
small,native-bucket,Cotangent native + bucketed norms,1002,100,3.692920484080127,65536,1.3807380830476177,2.043267291999655
small,native-bucket,Cotangent native + bucketed norms,1002,200,3.6128495646644336,65536,2.7726350830707815,3.4997717079968425
small,native-bucket,Cotangent native + bucketed norms,1002,300,3.5905242280330407,65536,4.154892905055021,4.94687612499547
small,native-bucket,Cotangent native + bucketed norms,1002,400,3.5593301115597855,65536,5.537635489054082,6.396065332999569
small,native-bucket,Cotangent native + bucketed norms,1002,500,3.5310639782196382,65536,6.923430316055601,7.847576916996331
small,native-bucket,Cotangent native + bucketed norms,1002,600,3.4805691947446302,65536,8.306860063094064,9.296112999996694
small,native-bucket,Cotangent native + bucketed norms,1002,700,3.387850036998461,65536,9.690974817094684,10.745632999998634
small,native-bucket,Cotangent native + bucketed norms,1002,800,3.2625682860772054,65536,11.072713397123152,12.191846541994892
small,native-bucket,Cotangent native + bucketed norms,1002,900,3.1494338202712098,65536,12.453632228156494,13.642695208000077
small,native-bucket,Cotangent native + bucketed norms,1002,1000,3.060341335926194,65536,13.83432627016009,15.088862500000687
small,native-bucket,Cotangent native + bucketed norms,1002,1100,2.9845362311868393,65536,15.214633099138155,16.534039457998006
small,native-bucket,Cotangent native + bucketed norms,1002,1200,2.919588600800309,65536,16.63142693014379,18.016640874993755
small,native-bucket,Cotangent native + bucketed norms,1002,1300,2.848642538019155,65536,18.19150868016004,19.65092474999983
small,native-bucket,Cotangent native + bucketed norms,1002,1400,2.793175956460474,65536,19.65726088415977,21.184338667000702
small,native-bucket,Cotangent native + bucketed norms,1002,1500,2.747008831548163,65536,21.05108988314896,22.645730917000037
small,native-bucket,Cotangent native + bucketed norms,1002,1600,2.708752032538913,65536,22.469640004121175,24.129005749993667
small,native-bucket,Cotangent native + bucketed norms,1002,1700,2.6741738779381246,65536,23.864314174163155,25.590397624997422
small,native-bucket,Cotangent native + bucketed norms,1002,1800,2.6593808493431963,65536,25.24770792313211,27.040215875000285
small,native-bucket,Cotangent native + bucketed norms,1002,1900,2.625720146942351,65536,26.636392256143154,28.49407312499534
small,native-bucket,Cotangent native + bucketed norms,1002,2000,2.6119753741022627,65536,28.026266636195942,29.951899832994968
small,native-fused,Native fused AdamW,1002,100,3.6929226768589256,65536,1.7646760029601865,2.4688560829963535
small,native-fused,Native fused AdamW,1002,200,3.6128646776398785,65536,3.5062185419883463,4.275913625002431
small,native-fused,Native fused AdamW,1002,300,3.5897322156790703,65536,5.442649256940058,6.281167499997537
small,native-fused,Native fused AdamW,1002,400,3.5602283984430736,65536,7.390274085984856,8.30442495799798
small,native-fused,Native fused AdamW,1002,500,3.5254399735537736,65536,9.188711794027768,10.172052125002665
small,native-fused,Native fused AdamW,1002,600,3.4808002104404014,65536,10.893755919001705,11.942192417001934
small,native-fused,Native fused AdamW,1002,700,3.374727868226785,65536,12.592668710036378,13.705727166998258
small,native-fused,Native fused AdamW,1002,800,3.2497710677754195,65536,14.285958378000942,15.474229041996296
small,native-fused,Native fused AdamW,1002,900,3.1400458355553087,65536,16.044174966002174,17.299684500001604
small,native-fused,Native fused AdamW,1002,1000,3.0524531581638894,65536,17.71526738297689,19.036524374998407
small,native-fused,Native fused AdamW,1002,1100,2.986457508498664,65536,19.407680635005818,20.797830916999374
small,native-fused,Native fused AdamW,1002,1200,2.9239352311991795,65536,21.212998012000753,22.670384332996036
small,native-fused,Native fused AdamW,1002,1300,2.8511360661038943,65536,22.927793344999372,24.452275666997593
small,native-fused,Native fused AdamW,1002,1400,2.8092070827845057,65536,24.66117509600008,26.25136479199864
small,native-fused,Native fused AdamW,1002,1500,2.758682186222223,65536,26.330187307001324,27.985343000000285
small,native-fused,Native fused AdamW,1002,1600,2.721805827457955,65536,27.997528062020137,29.719054791996314
small,native-fused,Native fused AdamW,1002,1700,2.6840238564243637,65536,29.67491085603251,31.46205545799603
small,native-fused,Native fused AdamW,1002,1800,2.6588274091727198,65536,31.341022779066407,33.19326266700227
small,native-fused,Native fused AdamW,1002,1900,2.6350808777825483,65536,33.11630032010726,35.05597791699984
small,native-fused,Native fused AdamW,1002,2000,2.61620693735879,65536,34.841490323138714,36.84949379199679
small,native-bucket,Cotangent native + bucketed norms,1020,100,3.6913286556594036,65536,1.3927259630072513,2.175428500006092
small,native-bucket,Cotangent native + bucketed norms,1020,200,3.614399429318347,65536,2.767136011061666,3.614350875002856
small,native-bucket,Cotangent native + bucketed norms,1020,300,3.5933279537009004,65536,4.13791989008314,5.050137750004069
small,native-bucket,Cotangent native + bucketed norms,1020,400,3.5647253255554245,65536,5.531448717076273,6.516087167001388
small,native-bucket,Cotangent native + bucketed norms,1020,500,3.536421635503895,65536,6.928828671036172,7.978579959002673
small,native-bucket,Cotangent native + bucketed norms,1020,600,3.4832211027274402,65536,8.296393511052884,9.41201933400589
small,native-bucket,Cotangent native + bucketed norms,1020,700,3.38875951350297,65536,9.667148559987254,10.847548584002652
small,native-bucket,Cotangent native + bucketed norms,1020,800,3.1987948511160678,65536,11.079832021969196,12.326079042002675
small,native-bucket,Cotangent native + bucketed norms,1020,900,3.0714118054176547,65536,12.51927940092719,13.8329852090028
small,native-bucket,Cotangent native + bucketed norms,1020,1000,2.99245561305136,65536,14.000442570897576,15.384980417002225
small,native-bucket,Cotangent native + bucketed norms,1020,1100,2.9042147760445016,65536,15.428156818947173,16.88303625000117
small,native-bucket,Cotangent native + bucketed norms,1020,1200,2.847701024371464,65536,16.916454025944404,18.440854292006406
small,native-bucket,Cotangent native + bucketed norms,1020,1300,2.799157432440615,65536,18.362695274016005,19.95375545900606
small,native-bucket,Cotangent native + bucketed norms,1020,1400,2.743969871235128,65536,19.7434401890132,21.401583750004647
small,native-bucket,Cotangent native + bucketed norms,1020,1500,2.697558643822206,65536,21.149189517040213,22.87255520900362
small,native-bucket,Cotangent native + bucketed norms,1020,1600,2.65684589493743,65536,22.519199295034923,24.30753991700476
small,native-bucket,Cotangent native + bucketed norms,1020,1700,2.6279835783636094,65536,23.901492219076317,25.754782584001077
small,native-bucket,Cotangent native + bucketed norms,1020,1800,2.599644610370822,65536,25.274168465119146,27.192793250003888
small,native-bucket,Cotangent native + bucketed norms,1020,1900,2.573105585929675,65536,26.644477378140436,28.630755125006544
small,native-bucket,Cotangent native + bucketed norms,1020,2000,2.5590782187219303,65536,28.029368711126153,30.081092709006043
small,native-fused,Native fused AdamW,1020,100,3.6912920018569384,65536,1.719561462981801,2.4318068339998717
small,native-fused,Native fused AdamW,1020,200,3.6141771847377693,65536,3.4046360430002096,4.182820125002763
small,native-fused,Native fused AdamW,1020,300,3.592082272611785,65536,5.074881079002807,5.917022084002383
small,native-fused,Native fused AdamW,1020,400,3.5631825551858594,65536,6.7700887009632424,7.67791970899998
small,native-fused,Native fused AdamW,1020,500,3.5353284922771797,65536,8.449171823966026,9.422864209002
small,native-fused,Native fused AdamW,1020,600,3.4877925413232775,65536,10.132730776022072,11.171678124999744
small,native-fused,Native fused AdamW,1020,700,3.393371754982725,65536,11.969396740001685,13.093060917002731
small,native-fused,Native fused AdamW,1020,800,3.200702977129559,65536,13.83462478002184,15.025465417005762
small,native-fused,Native fused AdamW,1020,900,3.062710880643035,65536,15.520768032030901,16.778363667006488
small,native-fused,Native fused AdamW,1020,1000,2.990051225724346,65536,17.21795448804187,18.543625250000332
small,native-fused,Native fused AdamW,1020,1100,2.9001530671535325,65536,18.90866411299794,20.30208500000299
small,native-fused,Native fused AdamW,1020,1200,2.840548609887382,65536,20.645948781973857,22.104473667001002
small,native-fused,Native fused AdamW,1020,1300,2.790766114058753,65536,22.39824765600497,23.928184500000498
small,native-fused,Native fused AdamW,1020,1400,2.7408023216438258,65536,24.21059465497092,25.810409125006117
small,native-fused,Native fused AdamW,1020,1500,2.696086278850338,65536,25.97019690601155,27.637001084003714
small,native-fused,Native fused AdamW,1020,1600,2.652996778100759,65536,27.8341927780275,29.57248350000009
small,native-fused,Native fused AdamW,1020,1700,2.62226573028941,65536,29.592311160020472,31.39637975000369
small,native-fused,Native fused AdamW,1020,1800,2.5952596063429776,65536,31.304367199991248,33.17462566700124
small,native-fused,Native fused AdamW,1020,1900,2.572473356207272,65536,33.04881244398712,34.984815792005975
small,native-fused,Native fused AdamW,1020,2000,2.55825881813081,65536,34.83565974602243,36.84596829200018
small,native-fused,Native fused AdamW,1077,100,3.677431275088964,65536,1.6855526670187828,2.5154738329947577
small,native-fused,Native fused AdamW,1077,200,3.6232929209173546,65536,3.37682791602856,4.272139916000015
small,native-fused,Native fused AdamW,1077,300,3.5914798281347284,65536,5.123072577007406,6.094023457997537
small,native-fused,Native fused AdamW,1077,400,3.5650695380822106,65536,6.969813990021066,8.022458250001364
small,native-fused,Native fused AdamW,1077,500,3.534926708558017,65536,8.706239862054645,9.830155582996667
small,native-fused,Native fused AdamW,1077,600,3.497838123202584,65536,10.400933241042367,11.591065207998327
small,native-fused,Native fused AdamW,1077,700,3.4259516861588013,65536,12.121846369038394,13.378867708001053
small,native-fused,Native fused AdamW,1077,800,3.2888702808042583,65536,13.829892657988239,15.1536891249998
small,native-fused,Native fused AdamW,1077,900,3.1290480824784157,65536,15.510032360980404,16.901558375000604
small,native-fused,Native fused AdamW,1077,1000,3.0204502287814576,65536,17.183221444916853,18.64193441599491
small,native-fused,Native fused AdamW,1077,1100,2.9410387230959194,65536,18.882402693881886,20.40842495799734
small,native-fused,Native fused AdamW,1077,1200,2.8849510638148526,65536,20.620566146921192,22.2126258329954
small,native-fused,Native fused AdamW,1077,1300,2.815378733955296,65536,22.347538807931414,24.005684457995812
small,native-fused,Native fused AdamW,1077,1400,2.769673167482238,65536,24.07427063897194,25.80611174999649
small,native-fused,Native fused AdamW,1077,1500,2.72083693632203,65536,25.862431016961636,27.666821291000815
small,native-fused,Native fused AdamW,1077,1600,2.6778861503292872,65536,27.681906554898887,29.550802375000785
small,native-fused,Native fused AdamW,1077,1700,2.6473086615273274,65536,29.381565841904376,31.319236415998603
small,native-fused,Native fused AdamW,1077,1800,2.6277965257329647,65536,31.039899129878904,33.046148165994964
small,native-fused,Native fused AdamW,1077,1900,2.5933213349954647,65536,32.94570350483991,35.04364445799729
small,native-fused,Native fused AdamW,1077,2000,2.581752540398671,65536,34.72171674684796,36.888706790996366
small,native-bucket,Cotangent native + bucketed norms,1077,100,3.677296365448278,65536,1.4433430820063222,2.1246334579991526
small,native-bucket,Cotangent native + bucketed norms,1077,200,3.6234266266794846,65536,2.859029961975466,3.6059007919975556
small,native-bucket,Cotangent native + bucketed norms,1077,300,3.5919169542886435,65536,4.2606826319752145,5.07497833299567
small,native-bucket,Cotangent native + bucketed norms,1077,400,3.5628395572865452,65536,5.739950591007073,6.623617749995901
small,native-bucket,Cotangent native + bucketed norms,1077,500,3.5347213397750554,65536,7.153367591985443,8.103180666999833
small,native-bucket,Cotangent native + bucketed norms,1077,600,3.5019610740406337,65536,8.559385385917267,9.586873791995458
small,native-bucket,Cotangent native + bucketed norms,1077,700,3.4375610310399933,65536,10.028469092976593,11.121729708000203
small,native-bucket,Cotangent native + bucketed norms,1077,800,3.299876160061404,65536,11.561358296967228,12.722784042001877
small,native-bucket,Cotangent native + bucketed norms,1077,900,3.162740687660996,65536,12.971396247958182,14.197686667001108
small,native-bucket,Cotangent native + bucketed norms,1077,1000,3.025831866896594,65536,14.348289663932519,15.639495416995487
small,native-bucket,Cotangent native + bucketed norms,1077,1100,2.952962828474938,65536,15.719669792917557,17.075936291999824
small,native-bucket,Cotangent native + bucketed norms,1077,1200,2.895424619146373,65536,17.10517236893793,18.548424166998302
small,native-bucket,Cotangent native + bucketed norms,1077,1300,2.8259889187540117,65536,18.56440794494847,20.07409504200041
small,native-bucket,Cotangent native + bucketed norms,1077,1400,2.787206336534327,65536,19.954313075992104,21.529887582997617
small,native-bucket,Cotangent native + bucketed norms,1077,1500,2.7330916192282957,65536,21.36479111594963,23.013584832995548
small,native-bucket,Cotangent native + bucketed norms,1077,1600,2.6968374184524393,65536,22.82603348896373,24.549089166997874
small,native-bucket,Cotangent native + bucketed norms,1077,1700,2.659290402592216,65536,24.329942106975068,26.128556957999535
small,native-bucket,Cotangent native + bucketed norms,1077,1800,2.6433164712485118,65536,25.788655820928398,27.655839082995954
small,native-bucket,Cotangent native + bucketed norms,1077,1900,2.6100481203933206,65536,27.28341310995893,29.231068832996243
small,native-bucket,Cotangent native + bucketed norms,1077,2000,2.5979944637080825,65536,28.823195237979235,30.850303207997058
small,native-bucket,Cotangent native + bucketed norms,1010,100,3.685246725687785,65536,1.4193895039934432,2.126006625003356
small,native-bucket,Cotangent native + bucketed norms,1010,200,3.609438256537823,65536,2.805239627006813,3.577279000004637
small,native-bucket,Cotangent native + bucketed norms,1010,300,3.6030075887459176,65536,4.237391330017999,5.078091666000546
small,native-bucket,Cotangent native + bucketed norms,1010,400,3.5674765642680235,65536,5.665572284036898,6.572338000005402
small,native-bucket,Cotangent native + bucketed norms,1010,500,3.5415799433979704,65536,7.10189519704727,8.075930250000965
small,native-bucket,Cotangent native + bucketed norms,1010,600,3.489941002342434,65536,8.481800114022917,9.521446958002343
small,native-bucket,Cotangent native + bucketed norms,1010,700,3.417744029124687,65536,9.925970654032426,11.03532666600222
small,native-bucket,Cotangent native + bucketed norms,1010,800,3.2972505654241755,65536,11.412340735027101,12.586432708005304
small,native-bucket,Cotangent native + bucketed norms,1010,900,3.1415977317542847,65536,12.778041770019627,14.01682462500321
small,native-bucket,Cotangent native + bucketed norms,1010,1000,3.02309250573582,65536,14.222452442067151,15.595370166003704
small,native-bucket,Cotangent native + bucketed norms,1010,1100,2.9285083251280315,65536,15.751812526061258,17.19028570800583
small,native-bucket,Cotangent native + bucketed norms,1010,1200,2.8657072908237877,65536,17.27873756207555,18.786717666000186
small,native-bucket,Cotangent native + bucketed norms,1010,1300,2.8083245269393142,65536,18.701414523071435,20.27607245800027
small,native-bucket,Cotangent native + bucketed norms,1010,1400,2.7591822419029803,65536,20.168669563077856,21.81383379100589
small,native-bucket,Cotangent native + bucketed norms,1010,1500,2.7036028074785863,65536,21.685122684088128,23.395063166004547
small,native-bucket,Cotangent native + bucketed norms,1010,1600,2.666938304467892,65536,23.158962935063755,24.93600204100221
small,native-bucket,Cotangent native + bucketed norms,1010,1700,2.645562570043238,65536,24.606169064070855,26.455161791003775
small,native-bucket,Cotangent native + bucketed norms,1010,1800,2.6109909454087243,65536,26.19126843502454,28.11313179100398
small,native-bucket,Cotangent native + bucketed norms,1010,1900,2.5876134834128464,65536,27.713757063022058,29.702309166001214
small,native-bucket,Cotangent native + bucketed norms,1010,2000,2.5779615107023286,65536,29.190683611035638,31.255210791001446
small,native-fused,Native fused AdamW,1010,100,3.6852027196269956,65536,1.7423142070765607,2.5173388330003945
small,native-fused,Native fused AdamW,1010,200,3.609389510205219,65536,3.5038263310852926,4.344494750002923
small,native-fused,Native fused AdamW,1010,300,3.601609939486934,65536,5.221584167113178,6.1292404160049045
small,native-fused,Native fused AdamW,1010,400,3.572609493972181,65536,6.9824964621220715,7.972449166001752
small,native-fused,Native fused AdamW,1010,500,3.547828578302853,65536,8.755745589114667,9.810502915999677
small,native-fused,Native fused AdamW,1010,600,3.494164219065937,65536,10.454378499089216,11.57636687500053
small,native-fused,Native fused AdamW,1010,700,3.4358636590162184,65536,12.26269579102518,13.455172583002422
small,native-fused,Native fused AdamW,1010,800,3.317839898428844,65536,13.978455955031677,15.236555791001592
small,native-fused,Native fused AdamW,1010,900,3.153436426249318,65536,15.666801248007687,16.991341916000238
small,native-fused,Native fused AdamW,1010,1000,3.034675333042032,65536,17.359359000009135,18.74940058300126
small,native-fused,Native fused AdamW,1010,1100,2.9390992532443083,65536,19.02224204099184,20.477129666003748
small,native-fused,Native fused AdamW,1010,1200,2.888226070316197,65536,20.717262287973426,22.23690195800009
small,native-fused,Native fused AdamW,1010,1300,2.823739563037835,65536,22.42545649602107,24.010695916003897
small,native-fused,Native fused AdamW,1010,1400,2.7756315225447534,65536,24.13444177803467,25.78413666599954
small,native-fused,Native fused AdamW,1010,1500,2.73038298384299,65536,26.09889911000937,27.890625457999704
small,native-fused,Native fused AdamW,1010,1600,2.6932390953163887,65536,28.3631943189539,30.231525499999407
small,native-fused,Native fused AdamW,1010,1700,2.67392321859895,65536,30.191802071989514,32.13071366600343
small,native-fused,Native fused AdamW,1010,1800,2.63412415979363,65536,32.03641669495846,34.039902916003484
small,native-fused,Native fused AdamW,1010,1900,2.6147018634365113,65536,33.786840608983766,35.85776883300423
small,native-fused,Native fused AdamW,1010,2000,2.605124300094781,65536,35.510443527964526,37.651871875001234
small,native-fused,Native fused AdamW,1057,100,3.663782043985888,65536,1.9598610430257395,2.794018082997354
small,native-fused,Native fused AdamW,1057,200,3.6286469773148586,65536,3.947418796022248,4.864169000000402
small,native-fused,Native fused AdamW,1057,300,3.5830813241027353,65536,5.956093008026073,6.949310541000159
small,native-fused,Native fused AdamW,1057,400,3.550646922496036,65536,7.924013337033102,8.995543541001098
small,native-fused,Native fused AdamW,1057,500,3.5284369002320464,65536,9.839273544064781,10.985731416003546
small,native-fused,Native fused AdamW,1057,600,3.4890489068345776,65536,11.672767094052688,12.8912034160021
small,native-fused,Native fused AdamW,1057,700,3.4217978966816687,65536,13.56931959202484,14.870602458002395
small,native-fused,Native fused AdamW,1057,800,3.311273869541794,65536,15.555995297989284,16.937820958002703
small,native-fused,Native fused AdamW,1057,900,3.176814049478931,65536,17.513725711971347,18.975956750000478
small,native-fused,Native fused AdamW,1057,1000,3.0513250702123016,65536,19.46470158597367,21.008903791000193
small,native-fused,Native fused AdamW,1057,1100,2.9589160133090116,65536,21.425697001977824,23.048207874999207
small,native-fused,Native fused AdamW,1057,1200,2.8874680729058926,65536,23.352460419919225,25.050165749998996
small,native-fused,Native fused AdamW,1057,1300,2.824980460859473,65536,25.29850995992456,27.0748676660005
small,native-fused,Native fused AdamW,1057,1400,2.788383428792495,65536,27.224935875914525,29.077389165999193
small,native-fused,Native fused AdamW,1057,1500,2.741033450203212,65536,29.177409830947,31.12459070800105
small,native-fused,Native fused AdamW,1057,1600,2.7061468554670167,65536,31.126986162926187,33.15170420800132
small,native-fused,Native fused AdamW,1057,1700,2.679439513755254,65536,33.05599920198438,35.157651749999786
small,native-fused,Native fused AdamW,1057,1800,2.6534886162354794,65536,34.97936303295137,37.157122582997545
small,native-fused,Native fused AdamW,1057,1900,2.6351921505576565,65536,36.91066169691476,39.164621083000384
small,native-fused,Native fused AdamW,1057,2000,2.6110071708969413,65536,38.834811771899695,41.16502954099997
small,native-bucket,Cotangent native + bucketed norms,1057,100,3.663968591417496,65536,1.6298343719827244,2.4283545409998624
small,native-bucket,Cotangent native + bucketed norms,1057,200,3.6288293756650143,65536,3.234675369945762,4.109331166000629
small,native-bucket,Cotangent native + bucketed norms,1057,300,3.5823364564929325,65536,4.85114736900141,5.8013049159999355
small,native-bucket,Cotangent native + bucketed norms,1057,400,3.55352013990376,65536,6.481949496046582,7.507961583003635
small,native-bucket,Cotangent native + bucketed norms,1057,500,3.5248770528396682,65536,8.081276073011395,9.18482116600353
small,native-bucket,Cotangent native + bucketed norms,1057,600,3.4844914633269544,65536,9.720415446987317,10.89810537500307
small,native-bucket,Cotangent native + bucketed norms,1057,700,3.410094025835996,65536,11.329253695985244,12.583068332998664
small,native-bucket,Cotangent native + bucketed norms,1057,800,3.3047224054354887,65536,12.9442063250317,14.272781874999055
small,native-bucket,Cotangent native + bucketed norms,1057,900,3.1915683121094633,65536,14.545694621054281,15.949812457998632
small,native-bucket,Cotangent native + bucketed norms,1057,1000,3.107996933060518,65536,16.164642333016673,17.64485429100023
small,native-bucket,Cotangent native + bucketed norms,1057,1100,3.0183298439300543,65536,17.78146940800798,19.33837504099938
small,native-bucket,Cotangent native + bucketed norms,1057,1200,2.9367521146422004,65536,19.396973159964546,21.030683583005157
small,native-bucket,Cotangent native + bucketed norms,1057,1300,2.8786664952848553,65536,21.00931716195919,22.718803125004342
small,native-bucket,Cotangent native + bucketed norms,1057,1400,2.8235899488805,65536,22.631786447986087,24.41559295800107
small,native-bucket,Cotangent native + bucketed norms,1057,1500,2.7738073724350034,65536,24.244559202968958,26.110275958002603
small,native-bucket,Cotangent native + bucketed norms,1057,1600,2.7426923249854824,65536,25.864300955014187,27.807362208004633
small,native-bucket,Cotangent native + bucketed norms,1057,1700,2.70812388203001,65536,27.489398706020438,29.5081682500022
small,native-bucket,Cotangent native + bucketed norms,1057,1800,2.680804389570332,65536,29.143435255995428,31.24094466600218
small,native-bucket,Cotangent native + bucketed norms,1057,1900,2.6590282150409754,65536,30.76820529897668,32.94159166600002
small,native-bucket,Cotangent native + bucketed norms,1057,2000,2.639879688191742,65536,32.393213757015474,34.64280254099867
small,native-bucket,Cotangent native + bucketed norms,1080,100,3.690632706364856,65536,1.6245354950369801,2.4785270419961307
small,native-bucket,Cotangent native + bucketed norms,1080,200,3.6001163669044316,65536,3.262970497016795,4.196428832998208
small,native-bucket,Cotangent native + bucketed norms,1080,300,3.590254795712633,65536,4.950711662051617,5.970338874998561
small,native-bucket,Cotangent native + bucketed norms,1080,400,3.554649184508843,65536,6.59554532905895,7.692695083002036
small,native-bucket,Cotangent native + bucketed norms,1080,500,3.517835384433826,65536,8.246838122038753,9.423814499998116
small,native-bucket,Cotangent native + bucketed norms,1080,600,3.4835505677419154,65536,9.897533581024618,11.152422582999861
small,native-bucket,Cotangent native + bucketed norms,1080,700,3.4311590628529505,65536,11.561723538012302,12.896029707997513
small,native-bucket,Cotangent native + bucketed norms,1080,800,3.3170305158271365,65536,13.240581621015735,14.658807291998528
small,native-bucket,Cotangent native + bucketed norms,1080,900,3.2517330136097153,65536,14.914657782013819,16.41842783299944
small,native-bucket,Cotangent native + bucketed norms,1080,1000,3.1313600452539645,65536,16.629603192071954,18.211291999999958
small,native-bucket,Cotangent native + bucketed norms,1080,1100,3.033163471179502,65536,18.293996732092637,19.961466207998456
small,native-bucket,Cotangent native + bucketed norms,1080,1200,2.9794807097989437,65536,19.965849985157547,21.714273917001265
small,native-bucket,Cotangent native + bucketed norms,1080,1300,2.8917913244131612,65536,21.628876478149323,23.45645891699678
small,native-bucket,Cotangent native + bucketed norms,1080,1400,2.828989242089639,65536,23.276078726164997,25.17962683299993
small,native-bucket,Cotangent native + bucketed norms,1080,1500,2.784752477322901,65536,24.89606563817506,26.8817932919992
small,native-bucket,Cotangent native + bucketed norms,1080,1600,2.7463632140512817,65536,26.585642391182773,28.673384207999334
small,native-bucket,Cotangent native + bucketed norms,1080,1700,2.717631953631876,65536,28.259958056201867,30.425349083001493
small,native-bucket,Cotangent native + bucketed norms,1080,1800,2.6803030171474047,65536,29.88241193320573,32.12350391699874
small,native-bucket,Cotangent native + bucketed norms,1080,1900,2.6573372386220298,65536,31.479071222260245,33.79588629199861
small,native-bucket,Cotangent native + bucketed norms,1080,2000,2.64451221824984,65536,33.098863974293636,35.492606207997596
small,native-fused,Native fused AdamW,1080,100,3.690771345879283,65536,1.924109955012682,2.7351862499999697
small,native-fused,Native fused AdamW,1080,200,3.599955487883465,65536,3.8362096670243773,4.725834832999681
small,native-fused,Native fused AdamW,1080,300,3.5918263624273012,65536,5.751720080013911,6.718287667004915
small,native-fused,Native fused AdamW,1080,400,3.5582865423321812,65536,7.666847955995763,8.709591500002716
small,native-fused,Native fused AdamW,1080,500,3.5237518455974826,65536,9.576685496947903,10.696168000002217
small,native-fused,Native fused AdamW,1080,600,3.4901727597133876,65536,11.499911579929176,12.696860625001136
small,native-fused,Native fused AdamW,1080,700,3.4199863496755523,65536,13.415286539930094,14.688210332999006
small,native-fused,Native fused AdamW,1080,800,3.3081845666821765,65536,15.32930049992865,16.67870050000056
small,native-fused,Native fused AdamW,1080,900,3.1941277579196035,65536,17.245292246901954,18.67124870800035
small,native-fused,Native fused AdamW,1080,1000,3.051752581461142,65536,19.413377874850994,20.920568708002975
small,native-fused,Native fused AdamW,1080,1100,2.946457654574004,65536,21.381206408826984,22.965449458002695
small,native-fused,Native fused AdamW,1080,1200,2.875503401119102,65536,23.29972161981277,24.96070737500122
small,native-fused,Native fused AdamW,1080,1300,2.809315845687803,65536,25.235915204793855,26.97455125000124
small,native-fused,Native fused AdamW,1080,1400,2.7557508762997123,65536,27.153293498777202,28.967783000000054
small,native-fused,Native fused AdamW,1080,1500,2.703788559490434,65536,29.103900665832043,30.9953285829979
small,native-fused,Native fused AdamW,1080,1600,2.666063788811628,65536,31.037656622807845,33.004420375000336
small,native-fused,Native fused AdamW,1080,1700,2.6282380320700187,65536,32.950060248760565,34.99324370799877
small,native-fused,Native fused AdamW,1080,1800,2.6033694482444134,65536,34.87867229076073,36.99857491700095
small,native-fused,Native fused AdamW,1080,1900,2.57531952396869,65536,36.79362096176919,38.99184300000343
small,native-fused,Native fused AdamW,1080,2000,2.559500591989076,65536,38.937324002807145,41.22704687499936
small,native-fused,Native fused AdamW,1047,100,3.6884873410334147,65536,1.9582043310438166,2.7881056660044123
small,native-fused,Native fused AdamW,1047,200,3.6246547117936334,65536,3.946499449091789,4.855898916001024
small,native-fused,Native fused AdamW,1047,300,3.5839554366746613,65536,5.905095617075858,6.892336125005386
small,native-fused,Native fused AdamW,1047,400,3.577610598974452,65536,7.861657915076648,8.927991208001913
small,native-fused,Native fused AdamW,1047,500,3.5508140358880964,65536,9.80974858308764,10.957633750003879
small,native-fused,Native fused AdamW,1047,600,3.5084635445892745,65536,11.819773539158632,13.057461291005893
small,native-fused,Native fused AdamW,1047,700,3.4228697463064237,65536,13.6947713761474,15.005421083005785
small,native-fused,Native fused AdamW,1047,800,3.232013407619376,65536,15.541776833131735,16.92684037500294
small,native-fused,Native fused AdamW,1047,900,3.1078330873388245,65536,17.45009324910643,18.915746750004473
small,native-fused,Native fused AdamW,1047,1000,3.0219905752705367,65536,19.453366375164478,20.99955808300001
small,native-fused,Native fused AdamW,1047,1100,2.9602505556840444,65536,21.416129012213787,23.04306429099961
small,native-fused,Native fused AdamW,1047,1200,2.8884001328822433,65536,23.40820522321883,25.121714791006525
small,native-fused,Native fused AdamW,1047,1300,2.8227363506141474,65536,25.395278678181057,27.187019791002967
small,native-fused,Native fused AdamW,1047,1400,2.7749265065398308,65536,27.424235799204325,29.296191458000976
small,native-fused,Native fused AdamW,1047,1500,2.7319559425422386,65536,29.411902094267134,31.364464500002214
small,native-fused,Native fused AdamW,1047,1600,2.682647167550954,65536,31.360261755202373,33.38974337500258
small,native-fused,Native fused AdamW,1047,1700,2.6479616796526533,65536,33.30460775116808,35.41625158300303
small,native-fused,Native fused AdamW,1047,1800,2.6224479244101677,65536,35.27028337820229,37.4713092910024
small,native-fused,Native fused AdamW,1047,1900,2.600927267729872,65536,37.24830783720972,39.53063191600086
small,native-fused,Native fused AdamW,1047,2000,2.5755367434311873,65536,39.21654912518716,41.57780033300514
small,native-bucket,Cotangent native + bucketed norms,1047,100,3.6886395134326815,65536,1.662174585093453,2.4246125420031603
small,native-bucket,Cotangent native + bucketed norms,1047,200,3.62403862694258,65536,3.326542126094864,4.168734207996749
small,native-bucket,Cotangent native + bucketed norms,1047,300,3.5838106272826344,65536,4.980283666103787,5.898360624996712
small,native-bucket,Cotangent native + bucketed norms,1047,400,3.5750524430341932,65536,6.612043292079761,7.607486291999521
small,native-bucket,Cotangent native + bucketed norms,1047,500,3.5410134217971123,65536,8.268558712108643,9.341522583003098
small,native-bucket,Cotangent native + bucketed norms,1047,600,3.4964668732805078,65536,9.907498419153853,11.058740667001985
small,native-bucket,Cotangent native + bucketed norms,1047,700,3.412599673323163,65536,11.542901050161163,12.771265499999572
small,native-bucket,Cotangent native + bucketed norms,1047,800,3.2076174106205104,65536,13.185541086131707,14.491157541997381
small,native-bucket,Cotangent native + bucketed norms,1047,900,3.0973689534318964,65536,14.849998672150832,16.233720917000028
small,native-bucket,Cotangent native + bucketed norms,1047,1000,3.0277103151538958,65536,16.50362229815073,17.963090625002224
small,native-bucket,Cotangent native + bucketed norms,1047,1100,2.9598145904130226,65536,18.131060003172024,19.667536041997664
small,native-bucket,Cotangent native + bucketed norms,1047,1200,2.874339202185291,65536,19.75943930116773,21.37331783300033
small,native-bucket,Cotangent native + bucketed norms,1047,1300,2.804485643070369,65536,21.400198971197824,23.092308667000907
small,native-bucket,Cotangent native + bucketed norms,1047,1400,2.7576185380201306,65536,23.045326471226872,24.816016750002746
small,native-bucket,Cotangent native + bucketed norms,1047,1500,2.7073790144202077,65536,24.67923489023815,26.52736758300307
small,native-bucket,Cotangent native + bucketed norms,1047,1600,2.6658509172855225,65536,26.347187551153183,28.27051533300255
small,native-bucket,Cotangent native + bucketed norms,1047,1700,2.622224814541878,65536,27.9437308851775,29.9416379999966
small,native-bucket,Cotangent native + bucketed norms,1047,1800,2.5983025491292717,65536,29.62385351012199,31.704151958001603
small,native-bucket,Cotangent native + bucketed norms,1047,1900,2.571303304488874,65536,31.283966882117966,33.44408395799837
small,native-bucket,Cotangent native + bucketed norms,1047,2000,2.545312329636991,65536,32.94512242417113,35.181721166998614
small,native-bucket,Cotangent native + bucketed norms,1038,100,3.6892104528378833,65536,1.6312639140087413,2.477279708000424
small,native-bucket,Cotangent native + bucketed norms,1038,200,3.6238138671157336,65536,3.2576455859598354,4.182559791006497
small,native-bucket,Cotangent native + bucketed norms,1038,300,3.5936011481417958,65536,4.865455371938879,5.866538665999542
small,native-bucket,Cotangent native + bucketed norms,1038,400,3.569580578520848,65536,6.4972590359684546,7.5726162909995764
small,native-bucket,Cotangent native + bucketed norms,1038,500,3.5273401238718316,65536,8.108611572963127,9.259288958004618
small,native-bucket,Cotangent native + bucketed norms,1038,600,3.485756804182846,65536,9.731347612017998,10.959289833001094
small,native-bucket,Cotangent native + bucketed norms,1038,700,3.396460090439931,65536,11.344796908007993,12.648827458004234
small,native-bucket,Cotangent native + bucketed norms,1038,800,3.2075332143639974,65536,12.996971951979504,14.383861041002092
small,native-bucket,Cotangent native + bucketed norms,1038,900,3.0821582380970587,65536,14.634783701010747,16.097305041002983
small,native-bucket,Cotangent native + bucketed norms,1038,1000,2.9926471856010477,65536,16.245996493009443,17.784645666004508
small,native-bucket,Cotangent native + bucketed norms,1038,1100,2.9185417316555915,65536,17.896645162065397,19.52477883300162
small,native-bucket,Cotangent native + bucketed norms,1038,1200,2.854026395785379,65536,19.571868366081617,21.288676583004417
small,native-bucket,Cotangent native + bucketed norms,1038,1300,2.804028867898593,65536,21.22883091609401,23.022403875002055
small,native-bucket,Cotangent native + bucketed norms,1038,1400,2.7413153781380966,65536,22.711169161142607,24.573912500003644
small,native-bucket,Cotangent native + bucketed norms,1038,1500,2.689389376540439,65536,24.180912615163834,26.11150712500239
small,native-bucket,Cotangent native + bucketed norms,1038,1600,2.6495544647268723,65536,25.61718810619641,27.617866250002407
small,native-bucket,Cotangent native + bucketed norms,1038,1700,2.616738412120077,65536,27.10433397322049,29.178722750002635
small,native-bucket,Cotangent native + bucketed norms,1038,1800,2.6032529729941163,65536,28.58857310321764,30.731583041000704
small,native-bucket,Cotangent native + bucketed norms,1038,1900,2.5796153926132668,65536,30.053943019229337,32.26617262500076
small,native-bucket,Cotangent native + bucketed norms,1038,2000,2.5715820238724287,65536,31.587075189228926,33.87090000000171
small,native-fused,Native fused AdamW,1038,100,3.6891347804715036,65536,1.7516081660360214,2.5328793750013574
small,native-fused,Native fused AdamW,1038,200,3.622954641792023,65536,3.513344709048397,4.367744583003514
small,native-fused,Native fused AdamW,1038,300,3.59312054262396,65536,5.278951136031537,6.201926333000301
small,native-fused,Native fused AdamW,1038,400,3.570537672721815,65536,7.025378095007909,8.017344917003356
small,native-fused,Native fused AdamW,1038,500,3.5316214384845788,65536,8.805888843999128,9.867526667003403
small,native-fused,Native fused AdamW,1038,600,3.483792654820836,65536,10.557641182007501,11.69003779200284
small,native-fused,Native fused AdamW,1038,700,3.379079813964459,65536,12.36478881102812,13.572826667004847
small,native-fused,Native fused AdamW,1038,800,3.1762367789623944,65536,14.14719265110034,15.423003167001298
small,native-fused,Native fused AdamW,1038,900,3.062769268753003,65536,15.986114777122566,17.34779412500211
small,native-fused,Native fused AdamW,1038,1000,2.9829488743150385,65536,17.830681275154348,19.263312041999598
small,native-fused,Native fused AdamW,1038,1100,2.9037450054336698,65536,19.586660364097042,21.085642707999796
small,native-fused,Native fused AdamW,1038,1200,2.836186597790175,65536,21.628539159122738,23.19642845800263
small,native-fused,Native fused AdamW,1038,1300,2.782210562994233,65536,23.343751239066478,24.979072875001293
small,native-fused,Native fused AdamW,1038,1400,2.720651125191146,65536,25.143839284050046,26.849417208002706
small,native-fused,Native fused AdamW,1038,1500,2.671872524342351,65536,26.889906621065165,28.663585500005865
small,native-fused,Native fused AdamW,1038,1600,2.6264285649790864,65536,28.6953589940822,30.541482083004666
small,native-fused,Native fused AdamW,1038,1700,2.59310388443128,65536,30.440569404112466,32.35425308300182
small,native-fused,Native fused AdamW,1038,1800,2.5775128778341796,65536,32.22518373306957,34.20922270799929
small,native-fused,Native fused AdamW,1038,1900,2.554808625801731,65536,33.960261692031054,36.01196670799982
small,native-fused,Native fused AdamW,1038,2000,2.5465309180841373,65536,35.72239731899026,37.84196712500125
small,native-fused,Native fused AdamW,1011,100,3.679642069070143,65536,1.75796575203276,2.5229859160026535
small,native-fused,Native fused AdamW,1011,200,3.624685356952234,65536,3.4757663770360523,4.308521208004095
small,native-fused,Native fused AdamW,1011,300,3.5791507036129286,65536,5.2076922099950025,6.108308540999133
small,native-fused,Native fused AdamW,1011,400,3.575518859983333,65536,6.915754040019237,7.88451558300585
small,native-fused,Native fused AdamW,1011,500,3.5361294477289946,65536,8.641653923026752,9.679321583003912
small,native-fused,Native fused AdamW,1011,600,3.486874078725261,65536,10.362097005010583,11.466650791000575
small,native-fused,Native fused AdamW,1011,700,3.437285149370178,65536,12.099166176012659,13.273285957999178
small,native-fused,Native fused AdamW,1011,800,3.3159483042476667,65536,13.832286425029451,15.073934083004133
small,native-fused,Native fused AdamW,1011,900,3.1834694126041887,65536,15.624661627021851,16.93950491600117
small,native-fused,Native fused AdamW,1011,1000,3.0657113168422767,65536,17.528534841025248,18.915650291004567
small,native-fused,Native fused AdamW,1011,1100,2.9686309047974557,65536,19.360631045070477,20.817471958005626
small,native-fused,Native fused AdamW,1011,1200,2.90098595763383,65536,21.15811441909318,22.68425216600008
small,native-fused,Native fused AdamW,1011,1300,2.834842290025248,65536,22.971657047113695,24.576166083003045
small,native-fused,Native fused AdamW,1011,1400,2.792812487251249,65536,24.766402003100666,26.441375458001858
small,native-fused,Native fused AdamW,1011,1500,2.764461421353865,65536,26.554381707021093,28.29884216600476
small,native-fused,Native fused AdamW,1011,1600,2.7201518649301493,65536,28.37796991801588,30.192381083004875
small,native-fused,Native fused AdamW,1011,1700,2.6840583496947774,65536,30.157646712003043,32.040908208000474
small,native-fused,Native fused AdamW,1011,1800,2.666939648082352,65536,31.976739880054083,33.93552245799947
small,native-fused,Native fused AdamW,1011,1900,2.6365105964314597,65536,33.75934613507707,35.787935500004096
small,native-fused,Native fused AdamW,1011,2000,2.627059262981005,65536,35.54227196512511,37.6426966250001
small,native-bucket,Cotangent native + bucketed norms,1011,100,3.679746172318493,65536,1.4616839199879905,2.3025863750008284
small,native-bucket,Cotangent native + bucketed norms,1011,200,3.6247744547142964,65536,3.0147186739050085,3.9273625000059837
small,native-bucket,Cotangent native + bucketed norms,1011,300,3.5788239150784578,65536,4.486310668864462,5.4679447500020615
small,native-bucket,Cotangent native + bucketed norms,1011,400,3.564450551023924,65536,5.984907372876478,7.042578458000207
small,native-bucket,Cotangent native + bucketed norms,1011,500,3.540873309681238,65536,7.473186629831616,8.599417625002388
small,native-bucket,Cotangent native + bucketed norms,1011,600,3.4986604689966003,65536,8.9624510917929,10.158439208003983
small,native-bucket,Cotangent native + bucketed norms,1011,700,3.4436855804622786,65536,10.469449219846865,11.735596375001478
small,native-bucket,Cotangent native + bucketed norms,1011,800,3.3262642106073823,65536,11.944022380863316,13.280300291000458
small,native-bucket,Cotangent native + bucketed norms,1011,900,3.2105362786731226,65536,13.449116209842032,14.856688916006533
small,native-bucket,Cotangent native + bucketed norms,1011,1000,3.1137323717352263,65536,14.931185498797277,16.40757725000003
small,native-bucket,Cotangent native + bucketed norms,1011,1100,2.9829861193078657,65536,16.413649090805848,17.96364841600007
small,native-bucket,Cotangent native + bucketed norms,1011,1200,2.9204036480805797,65536,17.91595403977408,19.536138750001555
small,native-bucket,Cotangent native + bucketed norms,1011,1300,2.860085699289493,65536,19.38294562677038,21.071557125003892
small,native-bucket,Cotangent native + bucketed norms,1011,1400,2.811436472389809,65536,20.845282131755084,22.602946625003824
small,native-bucket,Cotangent native + bucketed norms,1011,1500,2.764869643673519,65536,22.386854547745315,24.21524912500172
small,native-bucket,Cotangent native + bucketed norms,1011,1600,2.7208201411412816,65536,23.85142862775683,25.74782008300099
small,native-bucket,Cotangent native + bucketed norms,1011,1700,2.693624685794081,65536,25.36118724878179,27.330350291005743
small,native-bucket,Cotangent native + bucketed norms,1011,1800,2.669146174744006,65536,26.84933641175303,28.8887369580043
small,native-bucket,Cotangent native + bucketed norms,1011,1900,2.644470910166886,65536,28.415249494748423,30.534824708003725
small,native-bucket,Cotangent native + bucketed norms,1011,2000,2.6291396296193357,65536,29.93106879077095,32.11982408300537
small,native-bucket,Cotangent native + bucketed norms,1058,100,3.717808362209376,65536,1.4832127920235507,2.304762874999142
small,native-bucket,Cotangent native + bucketed norms,1058,200,3.6254451333080833,65536,2.952276165044168,3.842516582997632
small,native-bucket,Cotangent native + bucketed norms,1058,300,3.5817129011454827,65536,4.419324370021059,5.3839617499979795
small,native-bucket,Cotangent native + bucketed norms,1058,400,3.5657512880591464,65536,5.892928542023583,6.927914082996722
small,native-bucket,Cotangent native + bucketed norms,1058,500,3.532411311804329,65536,7.3477013779993285,8.451560540997889
small,native-bucket,Cotangent native + bucketed norms,1058,600,3.4840648926082363,65536,8.798742838007456,9.97204362499906
small,native-bucket,Cotangent native + bucketed norms,1058,700,3.41102202272222,65536,10.284597755053255,11.530068790998484
small,native-bucket,Cotangent native + bucketed norms,1058,800,3.2270993580851886,65536,11.744550387054915,13.05868824999925
small,native-bucket,Cotangent native + bucketed norms,1058,900,3.079874018272877,65536,13.199331930023618,14.584291332997964
small,native-bucket,Cotangent native + bucketed norms,1058,1000,2.980516211965331,65536,14.678751634040964,16.13700291600253
small,native-bucket,Cotangent native + bucketed norms,1058,1100,2.904983194528557,65536,16.235588883049786,17.767214833002072
small,native-bucket,Cotangent native + bucketed norms,1058,1200,2.8421648544700697,65536,17.702173094046884,19.302314583001134
small,native-bucket,Cotangent native + bucketed norms,1058,1300,2.782561069011149,65536,19.15926197601948,20.8311640000029
small,native-bucket,Cotangent native + bucketed norms,1058,1400,2.736964942623076,65536,20.647157140985655,22.387760625002556
small,native-bucket,Cotangent native + bucketed norms,1058,1500,2.6874712701587398,65536,22.033473683979537,23.84140812500118
small,native-bucket,Cotangent native + bucketed norms,1058,1600,2.6487044834706457,65536,23.43245031793049,25.31000087499706
small,native-bucket,Cotangent native + bucketed norms,1058,1700,2.6195281050785177,65536,24.95235135695839,26.899999957997352
small,native-bucket,Cotangent native + bucketed norms,1058,1800,2.5884828933341626,65536,26.365391566963808,28.380862375001016
small,native-bucket,Cotangent native + bucketed norms,1058,1900,2.5686330266091684,65536,27.78132527894195,29.866344333000598
small,native-bucket,Cotangent native + bucketed norms,1058,2000,2.5501733493956764,65536,29.17967360894545,31.332334291000734
small,native-fused,Native fused AdamW,1058,100,3.717430226104707,65536,1.7242973760148743,2.476677792001283
small,native-fused,Native fused AdamW,1058,200,3.625476939349577,65536,3.4235198410096928,4.244305457999872
small,native-fused,Native fused AdamW,1058,300,3.5813443530735993,65536,5.118625257004169,6.006514207998407
small,native-fused,Native fused AdamW,1058,400,3.5665816740420904,65536,6.801490513091267,7.757864083003369
small,native-fused,Native fused AdamW,1058,500,3.5322570326175895,65536,8.627683557075216,9.652404000000388
small,native-fused,Native fused AdamW,1058,600,3.4765345784956296,65536,10.329155229090247,11.42129004200251
small,native-fused,Native fused AdamW,1058,700,3.403199843302184,65536,12.100323855076567,13.263762374997896
small,native-fused,Native fused AdamW,1058,800,3.2384121941273776,65536,13.848730607089237,15.0812547500027
small,native-fused,Native fused AdamW,1058,900,3.086439015264022,65536,15.541251853079302,16.84102329199959
small,native-fused,Native fused AdamW,1058,1000,2.966875413386605,65536,17.22638097411982,18.59260175000236
small,native-fused,Native fused AdamW,1058,1100,2.9002160665483268,65536,18.894127391096845,20.32614020800247
small,native-fused,Native fused AdamW,1058,1200,2.8404384442505886,65536,20.632060059077048,22.13146741699893
small,native-fused,Native fused AdamW,1058,1300,2.777616180837879,65536,22.313804144119786,23.88006595800107
small,native-fused,Native fused AdamW,1058,1400,2.7364569273702584,65536,24.00171092915116,25.636203499998373
small,native-fused,Native fused AdamW,1058,1500,2.682802661365165,65536,25.689905927159998,27.38879295800143
small,native-fused,Native fused AdamW,1058,1600,2.648159008246687,65536,27.474024392169667,29.24315624999872
small,native-fused,Native fused AdamW,1058,1700,2.6187726444123136,65536,29.410654770115798,31.245982542001002
small,native-fused,Native fused AdamW,1058,1800,2.583447499290876,65536,31.17988114709442,33.085846374997345
small,native-fused,Native fused AdamW,1058,1900,2.559320037077959,65536,32.97643768809212,34.95208075000119
small,native-fused,Native fused AdamW,1058,2000,2.541629520023704,65536,34.72562105607358,36.770138457999565
small,native-fused,Native fused AdamW,1029,100,3.7036724094554425,65536,1.722817041030794,2.509499166000751
small,native-fused,Native fused AdamW,1029,200,3.6234893036068083,65536,3.476214870053809,4.330858875000558
small,native-fused,Native fused AdamW,1029,300,3.5930559738874766,65536,5.219523331048549,6.1411728329985635
small,native-fused,Native fused AdamW,1029,400,3.5536297573458535,65536,6.973340164026013,7.96391295799549
small,native-fused,Native fused AdamW,1029,500,3.5209897289822165,65536,8.708256541031005,9.766714083001716
small,native-fused,Native fused AdamW,1029,600,3.4882893884527046,65536,10.438011002021085,11.56492674999754
small,native-fused,Native fused AdamW,1029,700,3.443871353971957,65536,12.160030757040659,13.355115915997885
small,native-fused,Native fused AdamW,1029,800,3.364373813965325,65536,13.896622051062877,15.160596207999333
small,native-fused,Native fused AdamW,1029,900,3.2446545624144196,65536,15.627062384075543,16.958019874997262
small,native-fused,Native fused AdamW,1029,1000,3.1682830113166167,65536,17.36117267508962,18.773551416001283
small,native-fused,Native fused AdamW,1029,1100,3.0854181584952474,65536,19.095530468111974,20.57492729099613
small,native-fused,Native fused AdamW,1029,1200,3.019398001302274,65536,20.783777584132622,22.329484582995065
small,native-fused,Native fused AdamW,1029,1300,2.957352078324475,65536,22.48723032810085,24.100305166000908
small,native-fused,Native fused AdamW,1029,1400,2.916561899625606,65536,24.18328086310794,25.863805290995515
small,native-fused,Native fused AdamW,1029,1500,2.8638393281337304,65536,25.885793868117617,27.633199999996577
small,native-fused,Native fused AdamW,1029,1600,2.825292437388138,65536,27.57175445210305,29.38591358299891
small,native-fused,Native fused AdamW,1029,1700,2.789210224637602,65536,29.258835410146276,31.141009416001907
small,native-fused,Native fused AdamW,1029,1800,2.750914100720341,65536,30.942106412156136,32.89023625000118
small,native-fused,Native fused AdamW,1029,1900,2.7368374013640877,65536,32.640153075124545,34.654807040999
small,native-fused,Native fused AdamW,1029,2000,2.717187528964215,65536,34.3639255750968,36.44775108299655
small,native-bucket,Cotangent native + bucketed norms,1029,100,3.7036187078727107,65536,1.4534569560346426,2.309533083003771
small,native-bucket,Cotangent native + bucketed norms,1029,200,3.623244271324992,65536,2.852778039043187,3.778111625004385
small,native-bucket,Cotangent native + bucketed norms,1029,300,3.5912414064360543,65536,4.282225749062491,5.2761048750035116
small,native-bucket,Cotangent native + bucketed norms,1029,400,3.5540481696375714,65536,5.680811701036873,6.741579167006421
small,native-bucket,Cotangent native + bucketed norms,1029,500,3.530328816880694,65536,7.132037577044684,8.262140750004619
small,native-bucket,Cotangent native + bucketed norms,1029,600,3.4876761198175594,65536,8.563110534058069,9.761031292000553
small,native-bucket,Cotangent native + bucketed norms,1029,700,3.4402489048946654,65536,9.973532286094269,11.239761458004068
small,native-bucket,Cotangent native + bucketed norms,1029,800,3.3553415538649025,65536,11.42216856808227,12.75554891700449
small,native-bucket,Cotangent native + bucketed norms,1029,900,3.2428123595007867,65536,12.834565699078667,14.23657795800682
small,native-bucket,Cotangent native + bucketed norms,1029,1000,3.154618903714241,65536,14.276303154110792,15.747556083006202
small,native-bucket,Cotangent native + bucketed norms,1029,1100,3.082843116008457,65536,15.703015819148277,17.242105000004813
small,native-bucket,Cotangent native + bucketed norms,1029,1200,3.013003439118134,65536,17.09549581714964,18.70115129199985
small,native-bucket,Cotangent native + bucketed norms,1029,1300,2.9562102640075656,65536,18.5260789011445,20.20088712500001
small,native-bucket,Cotangent native + bucketed norms,1029,1400,2.9117263977927426,65536,19.929134571131726,21.670096417001332
small,native-bucket,Cotangent native + bucketed norms,1029,1500,2.859324074120147,65536,21.30407319511869,23.111675792002643
small,native-bucket,Cotangent native + bucketed norms,1029,1600,2.83153251615614,65536,22.76464248213597,24.64690558300208
small,native-bucket,Cotangent native + bucketed norms,1029,1700,2.789058175850866,65536,24.272815654119768,26.227238208004565
small,native-bucket,Cotangent native + bucketed norms,1029,1800,2.761268891282525,65536,25.715016323090822,27.738373292006145
small,native-bucket,Cotangent native + bucketed norms,1029,1900,2.7396391707292937,65536,27.21147865511739,29.308986500000174
small,native-bucket,Cotangent native + bucketed norms,1029,2000,2.7257283701376287,65536,28.681627987069078,30.84801716700167
small,native-fused,Native fused AdamW,1083,100,3.6836543060766997,65536,1.7693954940114054,2.5268947090007714
small,native-fused,Native fused AdamW,1083,200,3.6414746257969317,65536,3.5400089089671383,4.365867166998214
small,native-fused,Native fused AdamW,1083,300,3.5886086530209838,65536,5.307821118942229,6.203559875000792
small,native-fused,Native fused AdamW,1083,400,3.5654389030716853,65536,7.109306699945591,8.076198709000892
small,native-fused,Native fused AdamW,1083,500,3.5348742431005884,65536,8.860215410924866,9.895320292001998
small,native-fused,Native fused AdamW,1083,600,3.4775444821193275,65536,10.631740320874087,11.736441542001558
small,native-fused,Native fused AdamW,1083,700,3.4138478159139685,65536,12.38018877783179,13.553003417000582
small,native-fused,Native fused AdamW,1083,800,3.2183044017962095,65536,14.170863856823416,15.413021458996809
small,native-fused,Native fused AdamW,1083,900,3.0729173845389703,65536,15.938292148784967,17.251539541997772
small,native-fused,Native fused AdamW,1083,1000,2.9827509115349797,65536,17.719549606779765,19.107644208997954
small,native-fused,Native fused AdamW,1083,1100,2.9122234706493986,65536,19.510850357786694,20.975428874997306
small,native-fused,Native fused AdamW,1083,1200,2.8370143502887775,65536,21.279144442822144,22.81295333399612
small,native-fused,Native fused AdamW,1083,1300,2.7727166960844367,65536,23.02372365584597,24.62628383399715
small,native-fused,Native fused AdamW,1083,1400,2.7311777156726267,65536,24.829751114884857,26.500130166998133
small,native-fused,Native fused AdamW,1083,1500,2.679375654447205,65536,26.573890360901714,28.31468091699935
small,native-fused,Native fused AdamW,1083,1600,2.6355617788955654,65536,28.340091737904004,30.150564417002897
small,native-fused,Native fused AdamW,1083,1700,2.5995700343938415,65536,30.11219615091977,31.99090520900063
small,native-fused,Native fused AdamW,1083,1800,2.5640441263998106,65536,31.91090890396299,33.85770387500088
small,native-fused,Native fused AdamW,1083,1900,2.5526929812221417,65536,33.66275861196482,35.678312292002374
small,native-fused,Native fused AdamW,1083,2000,2.5321567102397227,65536,35.42487485994934,37.50912358400092
small,native-bucket,Cotangent native + bucketed norms,1083,100,3.683628476432323,65536,1.4691416259811376,2.2749657500025933
small,native-bucket,Cotangent native + bucketed norms,1083,200,3.6415890587532496,65536,2.9258646270027384,3.8020097500047996
small,native-bucket,Cotangent native + bucketed norms,1083,300,3.588345648552152,65536,4.3757469979682355,5.32108225000411
small,native-bucket,Cotangent native + bucketed norms,1083,400,3.5643305286314533,65536,5.835388667976076,6.850704500000575
small,native-bucket,Cotangent native + bucketed norms,1083,500,3.5316043369597336,65536,7.304058712026745,8.388735874999838
small,native-bucket,Cotangent native + bucketed norms,1083,600,3.4835552757669825,65536,8.750659086043015,9.90362395899865
small,native-bucket,Cotangent native + bucketed norms,1083,700,3.407900548357976,65536,10.204582419049984,11.427802875005
small,native-bucket,Cotangent native + bucketed norms,1083,800,3.245165146658084,65536,11.660839256030158,12.952646625002671
small,native-bucket,Cotangent native + bucketed norms,1083,900,3.088085114960008,65536,13.112723015015945,14.473922500001208
small,native-bucket,Cotangent native + bucketed norms,1083,1000,2.987261688625183,65536,14.57129763604462,16.002879625004425
small,native-bucket,Cotangent native + bucketed norms,1083,1100,2.919603310691416,65536,16.02318596803525,17.52333916700445
small,native-bucket,Cotangent native + bucketed norms,1083,1200,2.840765275780722,65536,17.47893034005392,19.05022766700131
small,native-bucket,Cotangent native + bucketed norms,1083,1300,2.7815331502047735,65536,18.932586554059526,20.57669829200313
small,native-bucket,Cotangent native + bucketed norms,1083,1400,2.739519245077064,65536,20.44852913203067,22.16532250000455
small,native-bucket,Cotangent native + bucketed norms,1083,1500,2.6895228404519664,65536,22.009891878995404,23.803071709000506
small,native-bucket,Cotangent native + bucketed norms,1083,1600,2.6481067255208246,65536,23.507541340026364,25.376411792
small,native-bucket,Cotangent native + bucketed norms,1083,1700,2.6072168291312026,65536,24.9911012540324,26.931735625003057
small,native-bucket,Cotangent native + bucketed norms,1083,1800,2.572566017234882,65536,26.47005979304231,28.48012258399831
small,native-bucket,Cotangent native + bucketed norms,1083,1900,2.5580826434028325,65536,27.939850050031964,30.019701292003447
small,native-bucket,Cotangent native + bucketed norms,1083,2000,2.5449191880460345,65536,29.42930509303551,31.579250084003434
small,native-bucket,Cotangent native + bucketed norms,1092,100,3.6766075749315723,65536,1.5768015049980022,2.509362290998979
small,native-bucket,Cotangent native + bucketed norms,1092,200,3.614933596683011,65536,3.1239565910218516,4.1285655409956235
small,native-bucket,Cotangent native + bucketed norms,1092,300,3.585340380715312,65536,4.626242468075361,5.700865250000788
small,native-bucket,Cotangent native + bucketed norms,1092,400,3.5634929193771727,65536,6.104520589047752,7.2493394579942105
small,native-bucket,Cotangent native + bucketed norms,1092,500,3.534219752373814,65536,7.573389121018408,8.787004040998
small,native-bucket,Cotangent native + bucketed norms,1092,600,3.499989561671384,65536,9.021670005997294,10.304168874994502
small,native-bucket,Cotangent native + bucketed norms,1092,700,3.413791996794848,65536,10.485819592009648,11.839869625000574
small,native-bucket,Cotangent native + bucketed norms,1092,800,3.312066225861066,65536,11.945283839057083,13.368901582995022
small,native-bucket,Cotangent native + bucketed norms,1092,900,3.1555216621464512,65536,13.39962542403373,14.892235540995898
small,native-bucket,Cotangent native + bucketed norms,1092,1000,3.023391486825429,65536,14.873240175009414,16.43621533300029
small,native-bucket,Cotangent native + bucketed norms,1092,1100,2.942429401683085,65536,16.326098721008748,17.958236582999234
small,native-bucket,Cotangent native + bucketed norms,1092,1200,2.8839566708764797,65536,17.85057718198368,19.563246249999793
small,native-bucket,Cotangent native + bucketed norms,1092,1300,2.8129508924942708,65536,19.355731390969595,21.141173124997295
small,native-bucket,Cotangent native + bucketed norms,1092,1400,2.778025478049101,65536,20.884481881992542,22.741702832994633
small,native-bucket,Cotangent native + bucketed norms,1092,1500,2.724928376713767,65536,22.391276340968034,24.315272499996354
small,native-bucket,Cotangent native + bucketed norms,1092,1600,2.690011905366442,65536,23.94634617299016,25.99188366599992
small,native-bucket,Cotangent native + bucketed norms,1092,1700,2.6618923926106133,65536,25.646321929969417,27.764169957998092
small,native-bucket,Cotangent native + bucketed norms,1092,1800,2.630494272466688,65536,27.24140071598231,29.430154290996143
small,native-bucket,Cotangent native + bucketed norms,1092,1900,2.6073998401695517,65536,28.74054363295727,31.003524374995322
small,native-bucket,Cotangent native + bucketed norms,1092,2000,2.593062189387361,65536,30.23949633797747,32.57245833300112
small,native-fused,Native fused AdamW,1092,100,3.6766650493837076,65536,1.921602866059402,2.9400399590012967
small,native-fused,Native fused AdamW,1092,200,3.6147430614036864,65536,3.8091637790566892,4.906801334000193
small,native-fused,Native fused AdamW,1092,300,3.585013817908071,65536,5.696224650047952,6.864434083996457
small,native-fused,Native fused AdamW,1092,400,3.5680605313590283,65536,7.4968592330333195,8.737015124999743
small,native-fused,Native fused AdamW,1092,500,3.543395994199756,65536,9.299155357039126,10.608226958996966
small,native-fused,Native fused AdamW,1092,600,3.502261796454583,65536,11.079565944950446,12.45804487499845
small,native-fused,Native fused AdamW,1092,700,3.4192303031934435,65536,12.848706772958394,14.29947158399591
small,native-fused,Native fused AdamW,1092,800,3.323327703584141,65536,14.619586021988653,16.138974208995933
small,native-fused,Native fused AdamW,1092,900,3.2160402609465164,65536,16.388813063960697,17.97647629200219
small,native-fused,Native fused AdamW,1092,1000,3.083947653085792,65536,18.172453187922656,19.82990987499943
small,native-fused,Native fused AdamW,1092,1100,2.9898439436343938,65536,19.93547530993237,21.662047208999866
small,native-fused,Native fused AdamW,1092,1200,2.9163338398816463,65536,21.69381059994339,23.491173417001846
small,native-fused,Native fused AdamW,1092,1300,2.851394195939466,65536,23.439096977963345,25.305063542000426
small,native-fused,Native fused AdamW,1092,1400,2.8162979919730735,65536,25.184349356000894,27.12026962499658
small,native-fused,Native fused AdamW,1092,1500,2.7657049526598443,65536,26.941888312947412,28.945496874999662
small,native-fused,Native fused AdamW,1092,1600,2.732129086075995,65536,28.68126876695169,30.755609833999188
small,native-fused,Native fused AdamW,1092,1700,2.710417802750592,65536,30.439456887914275,32.58390333400166
small,native-fused,Native fused AdamW,1092,1800,2.6736481323488945,65536,32.19213809289795,34.40441691700107
small,native-fused,Native fused AdamW,1092,1900,2.649636527323623,65536,33.95109825293184,36.231135458998324
small,native-fused,Native fused AdamW,1092,2000,2.6325694849999506,65536,35.67886720196111,38.026345541999035
small,native-fused,Native fused AdamW,1015,100,3.7019481973892177,65536,1.8206866659529624,2.5868228749968694
small,native-fused,Native fused AdamW,1015,200,3.6293852665882658,65536,3.687911534922023,4.5246590839960845
small,native-fused,Native fused AdamW,1015,300,3.5829220896658676,65536,5.561109900874726,6.468455041998823
small,native-fused,Native fused AdamW,1015,400,3.556262306531526,65536,7.403075318929041,8.389985666995926
small,native-fused,Native fused AdamW,1015,500,3.5410745508805785,65536,9.201331110896717,10.258456249997835
small,native-fused,Native fused AdamW,1015,600,3.4813444925347197,65536,10.995561360956344,12.124035624998214
small,native-fused,Native fused AdamW,1015,700,3.3957740086499766,65536,12.807457151990093,14.00728829199943
small,native-fused,Native fused AdamW,1015,800,3.2104454825823825,65536,14.568476609936624,15.836442959000124
small,native-fused,Native fused AdamW,1015,900,3.0798860570584377,65536,16.340227105945814,17.677988833995187
small,native-fused,Native fused AdamW,1015,1000,2.972760568333347,65536,18.098422023947933,19.50433741699817
small,native-fused,Native fused AdamW,1015,1100,2.8898875302126883,65536,19.852611808972142,21.328601666995382
small,native-fused,Native fused AdamW,1015,1200,2.8139585925902546,65536,21.64522722296533,23.199991208995925
small,native-fused,Native fused AdamW,1015,1300,2.761022687368899,65536,23.410173925964045,25.034972916997503
small,native-fused,Native fused AdamW,1015,1400,2.70800751426887,65536,25.226385216905328,26.928020958999696
small,native-fused,Native fused AdamW,1015,1500,2.6532296157377377,65536,27.086441303916217,28.857086249998247
small,native-fused,Native fused AdamW,1015,1600,2.6109526308987867,65536,28.84332750892645,30.684913708995737
small,native-fused,Native fused AdamW,1015,1700,2.583676623177488,65536,30.595182056888007,32.5051642499966
small,native-fused,Native fused AdamW,1015,1800,2.5542210954451785,65536,32.36025168184278,34.338823874997615
small,native-fused,Native fused AdamW,1015,1900,2.5270336050444957,65536,34.1965182618369,36.248117916999036
small,native-fused,Native fused AdamW,1015,2000,2.5150478815063484,65536,35.960330965834146,38.08060712499719
small,native-bucket,Cotangent native + bucketed norms,1015,100,3.7019093400590384,65536,1.4559436709969305,2.261354083006154
small,native-bucket,Cotangent native + bucketed norms,1015,200,3.6294963781296388,65536,2.9240187980467454,3.798607125005219
small,native-bucket,Cotangent native + bucketed norms,1015,300,3.581372611972919,65536,4.375153254033648,5.319077625004866
small,native-bucket,Cotangent native + bucketed norms,1015,400,3.5672291672247574,65536,5.84843634608842,6.87369912500435
small,native-bucket,Cotangent native + bucketed norms,1015,500,3.537191763065543,65536,7.343085090076784,8.437077917005809
small,native-bucket,Cotangent native + bucketed norms,1015,600,3.4886851742769185,65536,8.805164836048789,9.970084208005574
small,native-bucket,Cotangent native + bucketed norms,1015,700,3.4089821472492523,65536,10.26601062908594,11.501740708001307
small,native-bucket,Cotangent native + bucketed norms,1015,800,3.2252091612630496,65536,11.724002752052911,13.028885042003822
small,native-bucket,Cotangent native + bucketed norms,1015,900,3.066121167622656,65536,13.18275871402875,14.55706050000299
small,native-bucket,Cotangent native + bucketed norms,1015,1000,2.982867177181421,65536,14.620982718050072,16.064213125006063
small,native-bucket,Cotangent native + bucketed norms,1015,1100,2.887490882104963,65536,16.06382734602812,17.576496792004036
small,native-bucket,Cotangent native + bucketed norms,1015,1200,2.821451978803046,65536,17.51763209701312,19.099563625000883
small,native-bucket,Cotangent native + bucketed norms,1015,1300,2.7599182362828896,65536,18.95845417297096,20.610234250001668
small,native-bucket,Cotangent native + bucketed norms,1015,1400,2.711248839042934,65536,20.411931004004146,22.134077500006242
small,native-bucket,Cotangent native + bucketed norms,1015,1500,2.663877400243498,65536,21.892515589010145,23.683662500006903
small,native-bucket,Cotangent native + bucketed norms,1015,1600,2.61686793117955,65536,23.33657562804001,25.19733766700665
small,native-bucket,Cotangent native + bucketed norms,1015,1700,2.5879341665632114,65536,24.795213628989586,26.725758708002104
small,native-bucket,Cotangent native + bucketed norms,1015,1800,2.5598907292581004,65536,26.24139246100094,28.240373792003084
small,native-bucket,Cotangent native + bucketed norms,1015,1900,2.532938645485244,65536,27.683778872939,29.75102279200655
small,native-bucket,Cotangent native + bucketed norms,1015,2000,2.5232562855901017,65536,29.298653831894626,31.485582167006214
small,native-fused,Native fused AdamW,1069,100,3.6942379034324833,65536,1.9012182450242108,2.733905124994635
small,native-fused,Native fused AdamW,1069,200,3.61091077199451,65536,3.6863972460123478,4.5902562079936615
small,native-fused,Native fused AdamW,1069,300,3.606506199565673,65536,5.450992403035343,6.424294540993287
small,native-fused,Native fused AdamW,1069,400,3.5705154977087696,65536,7.225819197992678,8.269369040994206
small,native-fused,Native fused AdamW,1069,500,3.53378976349991,65536,8.99946523897961,10.111530665999453
small,native-fused,Native fused AdamW,1069,600,3.492254179745455,65536,10.79146769898216,11.979498458000307
small,native-fused,Native fused AdamW,1069,700,3.4298350759131147,65536,12.581090244013467,13.838951582998561
small,native-fused,Native fused AdamW,1069,800,3.25431595654953,65536,14.393930791004095,15.72864070799551
small,native-fused,Native fused AdamW,1069,900,3.0855709758294547,65536,16.208404297940433,17.61311045799812
small,native-fused,Native fused AdamW,1069,1000,2.9826273742470817,65536,17.97206108993123,19.447763500000292
small,native-fused,Native fused AdamW,1069,1100,2.9034649478101136,65536,19.756389171925548,21.302893832995323
small,native-fused,Native fused AdamW,1069,1200,2.824755942883229,65536,21.52986629089719,23.144933332994697
small,native-fused,Native fused AdamW,1069,1300,2.7670524098570652,65536,23.301545498870837,24.987511583000014
small,native-fused,Native fused AdamW,1069,1400,2.7130166809579,65536,25.078287915916007,26.833805040994775
small,native-fused,Native fused AdamW,1069,1500,2.6564022764384454,65536,26.850319336910616,28.682238915993366
small,native-fused,Native fused AdamW,1069,1600,2.6274068184205674,65536,28.6179609169194,30.51798137500009
small,native-fused,Native fused AdamW,1069,1700,2.585104423144951,65536,30.390015328906884,32.36108287499519
small,native-fused,Native fused AdamW,1069,1800,2.568048032996716,65536,32.18067170091672,34.22226916599902
small,native-fused,Native fused AdamW,1069,1900,2.538163639652191,65536,33.956050530905486,36.06589470799372
small,native-fused,Native fused AdamW,1069,2000,2.5230412105362823,65536,35.74565531693224,37.92491820799478
small,native-bucket,Cotangent native + bucketed norms,1069,100,3.694351637709282,65536,1.465545753002516,2.172001332997752
small,native-bucket,Cotangent native + bucketed norms,1069,200,3.610864788133236,65536,2.9353650450211717,3.711653958001989
small,native-bucket,Cotangent native + bucketed norms,1069,300,3.6056440075412346,65536,4.398463673009246,5.24411016600061
small,native-bucket,Cotangent native + bucketed norms,1069,400,3.57435339805193,65536,5.857805250001547,6.772785583001678
small,native-bucket,Cotangent native + bucketed norms,1069,500,3.528850432516046,65536,7.327723629008688,8.311837499997637
small,native-bucket,Cotangent native + bucketed norms,1069,600,3.4933541055379638,65536,8.785037419984292,9.839396458002739
small,native-bucket,Cotangent native + bucketed norms,1069,700,3.4360353299485267,65536,10.244851417017344,11.369580625003437
small,native-bucket,Cotangent native + bucketed norms,1069,800,3.2879447669175557,65536,11.709612292084785,12.903866499997093
small,native-bucket,Cotangent native + bucketed norms,1069,900,3.097916492447665,65536,13.161359835095936,14.424990915998933
small,native-bucket,Cotangent native + bucketed norms,1069,1000,2.990807229210792,65536,14.64580775309878,15.980138874998374
small,native-bucket,Cotangent native + bucketed norms,1069,1100,2.905160148552921,65536,16.140845212132263,17.54588820799836
small,native-bucket,Cotangent native + bucketed norms,1069,1200,2.821279496327604,65536,17.60372512811591,19.076914625002246
small,native-bucket,Cotangent native + bucketed norms,1069,1300,2.7545199534718248,65536,19.055587877133803,20.59846741599904
small,native-bucket,Cotangent native + bucketed norms,1069,1400,2.7022510399661783,65536,20.511145963100716,22.12307137499738
small,native-bucket,Cotangent native + bucketed norms,1069,1500,2.6454095108584275,65536,21.97032979512005,23.65161800000351
small,native-bucket,Cotangent native + bucketed norms,1069,1600,2.613053667701968,65536,23.501887924125185,25.264890915997967
small,native-bucket,Cotangent native + bucketed norms,1069,1700,2.5764045248917786,65536,25.02439154709282,26.86281883299671
small,native-bucket,Cotangent native + bucketed norms,1069,1800,2.553898681719389,65536,26.5234014660673,28.437245916000393
small,native-bucket,Cotangent native + bucketed norms,1069,1900,2.5284481623478423,65536,28.001817677046347,29.985266875002708
small,native-bucket,Cotangent native + bucketed norms,1069,2000,2.510292652575775,65536,29.449055391050933,31.50179095799831
small,native-fused,Native fused AdamW,1055,100,3.704357781816962,65536,1.7614203360135434,2.54695745799836
small,native-fused,Native fused AdamW,1055,200,3.614739127300548,65536,3.5282192970698816,4.381511457999295
small,native-fused,Native fused AdamW,1055,300,3.602183458631899,65536,5.271798712070449,6.1931427079980494
small,native-fused,Native fused AdamW,1055,400,3.5573444428685863,65536,7.089038630037976,8.090652124999906
small,native-fused,Native fused AdamW,1055,500,3.5302583254916717,65536,8.92745387605828,10.001684458002273
small,native-fused,Native fused AdamW,1055,600,3.4776942252636505,65536,10.710050870053237,11.85331820799911
small,native-fused,Native fused AdamW,1055,700,3.4041736198202845,65536,12.531295622102334,13.744671041000402
small,native-fused,Native fused AdamW,1055,800,3.284562179893639,65536,14.302892039071594,15.5881315000006
small,native-fused,Native fused AdamW,1055,900,3.171620291660947,65536,16.116329744065297,17.4722914160011
small,native-fused,Native fused AdamW,1055,1000,3.0656131738676704,65536,17.938155539079162,19.378249374996813
small,native-fused,Native fused AdamW,1055,1100,2.9699317439473774,65536,19.86092541110702,21.373378582997248
small,native-fused,Native fused AdamW,1055,1200,2.8907344157811994,65536,21.67231037811871,23.255675207998138
small,native-fused,Native fused AdamW,1055,1300,2.8454907033425756,65536,23.48119908408262,25.14506787499704
small,native-fused,Native fused AdamW,1055,1400,2.7890921316754955,65536,25.25843370610528,26.993598957997165
small,native-fused,Native fused AdamW,1055,1500,2.745244601268865,65536,27.049271415096882,28.85841233300016
small,native-fused,Native fused AdamW,1055,1600,2.7130569840172383,65536,28.884966829129553,30.76493129099981
small,native-fused,Native fused AdamW,1055,1700,2.6811748240769173,65536,30.683882747129246,32.63218058300117
small,native-fused,Native fused AdamW,1055,1800,2.647286330655004,65536,32.43967837009404,34.457072207995225
small,native-fused,Native fused AdamW,1055,1900,2.6315112488769024,65536,34.24186603906128,36.33722720800142
small,native-fused,Native fused AdamW,1055,2000,2.618065741972689,65536,36.11546170402289,38.281547624996165
small,native-bucket,Cotangent native + bucketed norms,1055,100,3.7043719703856586,65536,1.4488348759623477,2.142859708998003
small,native-bucket,Cotangent native + bucketed norms,1055,200,3.614787002970982,65536,2.9792505439327215,3.7420287920031114
small,native-bucket,Cotangent native + bucketed norms,1055,300,3.6032449140551925,65536,4.449062754887564,5.280969749997894
small,native-bucket,Cotangent native + bucketed norms,1055,400,3.5493996183206535,65536,5.9187198348517995,6.8210348339998745
small,native-bucket,Cotangent native + bucketed norms,1055,500,3.5349227529570473,65536,7.386576127850276,8.358917291996477
small,native-bucket,Cotangent native + bucketed norms,1055,600,3.482242295716802,65536,8.85018113188562,9.89200887500192
small,native-bucket,Cotangent native + bucketed norms,1055,700,3.418855477754804,65536,10.354363926839142,11.466632208997908
small,native-bucket,Cotangent native + bucketed norms,1055,800,3.267527395065919,65536,11.886030552828743,13.080562750001263
small,native-bucket,Cotangent native + bucketed norms,1055,900,3.110029520768656,65536,13.370040758818504,14.634541708997858
small,native-bucket,Cotangent native + bucketed norms,1055,1000,3.0214361569487336,65536,14.815899336797884,16.149942167001427
small,native-bucket,Cotangent native + bucketed norms,1055,1100,2.9332008395100764,65536,16.30005025777791,17.70378541699756
small,native-bucket,Cotangent native + bucketed norms,1055,1200,2.8764579102058483,65536,17.754640758757887,19.228284416996757
small,native-bucket,Cotangent native + bucketed norms,1055,1300,2.830395436736587,65536,19.206471008794324,20.748487374999968
small,native-bucket,Cotangent native + bucketed norms,1055,1400,2.7779486340509125,65536,20.665001217785175,22.27682045900292
small,native-bucket,Cotangent native + bucketed norms,1055,1500,2.741459553344098,65536,22.121563598833745,23.802715167003043
small,native-bucket,Cotangent native + bucketed norms,1055,1600,2.6982227709518862,65536,23.57817030584556,25.33000333399832
small,native-bucket,Cotangent native + bucketed norms,1055,1700,2.6685960344906428,65536,25.03485043282126,26.856032709001738
small,native-bucket,Cotangent native + bucketed norms,1055,1800,2.638328619659273,65536,26.518849055813916,28.41635158399731
small,native-bucket,Cotangent native + bucketed norms,1055,1900,2.6187557793636134,65536,28.034020179795334,30.002998958996614
small,native-bucket,Cotangent native + bucketed norms,1055,2000,2.6082625588908583,65536,29.49111892881774,31.530640167002275
small,native-fused,Native fused AdamW,1037,100,3.7105493829752527,65536,1.7657065419771243,2.6021822080001584
small,native-fused,Native fused AdamW,1037,200,3.619540807670228,65536,3.5343867909978144,4.440485790997627
small,native-fused,Native fused AdamW,1037,300,3.5886288179867973,65536,5.293645663019561,6.2691665410020505
small,native-fused,Native fused AdamW,1037,400,3.557276627959568,65536,7.075098828005139,8.119980999996187
small,native-fused,Native fused AdamW,1037,500,3.531590847070557,65536,8.843536034990393,9.95794095799647
small,native-fused,Native fused AdamW,1037,600,3.4896510825887423,65536,10.65605141098058,11.84350641600031
small,native-fused,Native fused AdamW,1037,700,3.4112219095581855,65536,12.50414003196056,13.787019499999587
small,native-fused,Native fused AdamW,1037,800,3.1944526223981677,65536,14.450389737954538,15.803379375000077
small,native-fused,Native fused AdamW,1037,900,3.079500299972552,65536,16.222811232000822,17.645921666000504
small,native-fused,Native fused AdamW,1037,1000,3.000426476847525,65536,17.978882272931514,19.472065374997328
small,native-fused,Native fused AdamW,1037,1100,2.9185784015814304,65536,19.743272944884666,21.305470790997788
small,native-fused,Native fused AdamW,1037,1200,2.8627215322689055,65536,21.50568010887946,23.137176958000055
small,native-fused,Native fused AdamW,1037,1300,2.7894065213357306,65536,23.25467352688429,24.95534137499635
small,native-fused,Native fused AdamW,1037,1400,2.733192245202424,65536,24.995700238876452,26.76521437500196
small,native-fused,Native fused AdamW,1037,1500,2.682250742166257,65536,26.760257740927045,28.60063416599587
small,native-fused,Native fused AdamW,1037,1600,2.644347711469832,65536,28.548068078911456,30.461316708002414
small,native-fused,Native fused AdamW,1037,1700,2.617301117855869,65536,30.327949491897016,32.31066275000194
small,native-fused,Native fused AdamW,1037,1800,2.578842975532579,65536,32.099153002913226,34.15022966599645
small,native-fused,Native fused AdamW,1037,1900,2.564347718774246,65536,33.86913046189875,35.98995333300263
small,native-fused,Native fused AdamW,1037,2000,2.5461516963389847,65536,35.705150666923146,37.90062916599709
small,native-bucket,Cotangent native + bucketed norms,1037,100,3.7104835136199723,65536,1.4888600400372525,2.3587252920042374
small,native-bucket,Cotangent native + bucketed norms,1037,200,3.619360118397665,65536,2.9655613360519055,3.9045311670051888
small,native-bucket,Cotangent native + bucketed norms,1037,300,3.5874012165738542,65536,4.420486085058656,5.428506084004766
small,native-bucket,Cotangent native + bucketed norms,1037,400,3.5448127657797324,65536,5.88138149909355,6.959391125004913
small,native-bucket,Cotangent native + bucketed norms,1037,500,3.5244164940495732,65536,7.341130085100303,8.488904208999884
small,native-bucket,Cotangent native + bucketed norms,1037,600,3.4793014783783733,65536,8.791530417103786,10.008017749998544
small,native-bucket,Cotangent native + bucketed norms,1037,700,3.386214621724659,65536,10.272534041112522,11.559250625003187
small,native-bucket,Cotangent native + bucketed norms,1037,800,3.1668904570436647,65536,11.782700171090255,13.142008959002851
small,native-bucket,Cotangent native + bucketed norms,1037,900,3.075384927120056,65536,13.442228465122753,14.875968334003119
small,native-bucket,Cotangent native + bucketed norms,1037,1000,2.988382983262061,65536,14.970340925130586,16.47776695900393
small,native-bucket,Cotangent native + bucketed norms,1037,1100,2.9010475005505496,65536,16.488117220105778,18.069878417001746
small,native-bucket,Cotangent native + bucketed norms,1037,1200,2.843257003422085,65536,18.01208743015013,19.668423167000583
small,native-bucket,Cotangent native + bucketed norms,1037,1300,2.770910781510136,65536,19.580769968153618,21.321026208999683
small,native-bucket,Cotangent native + bucketed norms,1037,1400,2.7189473575625422,65536,21.157934221126197,22.975053292000666
small,native-bucket,Cotangent native + bucketed norms,1037,1500,2.6676736861596075,65536,22.707554970103956,24.600055417002295
small,native-bucket,Cotangent native + bucketed norms,1037,1600,2.6285704852830523,65536,24.220017884130357,26.18506591700134
small,native-bucket,Cotangent native + bucketed norms,1037,1700,2.600403516064501,65536,25.72273083814798,27.758812917003524
small,native-bucket,Cotangent native + bucketed norms,1037,1800,2.5654211431151484,65536,27.238546418142505,29.348531875002664
small,native-bucket,Cotangent native + bucketed norms,1037,1900,2.549031664065755,65536,28.75471262717474,30.935140875000798
small,native-bucket,Cotangent native + bucketed norms,1037,2000,2.5338372172147974,65536,30.261360129159584,32.51641550000204
small,native-fused,Native fused AdamW,1085,100,3.677323678443018,65536,1.8360734539965051,2.6402607499985606
small,native-fused,Native fused AdamW,1085,200,3.625574722235508,65536,3.65242029397632,4.531280332994356
small,native-fused,Native fused AdamW,1085,300,3.577009573354265,65536,5.466072290902957,6.41653149999911
small,native-fused,Native fused AdamW,1085,400,3.55407237619568,65536,7.289475667843362,8.311729624998407
small,native-fused,Native fused AdamW,1085,500,3.5201385116006865,65536,9.12007721086411,10.213687082999968
small,native-fused,Native fused AdamW,1085,600,3.4790743537900775,65536,10.93967475190584,12.118769582993991
small,native-fused,Native fused AdamW,1085,700,3.3736735070878394,65536,12.874362499926065,14.12708762499824
small,native-fused,Native fused AdamW,1085,800,3.268985947681139,65536,14.68262717689504,16.00960849999683
small,native-fused,Native fused AdamW,1085,900,3.151027690985912,65536,16.50966559893277,17.911816082996666
small,native-fused,Native fused AdamW,1085,1000,3.085610101882526,65536,18.32221664095414,19.793836332995852
small,native-fused,Native fused AdamW,1085,1100,3.015556075490192,65536,20.13289042897668,21.677231582994864
small,native-fused,Native fused AdamW,1085,1200,2.9348003426565943,65536,21.967665182994097,23.58581991599931
small,native-fused,Native fused AdamW,1085,1300,2.8781821598932784,65536,23.78445176495734,25.47638220799854
small,native-fused,Native fused AdamW,1085,1400,2.8376463865306985,65536,25.633120100959786,27.3958358749951
small,native-fused,Native fused AdamW,1085,1500,2.7857024879884356,65536,27.445202183931542,29.28218241599825
small,native-fused,Native fused AdamW,1085,1600,2.7461151129540387,65536,29.267075970885344,31.17459241599863
small,native-fused,Native fused AdamW,1085,1700,2.721200416280171,65536,31.095747256891627,33.08143233299779
small,native-fused,Native fused AdamW,1085,1800,2.6980265118749625,65536,32.927362173875736,34.986925707999035
small,native-fused,Native fused AdamW,1085,1900,2.6690000808565557,65536,34.76111254484567,36.89477883299696
small,native-fused,Native fused AdamW,1085,2000,2.6556815025231373,65536,36.584549917824916,38.79403758300032
small,native-bucket,Cotangent native + bucketed norms,1085,100,3.677240352848675,65536,1.5123819989748881,2.2495804999998654
small,native-bucket,Cotangent native + bucketed norms,1085,200,3.625528555642667,65536,3.0288940809259657,3.838070459001756
small,native-bucket,Cotangent native + bucketed norms,1085,300,3.577154490235448,65536,4.533187082903169,5.418124167001224
small,native-bucket,Cotangent native + bucketed norms,1085,400,3.5516610181968487,65536,6.03755062988057,6.996793625003193
small,native-bucket,Cotangent native + bucketed norms,1085,500,3.520372504746101,65536,7.54329696187051,8.574333959004434
small,native-bucket,Cotangent native + bucketed norms,1085,600,3.47176108178286,65536,9.065617545813438,10.168439417000627
small,native-bucket,Cotangent native + bucketed norms,1085,700,3.3712061149915735,65536,10.57941129883693,11.753016500006197
small,native-bucket,Cotangent native + bucketed norms,1085,800,3.261445948795506,65536,12.09231551286939,13.338663250004174
small,native-bucket,Cotangent native + bucketed norms,1085,900,3.167994026718589,65536,13.61322543285496,14.934574875005637
small,native-bucket,Cotangent native + bucketed norms,1085,1000,3.1101787802117737,65536,15.121616886928678,16.516308584003127
small,native-bucket,Cotangent native + bucketed norms,1085,1100,3.0222205751937765,65536,16.623800845918595,18.090431791999436
small,native-bucket,Cotangent native + bucketed norms,1085,1200,2.9696536426264744,65536,18.13477768287703,19.673139292004635
small,native-bucket,Cotangent native + bucketed norms,1085,1300,2.89709681183517,65536,19.642432515909604,21.253065333999984
small,native-bucket,Cotangent native + bucketed norms,1085,1400,2.8572311527483034,65536,21.162821805854037,22.846757917002833
small,native-bucket,Cotangent native + bucketed norms,1085,1500,2.803981814520209,65536,22.67032342485618,24.429027792000852
small,native-bucket,Cotangent native + bucketed norms,1085,1600,2.764983474690559,65536,24.17026950687432,26.003136792001897
small,native-bucket,Cotangent native + bucketed norms,1085,1700,2.7334157796528826,65536,25.68501817483775,27.58928250000463
small,native-bucket,Cotangent native + bucketed norms,1085,1800,2.713205904869512,65536,27.19158025777142,29.16756037500454
small,native-bucket,Cotangent native + bucketed norms,1085,1900,2.6816812968603347,65536,28.72580641971581,30.7738780840009
small,native-bucket,Cotangent native + bucketed norms,1085,2000,2.668655852206396,65536,30.24187871375034,32.367618042000686
small,native-fused,Native fused AdamW,1003,100,3.7048748154100344,65536,1.8201115809570183,2.6425549170016893
small,native-fused,Native fused AdamW,1003,200,3.6018061179469902,65536,3.6679268299558316,4.5626282500015805
small,native-fused,Native fused AdamW,1003,300,3.606775578141502,65536,5.522891080909176,6.490813584001444
small,native-fused,Native fused AdamW,1003,400,3.565590161813119,65536,7.3389142089145025,8.378967042001022
small,native-fused,Native fused AdamW,1003,500,3.5403947464573804,65536,9.220756492919463,10.334334084000147
small,native-fused,Native fused AdamW,1003,600,3.5060094381527875,65536,11.092424994894827,12.281324042000051
small,native-fused,Native fused AdamW,1003,700,3.4233909719766107,65536,13.053266156850441,14.327946417004569
small,native-fused,Native fused AdamW,1003,800,3.2522124474957423,65536,14.91570486688579,16.262864125004853
small,native-fused,Native fused AdamW,1003,900,3.0897528414743407,65536,16.741137281926058,18.16319066700089
small,native-fused,Native fused AdamW,1003,1000,3.000698854370829,65536,18.544570945938176,20.038714917005564
small,native-fused,Native fused AdamW,1003,1100,2.9153101991437107,65536,20.369799195890664,21.934203333999903
small,native-fused,Native fused AdamW,1003,1200,2.832945826585268,65536,22.17175165190565,23.8085715000052
small,native-fused,Native fused AdamW,1003,1300,2.7886160030810396,65536,23.9893984449227,25.701230625003518
small,native-fused,Native fused AdamW,1003,1400,2.743435445896487,65536,25.795241485910083,27.57747054200445
small,native-fused,Native fused AdamW,1003,1500,2.7030479054555774,65536,27.602685317884607,29.456413416999567
small,native-fused,Native fused AdamW,1003,1600,2.657647097614306,65536,29.575627022903063,31.512265292003576
small,native-fused,Native fused AdamW,1003,1700,2.6223861288939294,65536,31.387493484988227,33.39694812500238
small,native-fused,Native fused AdamW,1003,1800,2.6025262280561487,65536,33.17853385600756,35.26034150000487
small,native-fused,Native fused AdamW,1003,1900,2.5874020414925263,65536,34.963930148020154,37.12040691700531
small,native-fused,Native fused AdamW,1003,2000,2.5652064603967513,65536,36.780382979035494,39.006787375001295
small,native-bucket,Cotangent native + bucketed norms,1003,100,3.7048000244547405,65536,1.5047837100137258,2.2202998330030823
small,native-bucket,Cotangent native + bucketed norms,1003,200,3.601901536071472,65536,2.99799429000268,3.7847892499994487
small,native-bucket,Cotangent native + bucketed norms,1003,300,3.609745654028409,65536,4.483015042023908,5.343208541999047
small,native-bucket,Cotangent native + bucketed norms,1003,400,3.562158882201177,65536,5.975345874045161,6.909653957998671
small,native-bucket,Cotangent native + bucketed norms,1003,500,3.5437476664740233,65536,7.483406000035757,8.490620249998756
small,native-bucket,Cotangent native + bucketed norms,1003,600,3.5074171483968466,65536,8.991734379058471,10.068735125001695
small,native-bucket,Cotangent native + bucketed norms,1003,700,3.4199129560792962,65536,10.50839050700597,11.657018375000916
small,native-bucket,Cotangent native + bucketed norms,1003,800,3.264553374326958,65536,12.009233796954504,13.227699208000558
small,native-bucket,Cotangent native + bucketed norms,1003,900,3.1062482134665452,65536,13.536762998970516,14.830151166999713
small,native-bucket,Cotangent native + bucketed norms,1003,1000,3.017496346136021,65536,15.069390079916047,16.43761729200196
small,native-bucket,Cotangent native + bucketed norms,1003,1100,2.9442479731055977,65536,16.613166409944824,18.054770624999946
small,native-bucket,Cotangent native + bucketed norms,1003,1200,2.8638349372016756,65536,18.161376248950546,19.676456499997585
small,native-bucket,Cotangent native + bucketed norms,1003,1300,2.8121155566356566,65536,19.759930540931236,21.354476042004535
small,native-bucket,Cotangent native + bucketed norms,1003,1400,2.766694207616523,65536,21.383621499895526,23.065742833001423
small,native-bucket,Cotangent native + bucketed norms,1003,1500,2.7201448888838735,65536,23.02509037393611,24.78818358299759
small,native-bucket,Cotangent native + bucketed norms,1003,1600,2.677371997445617,65536,24.559822913979588,26.399477250000928
small,native-bucket,Cotangent native + bucketed norms,1003,1700,2.6477339477506217,65536,26.090059452981222,28.005204875000345
small,native-bucket,Cotangent native + bucketed norms,1003,1800,2.6290378212644825,65536,27.639117332997557,29.633967125002528
small,native-bucket,Cotangent native + bucketed norms,1003,1900,2.607783420600012,65536,29.283134413999505,31.372528792002413
small,native-bucket,Cotangent native + bucketed norms,1003,2000,2.589113886931263,65536,30.971981998016417,33.13696845799859
small,native-fused,Native fused AdamW,1079,100,3.698612196165853,65536,1.8470593350357376,2.733926833003352
small,native-fused,Native fused AdamW,1079,200,3.6088711974911813,65536,3.7007684610580327,4.665443458005029
small,native-fused,Native fused AdamW,1079,300,3.5939506383861803,65536,5.540161959033867,6.579622917000961
small,native-fused,Native fused AdamW,1079,400,3.5711924536693127,65536,7.37281728801463,8.485875917001977
small,native-fused,Native fused AdamW,1079,500,3.544442024929051,65536,9.212538117004442,10.39887662500405
small,native-fused,Native fused AdamW,1079,600,3.4969952792263683,65536,11.048456367003382,12.30881862500246
small,native-fused,Native fused AdamW,1079,700,3.427749485301764,65536,12.907772407990706,14.24472258300375
small,native-fused,Native fused AdamW,1079,800,3.2649879852346038,65536,14.786095736060815,16.210031499998877
small,native-fused,Native fused AdamW,1079,900,3.1112386985401255,65536,16.802353570026753,18.30252058300539
small,native-fused,Native fused AdamW,1079,1000,3.0075324291435854,65536,18.679204940010095,20.26085737500398
small,native-fused,Native fused AdamW,1079,1100,2.9318055281402526,65536,20.58361864800827,22.24487429200235
small,native-fused,Native fused AdamW,1079,1200,2.853634710672497,65536,22.43354364498373,24.168220750005275
small,native-fused,Native fused AdamW,1079,1300,2.786823089320253,65536,24.274971474958875,26.093409125001926
small,native-fused,Native fused AdamW,1079,1400,2.7279166075192554,65536,26.14147459499509,28.036014000004798
small,native-fused,Native fused AdamW,1079,1500,2.6811008930348774,65536,27.95862871602003,29.92565983300301
small,native-fused,Native fused AdamW,1079,1600,2.646878081463061,65536,29.762939135020133,31.805454042005294
small,native-fused,Native fused AdamW,1079,1700,2.609431578713351,65536,31.576317386032315,33.68958012499934
small,native-fused,Native fused AdamW,1079,1800,2.5742596432615428,65536,33.38589796805172,35.57046325000556
small,native-fused,Native fused AdamW,1079,1900,2.5637712221796383,65536,35.19729396508046,37.45424841700151
small,native-fused,Native fused AdamW,1079,2000,2.5466574274472205,65536,36.99923579910683,39.329281458005426
small,native-bucket,Cotangent native + bucketed norms,1079,100,3.6986074128983764,65536,1.5136086310230894,2.274640209005156
small,native-bucket,Cotangent native + bucketed norms,1079,200,3.6089228782777654,65536,3.0196750090035493,3.853548375001992
small,native-bucket,Cotangent native + bucketed norms,1079,300,3.5945577801393886,65536,4.532247221992293,5.439636542003427
small,native-bucket,Cotangent native + bucketed norms,1079,400,3.571620260513334,65536,6.062849602989445,7.043624542006
small,native-bucket,Cotangent native + bucketed norms,1079,500,3.5437413676094356,65536,7.590817355005129,8.64413283400063
small,native-bucket,Cotangent native + bucketed norms,1079,600,3.495434816141596,65536,9.113178562998655,10.238478709004994
small,native-bucket,Cotangent native + bucketed norms,1079,700,3.423196094135352,65536,10.617666603051475,11.818423042001086
small,native-bucket,Cotangent native + bucketed norms,1079,800,3.2775501999929015,65536,12.126243934064405,13.399548291999963
small,native-bucket,Cotangent native + bucketed norms,1079,900,3.117309363648112,65536,13.633789603001787,14.979336417003651
small,native-bucket,Cotangent native + bucketed norms,1079,1000,3.0041957776108226,65536,15.183920098985254,16.60895162500674
small,native-bucket,Cotangent native + bucketed norms,1079,1100,2.9341468408300626,65536,16.75479993299814,18.269714042005944
small,native-bucket,Cotangent native + bucketed norms,1079,1200,2.8561340109249556,65536,18.27830780797376,19.866414084004646
small,native-bucket,Cotangent native + bucketed norms,1079,1300,2.802171288661082,65536,19.78366605994961,21.44464250000601
small,native-bucket,Cotangent native + bucketed norms,1079,1400,2.742605097534748,65536,21.29399422496499,23.027475459006382
small,native-bucket,Cotangent native + bucketed norms,1079,1500,2.690931206379882,65536,22.79721681295632,24.60477458400419
small,native-bucket,Cotangent native + bucketed norms,1079,1600,2.66008409715149,65536,24.307178403971193,26.186792125001375
small,native-bucket,Cotangent native + bucketed norms,1079,1700,2.6162509165472905,65536,25.834865402990545,27.788640959006443
small,native-bucket,Cotangent native + bucketed norms,1079,1800,2.5832192406919763,65536,27.344358313952398,29.37942275000387
small,native-bucket,Cotangent native + bucketed norms,1079,1900,2.568791949327481,65536,28.971184943948174,31.081579667006736
small,native-bucket,Cotangent native + bucketed norms,1079,2000,2.5542137915569745,65536,30.530084070989687,32.72404245900543
small,native-bucket,Cotangent native + bucketed norms,1062,100,3.685437798412894,65536,1.5793797029691632,2.560656375004328
small,native-bucket,Cotangent native + bucketed norms,1062,200,3.625305537140161,65536,3.1839411659821053,4.243609290999302
small,native-bucket,Cotangent native + bucketed norms,1062,300,3.5912927647551682,65536,4.720908961047826,5.854808290998335
small,native-bucket,Cotangent native + bucketed norms,1062,400,3.565408483640314,65536,6.241338665044168,7.447601583000505
small,native-bucket,Cotangent native + bucketed norms,1062,500,3.5328592406185013,65536,7.74108454004454,9.018139125000744
small,native-bucket,Cotangent native + bucketed norms,1062,600,3.502366490893296,65536,9.252933749055956,10.605931165999209
small,native-bucket,Cotangent native + bucketed norms,1062,700,3.4464040887266356,65536,10.786303168017184,12.210622457998397
small,native-bucket,Cotangent native + bucketed norms,1062,800,3.3348405124536207,65536,12.301254672027426,13.801592957999674
small,native-bucket,Cotangent native + bucketed norms,1062,900,3.1480803060600038,65536,13.845495590045175,15.4201962080042
small,native-bucket,Cotangent native + bucketed norms,1062,1000,3.0016363264262247,65536,15.462051045054977,17.120550999999978
small,native-bucket,Cotangent native + bucketed norms,1062,1100,2.9245926295076448,65536,17.071238750017073,18.810352125001373
small,native-bucket,Cotangent native + bucketed norms,1062,1200,2.8399909830142485,65536,18.611671417027537,20.42313429099886
small,native-bucket,Cotangent native + bucketed norms,1062,1300,2.7702184975958346,65536,20.18196537203039,22.070259457999782
small,native-bucket,Cotangent native + bucketed norms,1062,1400,2.7167764205607012,65536,21.84701887403935,23.81024674999935
small,native-bucket,Cotangent native + bucketed norms,1062,1500,2.67225197718919,65536,23.36622303797776,25.403621333003684
small,native-bucket,Cotangent native + bucketed norms,1062,1600,2.6333082794723945,65536,24.905347078944033,27.01557799999864
small,native-bucket,Cotangent native + bucketed norms,1062,1700,2.602437603246376,65536,26.452691988910374,28.635178290998738
small,native-bucket,Cotangent native + bucketed norms,1062,1800,2.579695396792665,65536,27.977812113895197,30.243410916002176
small,native-bucket,Cotangent native + bucketed norms,1062,1900,2.5624197502624115,65536,29.48118540692667,31.81743033300154
small,native-bucket,Cotangent native + bucketed norms,1062,2000,2.540272888626951,65536,31.027424445906945,33.434549541001616
small,native-fused,Native fused AdamW,1062,100,3.6853844837911263,65536,1.8742103350086836,2.74514941599773
small,native-fused,Native fused AdamW,1062,200,3.6252455904374195,65536,3.7338985040405532,4.680476458001067
small,native-fused,Native fused AdamW,1062,300,3.5908054841606956,65536,5.551048588065896,6.569633624996641
small,native-fused,Native fused AdamW,1062,400,3.571388008692259,65536,7.408834585046861,8.510267249999742
small,native-fused,Native fused AdamW,1062,500,3.5278663155410617,65536,9.343463419070758,10.522108290999313
small,native-fused,Native fused AdamW,1062,600,3.4977401468361706,65536,11.230141131025448,12.485707583000476
small,native-fused,Native fused AdamW,1062,700,3.436534133380607,65536,13.12390599999344,14.457367165996402
small,native-fused,Native fused AdamW,1062,800,3.3256208557572515,65536,15.008944631983468,16.426355458002945
small,native-fused,Native fused AdamW,1062,900,3.1746171108500625,65536,16.931676175940083,18.433387874996697
small,native-fused,Native fused AdamW,1062,1000,3.0304692823368686,65536,18.856026426925382,20.43304999999964
small,native-fused,Native fused AdamW,1062,1100,2.94847763380405,65536,20.71683263493469,22.3701227499987
small,native-fused,Native fused AdamW,1062,1200,2.8781692450710903,65536,22.58476134691591,24.314819790997717
small,native-fused,Native fused AdamW,1062,1300,2.816650035084932,65536,24.455643227956898,26.268722790999163
small,native-fused,Native fused AdamW,1062,1400,2.7570482542987853,65536,26.33321802393766,28.221492374999798
small,native-fused,Native fused AdamW,1062,1500,2.718221531656865,65536,28.20392827191972,30.168600791002973
small,native-fused,Native fused AdamW,1062,1600,2.676213060106031,65536,30.074575268954504,32.1171708749971
small,native-fused,Native fused AdamW,1062,1700,2.6429835289598147,65536,31.94562501693872,34.065817000002426
small,native-fused,Native fused AdamW,1062,1800,2.6182924796000204,65536,33.85858255895437,36.055734041001415
small,native-fused,Native fused AdamW,1062,1900,2.598061596060955,65536,35.76169951797783,38.043062915996416
small,native-fused,Native fused AdamW,1062,2000,2.576181780486622,65536,37.78216593394609,40.14717479099636
small,native-fused,Native fused AdamW,1099,100,3.6669775461324132,65536,1.8741931690019555,2.691865250002593
small,native-fused,Native fused AdamW,1099,200,3.6330752511027686,65536,3.741717874960159,4.633749542001169
small,native-fused,Native fused AdamW,1099,300,3.5830927609490177,65536,5.616639082938491,6.585595625001588
small,native-fused,Native fused AdamW,1099,400,3.569607655039443,65536,7.5025458299787715,8.546329042001162
small,native-fused,Native fused AdamW,1099,500,3.5425151420576997,65536,9.375507238983118,10.514714917000674
small,native-fused,Native fused AdamW,1099,600,3.501568942847751,65536,11.279115406017809,12.498566249996657
small,native-fused,Native fused AdamW,1099,700,3.438421589229248,65536,13.24338640498172,14.543974084001093
small,native-fused,Native fused AdamW,1099,800,3.35746613079342,65536,15.210198567954649,16.59486654200009
small,native-fused,Native fused AdamW,1099,900,3.229488035871938,65536,17.087124185949506,18.550200334000692
small,native-fused,Native fused AdamW,1099,1000,3.0958768641997576,65536,18.98631647894217,20.5265781670023
small,native-fused,Native fused AdamW,1099,1100,2.993702283040718,65536,20.86955206298444,22.487314459001936
small,native-fused,Native fused AdamW,1099,1200,2.9184923941326253,65536,22.78568360695499,24.490485499998613
small,native-fused,Native fused AdamW,1099,1300,2.8654548417901524,65536,24.692477225944458,26.473032041998522
small,native-fused,Native fused AdamW,1099,1400,2.8189765035221894,65536,26.59249464192544,28.46084662499925
small,native-fused,Native fused AdamW,1099,1500,2.7687940190433165,65536,28.551672928959306,30.500764584001445
small,native-fused,Native fused AdamW,1099,1600,2.7330535680667922,65536,30.468093643961765,32.49451183399651
small,native-fused,Native fused AdamW,1099,1700,2.7019835155783034,65536,32.35425547797786,34.45626983400143
small,native-fused,Native fused AdamW,1099,1800,2.680589362886633,65536,34.239064724970376,36.41663370899914
small,native-fused,Native fused AdamW,1099,1900,2.65592746458616,65536,36.104881513965665,38.36060691699822
small,native-fused,Native fused AdamW,1099,2000,2.633519898749823,65536,37.972302181922714,40.30474033400242
small,native-bucket,Cotangent native + bucketed norms,1099,100,3.6669733218085514,65536,1.5685771639982704,2.4431595420028316
small,native-bucket,Cotangent native + bucketed norms,1099,200,3.6330278053889615,65536,3.130967915029032,4.081887500004086
small,native-bucket,Cotangent native + bucketed norms,1099,300,3.5841671688157044,65536,4.705143417020736,5.732951750003849
small,native-bucket,Cotangent native + bucketed norms,1099,400,3.5696344628351464,65536,6.26547404001758,7.3695875000048545
small,native-bucket,Cotangent native + bucketed norms,1099,500,3.5382298825928977,65536,7.83187241001724,9.011777083003835
small,native-bucket,Cotangent native + bucketed norms,1099,600,3.4958629024574246,65536,9.399242113046057,10.65367879200494
small,native-bucket,Cotangent native + bucketed norms,1099,700,3.4367991049010085,65536,11.03932702808379,12.372887083001842
small,native-bucket,Cotangent native + bucketed norms,1099,800,3.33824411360769,65536,12.619140316077392,14.02888887500012
small,native-bucket,Cotangent native + bucketed norms,1099,900,3.2128405559739606,65536,14.214590184084955,15.70568579200335
small,native-bucket,Cotangent native + bucketed norms,1099,1000,3.0768253140677793,65536,16.04010513603862,17.61122595800407
small,native-bucket,Cotangent native + bucketed norms,1099,1100,2.981961124206555,65536,17.789964761046576,19.43648716700409
small,native-bucket,Cotangent native + bucketed norms,1099,1200,2.90680007299685,65536,19.340543511061696,21.061256375003722
small,native-bucket,Cotangent native + bucketed norms,1099,1300,2.856462642898465,65536,20.929740179046348,22.72937108300539
small,native-bucket,Cotangent native + bucketed norms,1099,1400,2.803590011169254,65536,22.517520841021906,24.393049500002235
small,native-bucket,Cotangent native + bucketed norms,1099,1500,2.759526631786875,65536,24.081056132032245,26.034223125003336
small,native-bucket,Cotangent native + bucketed norms,1099,1600,2.721289153953558,65536,25.710745546028193,27.739783083001385
small,native-bucket,Cotangent native + bucketed norms,1099,1700,2.691561942003006,65536,27.285496754033375,29.390409750005347
small,native-bucket,Cotangent native + bucketed norms,1099,1800,2.6700495673622413,65536,28.905026674008695,31.087461625000287
small,native-bucket,Cotangent native + bucketed norms,1099,1900,2.6471563278943253,65536,30.475274416028697,32.73184404200583
small,native-bucket,Cotangent native + bucketed norms,1099,2000,2.6270458590831534,65536,32.06128332805383,34.40198145800241
small,native-fused,Native fused AdamW,1081,100,3.69277154710448,65536,1.924472290025733,2.784678249998251
small,native-fused,Native fused AdamW,1081,200,3.6257245298733256,65536,3.822842080015107,4.760060833003081
small,native-fused,Native fused AdamW,1081,300,3.5802129544559826,65536,5.712179964022653,6.72564599999896
small,native-fused,Native fused AdamW,1081,400,3.578351134771236,65536,7.601595300009649,8.693666125000163
small,native-fused,Native fused AdamW,1081,500,3.5412156948923585,65536,9.489016678031476,10.657516833001864
small,native-fused,Native fused AdamW,1081,600,3.4778523095665403,65536,11.404295086016646,12.648828792000131
small,native-fused,Native fused AdamW,1081,700,3.3958646327580655,65536,13.363676250039134,14.702446832998248
small,native-fused,Native fused AdamW,1081,800,3.1972974626684993,65536,15.371513879013946,16.792137292002735
small,native-fused,Native fused AdamW,1081,900,3.0666375455318717,65536,17.252271296027175,18.748385582999617
small,native-fused,Native fused AdamW,1081,1000,2.959742062104479,65536,19.13496938400931,20.707289792000665
small,native-fused,Native fused AdamW,1081,1100,2.8955403419725725,65536,21.09179117999156,22.740671291998297
small,native-fused,Native fused AdamW,1081,1200,2.8087735252705963,65536,22.982917433982948,24.70819174999633
small,native-fused,Native fused AdamW,1081,1300,2.751219509661526,65536,24.873297477941378,26.67448054200213
small,native-fused,Native fused AdamW,1081,1400,2.7000630444351543,65536,26.83697572692472,28.71725954199792
small,native-fused,Native fused AdamW,1081,1500,2.6603894201013496,65536,28.73772310889035,30.69471241699648
small,native-fused,Native fused AdamW,1081,1600,2.621543768618919,65536,30.62564594487776,32.657995791996655
small,native-fused,Native fused AdamW,1081,1700,2.585554899452139,65536,32.518114071834134,34.626302167001995
small,native-fused,Native fused AdamW,1081,1800,2.5580678475204004,65536,34.40940444179432,36.59416270800284
small,native-fused,Native fused AdamW,1081,1900,2.533962673184144,65536,36.30662294280046,38.567925541996374
small,native-fused,Native fused AdamW,1081,2000,2.5188846155921576,65536,38.190054937804234,40.52569691700046
small,native-bucket,Cotangent native + bucketed norms,1081,100,3.692781726327628,65536,1.5593865829869173,2.3505732090052334
small,native-bucket,Cotangent native + bucketed norms,1081,200,3.6257358162347884,65536,3.1510942579770926,4.018336125001952
small,native-bucket,Cotangent native + bucketed norms,1081,300,3.5801186542187313,65536,4.705051837961946,5.647396500004106
small,native-bucket,Cotangent native + bucketed norms,1081,400,3.5774933498022263,65536,6.266577339993091,7.285580750001827
small,native-bucket,Cotangent native + bucketed norms,1081,500,3.542577163301167,65536,7.822461796975404,8.916846167005133
small,native-bucket,Cotangent native + bucketed norms,1081,600,3.4735459069845986,65536,9.376333336957032,10.54764454200631
small,native-bucket,Cotangent native + bucketed norms,1081,700,3.3815219783556265,65536,10.936873549973825,12.18353541700344
small,native-bucket,Cotangent native + bucketed norms,1081,800,3.210821554895241,65536,12.493011546961498,13.814709709004092
small,native-bucket,Cotangent native + bucketed norms,1081,900,3.0664393409012103,65536,14.06261622000602,15.459635042003356
small,native-bucket,Cotangent native + bucketed norms,1081,1000,2.955912798515067,65536,15.638775050996628,17.113664292002795
small,native-bucket,Cotangent native + bucketed norms,1081,1100,2.885918665080896,65536,17.20108246703603,18.750998167000944
small,native-bucket,Cotangent native + bucketed norms,1081,1200,2.807622660366685,65536,18.764299302078143,20.38970433400391
small,native-bucket,Cotangent native + bucketed norms,1081,1300,2.7498632759746533,65536,20.322304890098167,22.023361000006844
small,native-bucket,Cotangent native + bucketed norms,1081,1400,2.700258207122679,65536,21.942341226087592,23.719492709002225
small,native-bucket,Cotangent native + bucketed norms,1081,1500,2.6542708255783505,65536,23.50278252208227,25.354598000005353
small,native-bucket,Cotangent native + bucketed norms,1081,1600,2.611174477769484,65536,25.065419016107626,26.992819250001048
small,native-bucket,Cotangent native + bucketed norms,1081,1700,2.5794778763605284,65536,26.62664555606898,28.62926604200038
small,native-bucket,Cotangent native + bucketed norms,1081,1800,2.5558694470389995,65536,28.183197644088068,30.262705959001323
small,native-bucket,Cotangent native + bucketed norms,1081,1900,2.525996280936901,65536,29.74003156113031,31.894886375004717
small,native-bucket,Cotangent native + bucketed norms,1081,2000,2.513723926813259,65536,31.292820601105632,33.523385792002955
small,native-bucket,Cotangent native + bucketed norms,1086,100,3.699346250366483,65536,1.5802666249874164,2.3263929590029875
small,native-bucket,Cotangent native + bucketed norms,1086,200,3.6217200858306358,65536,3.141880750990822,3.9641212089991313
small,native-bucket,Cotangent native + bucketed norms,1086,300,3.5905604518788787,65536,4.714586872010841,5.612699709003209
small,native-bucket,Cotangent native + bucketed norms,1086,400,3.5695093992012223,65536,6.26894366601482,7.2415436250012135
small,native-bucket,Cotangent native + bucketed norms,1086,500,3.531540015448311,65536,7.869808411989652,8.928906166998786
small,native-bucket,Cotangent native + bucketed norms,1086,600,3.5109261534180636,65536,9.46768591095315,10.604296124998655
small,native-bucket,Cotangent native + bucketed norms,1086,700,3.452664450698524,65536,11.378993659956905,12.616490500004147
small,native-bucket,Cotangent native + bucketed norms,1086,800,3.3616504901867437,65536,13.091168196035142,14.417907750001177
small,native-bucket,Cotangent native + bucketed norms,1086,900,3.2026502184472063,65536,14.811193986068247,16.241931459000625
small,native-bucket,Cotangent native + bucketed norms,1086,1000,3.0505714422362207,65536,16.467598366041784,17.97869104200072
small,native-bucket,Cotangent native + bucketed norms,1086,1100,2.9497902322677243,65536,18.118018283028505,19.717066042001534
small,native-bucket,Cotangent native + bucketed norms,1086,1200,2.8679204388175004,65536,19.720396661061386,21.395581500000844
small,native-bucket,Cotangent native + bucketed norms,1086,1300,2.800535507924147,65536,21.389614660052757,23.145341875002487
small,native-bucket,Cotangent native + bucketed norms,1086,1400,2.7551473623055456,65536,23.034641910038772,24.868017834000057
small,native-bucket,Cotangent native + bucketed norms,1086,1500,2.7010075839026086,65536,24.631733192050888,26.542969542002538
small,native-bucket,Cotangent native + bucketed norms,1086,1600,2.6519365749261414,65536,26.26159027302492,28.2753792920048
small,native-bucket,Cotangent native + bucketed norms,1086,1700,2.622096671343612,65536,27.930088272041758,30.026410917002067
small,native-bucket,Cotangent native + bucketed norms,1086,1800,2.596044309434286,65536,29.59381209804269,31.779861625000194
small,native-bucket,Cotangent native + bucketed norms,1086,1900,2.5715340837085003,65536,31.214124143014487,33.482509708999714
small,native-bucket,Cotangent native + bucketed norms,1086,2000,2.5516089745737536,65536,32.84844072799024,35.192796667004586
small,native-fused,Native fused AdamW,1086,100,3.6992827135259048,65536,1.9050554969944642,2.7832151249967865
small,native-fused,Native fused AdamW,1086,200,3.621674349194422,65536,3.7778080409916583,4.730768875000649
small,native-fused,Native fused AdamW,1086,300,3.588369414404718,65536,5.648077043952071,6.67749704200105
small,native-fused,Native fused AdamW,1086,400,3.5705206571882955,65536,7.516832590932609,8.6219500829975
small,native-fused,Native fused AdamW,1086,500,3.532203954471967,65536,9.386949302905123,10.568642833000922
small,native-fused,Native fused AdamW,1086,600,3.5068066314841153,65536,11.264612220904382,12.52134304199717
small,native-fused,Native fused AdamW,1086,700,3.4502444505714864,65536,13.228925598908972,14.581997166998917
small,native-fused,Native fused AdamW,1086,800,3.3616391608296183,65536,15.194007557889563,16.62285208299727
small,native-fused,Native fused AdamW,1086,900,3.237734313760086,65536,17.063041556881217,18.566023291998135
small,native-fused,Native fused AdamW,1086,1000,3.095278740786804,65536,18.94902534789435,20.531270291998226
small,native-fused,Native fused AdamW,1086,1100,2.989345887251953,65536,20.819307305908296,22.47787249999965
small,native-fused,Native fused AdamW,1086,1200,2.9151389097979092,65536,22.679913719868637,24.41467266700056
small,native-fused,Native fused AdamW,1086,1300,2.8454155737964375,65536,24.529548302889452,26.33996616699733
small,native-fused,Native fused AdamW,1086,1400,2.7912490144700866,65536,26.39495780289144,28.284428416998708
small,native-fused,Native fused AdamW,1086,1500,2.746401937020015,65536,28.282790258846944,30.255205749999732
small,native-fused,Native fused AdamW,1086,1600,2.697917077164435,65536,30.22031421284919,32.271500625000044
small,native-fused,Native fused AdamW,1086,1700,2.6738794812610522,65536,32.118051129851665,34.243306124997616
small,native-fused,Native fused AdamW,1086,1800,2.6459335151233176,65536,33.97430279386026,36.17321500000253
small,native-fused,Native fused AdamW,1086,1900,2.6210854079820805,65536,35.82914025089849,38.10267262499838
small,native-fused,Native fused AdamW,1086,2000,2.5977737723458203,65536,37.68484795794211,40.0345480420001
small,native-fused,Native fused AdamW,1023,100,3.6905555506481127,65536,1.9342074970263639,2.7818632920025266
small,native-fused,Native fused AdamW,1023,200,3.614278837233345,65536,3.8057115839983453,4.728459707999718
small,native-fused,Native fused AdamW,1023,300,3.5812059070396547,65536,5.6780344970175065,6.675800333003281
small,native-fused,Native fused AdamW,1023,400,3.548748449008824,65536,7.545799957981217,8.619792167002743
small,native-fused,Native fused AdamW,1023,500,3.5353649096035,65536,9.413127965002786,10.561559791996842
small,native-fused,Native fused AdamW,1023,600,3.4817013887820067,65536,11.279238873969007,12.505077875001007
small,native-fused,Native fused AdamW,1023,700,3.4137737451360253,65536,13.142130998938228,14.443409749997954
small,native-fused,Native fused AdamW,1023,800,3.3045240126988027,65536,15.014337504944706,16.395928249999997
small,native-fused,Native fused AdamW,1023,900,3.1822228071083254,65536,16.886391004947654,18.343602542001463
small,native-fused,Native fused AdamW,1023,1000,3.067099571548957,65536,18.743158999925072,20.27674316699995
small,native-fused,Native fused AdamW,1023,1100,2.9499086154505543,65536,20.606180793925887,22.214023542001087
small,native-fused,Native fused AdamW,1023,1200,2.886775799740507,65536,22.501701750967186,24.185312250003335
small,native-fused,Native fused AdamW,1023,1300,2.8445609436341797,65536,24.37310165999952,26.132046457998513
small,native-fused,Native fused AdamW,1023,1400,2.7840132636427453,65536,26.23984565203864,28.074400625002454
small,native-fused,Native fused AdamW,1023,1500,2.7479275521201565,65536,28.103236570001172,30.012770374996762
small,native-fused,Native fused AdamW,1023,1600,2.698287484798731,65536,29.96124510498339,31.94698070800223
small,native-fused,Native fused AdamW,1023,1700,2.6679025628211592,65536,31.821214482966752,33.88214104199869
small,native-fused,Native fused AdamW,1023,1800,2.647914545657401,65536,33.68264774089039,35.81777987499663
small,native-fused,Native fused AdamW,1023,1900,2.626366833956342,65536,35.5675457859179,37.77872112500336
small,native-fused,Native fused AdamW,1023,2000,2.6121640659425487,65536,37.435347164879204,39.72091279199958
small,native-bucket,Cotangent native + bucketed norms,1023,100,3.690453081234945,65536,1.5650327889816253,2.355534667003667
small,native-bucket,Cotangent native + bucketed norms,1023,200,3.614213182856378,65536,3.203187701947172,4.07335391700326
small,native-bucket,Cotangent native + bucketed norms,1023,300,3.578273398613046,65536,4.781234529938956,5.726001875002112
small,native-bucket,Cotangent native + bucketed norms,1023,400,3.549085535004515,65536,6.372826488906867,7.393272833003721
small,native-bucket,Cotangent native + bucketed norms,1023,500,3.536933541864188,65536,7.8602575779368635,8.950228417001199
small,native-bucket,Cotangent native + bucketed norms,1023,600,3.4728699721710448,65536,9.318021036880964,10.479276500002015
small,native-bucket,Cotangent native + bucketed norms,1023,700,3.4133167227391885,65536,10.788137575844303,12.020985916999052
small,native-bucket,Cotangent native + bucketed norms,1023,800,3.2584548157827844,65536,12.25214365683496,13.556241292004415
small,native-bucket,Cotangent native + bucketed norms,1023,900,3.0904958172749835,65536,13.739183780839085,15.120373000005202
small,native-bucket,Cotangent native + bucketed norms,1023,1000,3.002317221864364,65536,15.2543543558495,16.70683283299877
small,native-bucket,Cotangent native + bucketed norms,1023,1100,2.9221433654576714,65536,16.734745069865312,18.257566416999907
small,native-bucket,Cotangent native + bucketed norms,1023,1200,2.863200933908186,65536,18.26492902989412,19.869356832998164
small,native-bucket,Cotangent native + bucketed norms,1023,1300,2.807605994172925,65536,19.81333620089572,21.500568167000893
small,native-bucket,Cotangent native + bucketed norms,1023,1400,2.7603916077804738,65536,21.32914233188785,23.086263791999954
small,native-bucket,Cotangent native + bucketed norms,1023,1500,2.7137263028731913,65536,22.802626627897553,24.631119042001956
small,native-bucket,Cotangent native + bucketed norms,1023,1600,2.671707474742101,65536,24.2659468368729,26.16464129200176
small,native-bucket,Cotangent native + bucketed norms,1023,1700,2.642388141145901,65536,25.727009124908363,27.698677667001903
small,native-bucket,Cotangent native + bucketed norms,1023,1800,2.614322636316901,65536,27.224784293881385,29.266533875001187
small,native-bucket,Cotangent native + bucketed norms,1023,1900,2.59031187508151,65536,28.670713087863987,30.78227799999877
small,native-bucket,Cotangent native + bucketed norms,1023,2000,2.5837465394995216,65536,30.130101252878376,32.31277679200139
small,native-bucket,Cotangent native + bucketed norms,1098,100,3.6966424788655217,65536,1.4811788770239218,2.3741606670009787
small,native-bucket,Cotangent native + bucketed norms,1098,200,3.612226901476985,65536,2.966366671040305,3.9279871250037104
small,native-bucket,Cotangent native + bucketed norms,1098,300,3.58255402529519,65536,4.406175881020317,5.441098834002332
small,native-bucket,Cotangent native + bucketed norms,1098,400,3.5526027521973105,65536,5.86973270704766,6.9737950839989935
small,native-bucket,Cotangent native + bucketed norms,1098,500,3.520990513653061,65536,7.323590414038335,8.496871499999543
small,native-bucket,Cotangent native + bucketed norms,1098,600,3.4889194791408875,65536,8.770720335036458,10.014977834005549
small,native-bucket,Cotangent native + bucketed norms,1098,700,3.4261951168521816,65536,10.222532419044,11.53748962499958
small,native-bucket,Cotangent native + bucketed norms,1098,800,3.3310328918059278,65536,11.659667046049435,13.043251584000245
small,native-bucket,Cotangent native + bucketed norms,1098,900,3.2081559957895185,65536,13.148780921037542,14.602633167000022
small,native-bucket,Cotangent native + bucketed norms,1098,1000,3.1093843171050284,65536,14.5860291680292,16.108035084005678
small,native-bucket,Cotangent native + bucketed norms,1098,1100,3.0090499556846786,65536,16.023115085037716,17.615452083999116
small,native-bucket,Cotangent native + bucketed norms,1098,1200,2.9144327866546718,65536,17.474822541007597,19.136848834001285
small,native-bucket,Cotangent native + bucketed norms,1098,1300,2.8600464120026867,65536,18.922951331995137,20.65508837500238
small,native-bucket,Cotangent native + bucketed norms,1098,1400,2.8087921101458053,65536,20.367708127996593,22.169216000002052
small,native-bucket,Cotangent native + bucketed norms,1098,1500,2.749831625792437,65536,21.839317297046364,23.710703500000818
small,native-bucket,Cotangent native + bucketed norms,1098,1600,2.7238344756884962,65536,23.289141134053352,25.229525000002468
small,native-bucket,Cotangent native + bucketed norms,1098,1700,2.679516647974166,65536,24.72741367010167,26.73596562500461
small,native-bucket,Cotangent native + bucketed norms,1098,1800,2.6484671044167922,65536,26.182345756111317,28.261435874999734
small,native-bucket,Cotangent native + bucketed norms,1098,1900,2.6359241355920178,65536,27.633640715124784,29.79134087500279
small,native-bucket,Cotangent native + bucketed norms,1098,2000,2.6185431980582314,65536,29.08414047012775,31.311659209000936
small,native-fused,Native fused AdamW,1098,100,3.696604094487632,65536,1.769016575985006,2.5411082909995457
small,native-fused,Native fused AdamW,1098,200,3.612470353668197,65536,3.758810947954771,4.625720750002074
small,native-fused,Native fused AdamW,1098,300,3.5826686624809057,65536,5.547388160935952,6.485175082998467
small,native-fused,Native fused AdamW,1098,400,3.5513206537818753,65536,7.324842660935246,8.3329210410011
small,native-fused,Native fused AdamW,1098,500,3.524577566551022,65536,9.120207656931598,10.197140374999435
small,native-fused,Native fused AdamW,1098,600,3.4932882899272615,65536,10.901192153891316,12.054120958004205
small,native-fused,Native fused AdamW,1098,700,3.4421135192974885,65536,12.780654527872684,14.001027040998451
small,native-fused,Native fused AdamW,1098,800,3.3339850707482293,65536,14.578834116902726,15.870431290997658
small,native-fused,Native fused AdamW,1098,900,3.1732195045867417,65536,16.35754848896613,17.718061375002435
small,native-fused,Native fused AdamW,1098,1000,3.0536447077136453,65536,18.092886229955184,19.523542540999188
small,native-fused,Native fused AdamW,1098,1100,2.951752823036961,65536,19.83881884497532,21.33744787499745
small,native-fused,Native fused AdamW,1098,1200,2.8922205286162206,65536,21.58416950998071,23.150609041003918
small,native-fused,Native fused AdamW,1098,1300,2.823724557551547,65536,23.332565302982402,24.96970504100318
small,native-fused,Native fused AdamW,1098,1400,2.7732817182115572,65536,25.074321771942778,26.779891333004343
small,native-fused,Native fused AdamW,1098,1500,2.7185453104949455,65536,26.83512114896439,28.610652249997656
small,native-fused,Native fused AdamW,1098,1600,2.6858933508349048,65536,28.58954298300523,30.433504749998974
small,native-fused,Native fused AdamW,1098,1700,2.646110119807922,65536,30.354617559998587,32.285198124998715
small,native-fused,Native fused AdamW,1098,1800,2.617454203912968,65536,32.21291105200362,34.21696995799721
small,native-fused,Native fused AdamW,1098,1900,2.6024200448926145,65536,33.99883971896634,36.071471957999165
small,native-fused,Native fused AdamW,1098,2000,2.5884753045996933,65536,35.77600413597975,37.91741845800425
small,native-fused,Native fused AdamW,1041,100,3.681429592249717,65536,1.7900976260498282,2.4580347079972853
small,native-fused,Native fused AdamW,1041,200,3.631201005671497,65536,3.5412717910003266,4.277783915997134
small,native-fused,Native fused AdamW,1041,300,3.591038337921048,65536,5.303960458011716,6.110411415997078
small,native-fused,Native fused AdamW,1041,400,3.5569656725778924,65536,7.069060458030435,7.941906332998769
small,native-fused,Native fused AdamW,1041,500,3.5492307958510003,65536,8.805542538008012,9.767572999997356
small,native-fused,Native fused AdamW,1041,600,3.482823532583224,65536,10.588660162022279,11.61946524999803
small,native-fused,Native fused AdamW,1041,700,3.420950742390265,65536,12.349935326994455,13.456064541001979
small,native-fused,Native fused AdamW,1041,800,3.2231255162054366,65536,14.189293744973838,15.3674897910023
small,native-fused,Native fused AdamW,1041,900,3.085185799185016,65536,15.968894372985233,17.234456790996774
small,native-fused,Native fused AdamW,1041,1000,3.0060923162932123,65536,17.919898084001034,19.264558165996277
small,native-fused,Native fused AdamW,1041,1100,2.929803230876498,65536,19.733558297986747,21.145023290999234
small,native-fused,Native fused AdamW,1041,1200,2.8757389958529527,65536,21.485467339967727,22.966705790997366
small,native-fused,Native fused AdamW,1041,1300,2.790044942433565,65536,23.22767534499144,24.777351582997653
small,native-fused,Native fused AdamW,1041,1400,2.7334103353270915,65536,24.9811030970086,26.60053562500252
small,native-fused,Native fused AdamW,1041,1500,2.6872232120571593,65536,26.757956274021126,28.44554741599859
small,native-fused,Native fused AdamW,1041,1600,2.645705976701768,65536,28.507522518993937,30.262942540997756
small,native-fused,Native fused AdamW,1041,1700,2.6130065498300894,65536,30.270421387947863,32.09309862500231
small,native-fused,Native fused AdamW,1041,1800,2.589053617761051,65536,32.01604310091352,33.90667825000128
small,native-fused,Native fused AdamW,1041,1900,2.567859867853299,65536,33.77803176791349,35.73608029099705
small,native-fused,Native fused AdamW,1041,2000,2.547637105120029,65536,35.56730609694932,37.593561790999956
small,native-bucket,Cotangent native + bucketed norms,1041,100,3.681437449707078,65536,1.437306493971846,2.245565874996828
small,native-bucket,Cotangent native + bucketed norms,1041,200,3.63103149527124,65536,2.890440447961737,3.7683014169961098
small,native-bucket,Cotangent native + bucketed norms,1041,300,3.5854589090085036,65536,4.330665945977671,5.277818208996905
small,native-bucket,Cotangent native + bucketed norms,1041,400,3.5591547215026527,65536,5.764566192905477,6.781262791999325
small,native-bucket,Cotangent native + bucketed norms,1041,500,3.5348362671814946,65536,7.219387485878542,8.30678633399657
small,native-bucket,Cotangent native + bucketed norms,1041,600,3.485356407073806,65536,8.646559778870142,9.801894583993999
small,native-bucket,Cotangent native + bucketed norms,1041,700,3.4233891231631137,65536,10.097398073899967,11.320160916999157
small,native-bucket,Cotangent native + bucketed norms,1041,800,3.229272552359322,65536,11.542908536917821,12.833474041995942
small,native-bucket,Cotangent native + bucketed norms,1041,900,3.096792768555843,65536,12.95794524592202,14.316349833999993
small,native-bucket,Cotangent native + bucketed norms,1041,1000,3.014872078989879,65536,14.419095199926232,15.846711166996101
small,native-bucket,Cotangent native + bucketed norms,1041,1100,2.938419567059183,65536,15.871669493892114,17.369059624994406
small,native-bucket,Cotangent native + bucketed norms,1041,1200,2.880695960432988,65536,17.329031411944015,18.89564554199751
small,native-bucket,Cotangent native + bucketed norms,1041,1300,2.80230880491382,65536,18.743600617955963,20.37791708399891
small,native-bucket,Cotangent native + bucketed norms,1041,1400,2.757238891692809,65536,20.18082757996308,21.884752083999047
small,native-bucket,Cotangent native + bucketed norms,1041,1500,2.7132670232040623,65536,21.612344912944536,23.384249958995497
small,native-bucket,Cotangent native + bucketed norms,1041,1600,2.670478260991806,65536,23.038766321951698,24.87981458399736
small,native-bucket,Cotangent native + bucketed norms,1041,1700,2.6410284301848064,65536,24.48482452600001,26.39505429199926
small,native-bucket,Cotangent native + bucketed norms,1041,1800,2.615628543580565,65536,25.939606568965246,27.918164791997697
small,native-bucket,Cotangent native + bucketed norms,1041,1900,2.589517331357898,65536,27.377868278956157,29.424445458993432
small,native-bucket,Cotangent native + bucketed norms,1041,2000,2.5745153384677133,65536,28.828563108974777,30.94417358399369
small,native-bucket,Cotangent native + bucketed norms,1070,100,3.6988321834741384,65536,1.447401459015964,2.261376458001905
small,native-bucket,Cotangent native + bucketed norms,1070,200,3.616803026600058,65536,2.8981146220030496,3.782226167000772
small,native-bucket,Cotangent native + bucketed norms,1070,300,3.5965550576595215,65536,4.3535714139652555,5.306195083001512
small,native-bucket,Cotangent native + bucketed norms,1070,400,3.5457789643122797,65536,5.79746553300356,6.818439707996731
small,native-bucket,Cotangent native + bucketed norms,1070,500,3.539535230912947,65536,7.253169247007463,8.343095582997194
small,native-bucket,Cotangent native + bucketed norms,1070,600,3.477000286016335,65536,8.675045542986481,9.832088750001276
small,native-bucket,Cotangent native + bucketed norms,1070,700,3.4052583251481923,65536,10.098334287991747,11.324195000001055
small,native-bucket,Cotangent native + bucketed norms,1070,800,3.2444407019880717,65536,11.554023289994802,12.851071541997953
small,native-bucket,Cotangent native + bucketed norms,1070,900,3.0932675864165295,65536,12.975514413054043,14.341191082996374
small,native-bucket,Cotangent native + bucketed norms,1070,1000,3.00630605310703,65536,14.422542201056785,15.858260499997414
small,native-bucket,Cotangent native + bucketed norms,1070,1100,2.929150648082257,65536,15.84738661700976,17.3510457079974
small,native-bucket,Cotangent native + bucketed norms,1070,1200,2.8612694182541767,65536,17.257739537039015,18.828701917002036
small,native-bucket,Cotangent native + bucketed norms,1070,1300,2.8109678089172925,65536,18.700079333073518,20.340001832999405
small,native-bucket,Cotangent native + bucketed norms,1070,1400,2.763518558717257,65536,20.119061910983874,21.82654100000218
small,native-bucket,Cotangent native + bucketed norms,1070,1500,2.715019005093944,65536,21.596839865997026,23.374837374998606
small,native-bucket,Cotangent native + bucketed norms,1070,1600,2.691781520852495,65536,23.045675776986172,24.892196000000695
small,native-bucket,Cotangent native + bucketed norms,1070,1700,2.6616838313996953,65536,24.536256153936847,26.458939750002173
small,native-bucket,Cotangent native + bucketed norms,1070,1800,2.629443157500277,65536,26.06493115289777,28.06006529199658
small,native-bucket,Cotangent native + bucketed norms,1070,1900,2.608264036866764,65536,27.512527196871815,29.576844374998473
small,native-bucket,Cotangent native + bucketed norms,1070,2000,2.586751404252023,65536,28.972747451916803,31.106210707999708
small,native-fused,Native fused AdamW,1070,100,3.6988180486500206,65536,1.7572057500074152,2.5274986250005895
small,native-fused,Native fused AdamW,1070,200,3.616522533645417,65536,3.5251389980403474,4.367919291005819
small,native-fused,Native fused AdamW,1070,300,3.5970318580612073,65536,5.267718457056617,6.178981583005225
small,native-fused,Native fused AdamW,1070,400,3.5514621955035355,65536,7.031464000065171,8.012797875002434
small,native-fused,Native fused AdamW,1070,500,3.538723677030272,65536,8.777272173058009,9.826843458002259
small,native-fused,Native fused AdamW,1070,600,3.4734882605498125,65536,10.552881090065057,11.672498333005933
small,native-fused,Native fused AdamW,1070,700,3.3929868578100937,65536,12.31616100708925,13.503804416002822
small,native-fused,Native fused AdamW,1070,800,3.252572417932914,65536,14.078750053115073,15.335942124998837
small,native-fused,Native fused AdamW,1070,900,3.0996810989390116,65536,15.830831047118409,17.15620983300323
small,native-fused,Native fused AdamW,1070,1000,3.0040057959006554,65536,17.564228839102725,18.958825833004084
small,native-fused,Native fused AdamW,1070,1100,2.9330433625209222,65536,19.31499613913911,20.77749379099987
small,native-fused,Native fused AdamW,1070,1200,2.8657422140508286,65536,21.064492927165702,22.59838729100011
small,native-fused,Native fused AdamW,1070,1300,2.816134608454754,65536,22.82014097114734,24.42132491600205
small,native-fused,Native fused AdamW,1070,1400,2.7581200824257093,65536,24.564861303108046,26.234935125001357
small,native-fused,Native fused AdamW,1070,1500,2.711001506493162,65536,26.314406598081405,28.05264587500278
small,native-fused,Native fused AdamW,1070,1600,2.6826911359905385,65536,28.069064891067683,29.8760267079997
small,native-fused,Native fused AdamW,1070,1700,2.6574394769335097,65536,29.825512144081586,31.700660208000045
small,native-fused,Native fused AdamW,1070,1800,2.62548067184994,65536,31.5715977690852,33.51363183300418
small,native-fused,Native fused AdamW,1070,1900,2.5999996900513596,65536,33.32151210112352,35.33223437500419
small,native-fused,Native fused AdamW,1070,2000,2.5812848926986858,65536,35.066263684137084,37.144180166003935
small,native-bucket,Cotangent native + bucketed norms,1042,100,3.695378868585054,65536,1.4381407990003936,2.142754499996954
small,native-bucket,Cotangent native + bucketed norms,1042,200,3.622106606089534,65536,2.8909476320186513,3.66390891699848
small,native-bucket,Cotangent native + bucketed norms,1042,300,3.589870564972774,65536,4.316134631029854,5.157365708997531
small,native-bucket,Cotangent native + bucketed norms,1042,400,3.5579055577648577,65536,5.769537841995771,6.680182584001159
small,native-bucket,Cotangent native + bucketed norms,1042,500,3.5411150635437725,65536,7.219150843004172,8.19948299999669
small,native-bucket,Cotangent native + bucketed norms,1042,600,3.5045520141737136,65536,8.666232217998186,9.715980458997365
small,native-bucket,Cotangent native + bucketed norms,1042,700,3.4314808316437992,65536,10.131408505003492,11.24920229199779
small,native-bucket,Cotangent native + bucketed norms,1042,800,3.2813465665258783,65536,11.55130029002612,12.735499000002164
small,native-bucket,Cotangent native + bucketed norms,1042,900,3.1016151513371204,65536,12.966910740004096,14.217367124998418
small,native-bucket,Cotangent native + bucketed norms,1042,1000,2.992638167260793,65536,14.412918701025774,15.729753667001205
small,native-bucket,Cotangent native + bucketed norms,1042,1100,2.9055157710537003,65536,15.857567163970089,17.242382083997654
small,native-bucket,Cotangent native + bucketed norms,1042,1200,2.824900107340315,65536,17.29570845991111,18.7505520420018
small,native-bucket,Cotangent native + bucketed norms,1042,1300,2.769754655012,65536,18.768895667897596,20.293412833998445
small,native-bucket,Cotangent native + bucketed norms,1042,1400,2.7091895725260815,65536,20.207967082918913,21.80098895899573
small,native-bucket,Cotangent native + bucketed norms,1042,1500,2.6594960992171055,65536,21.647070668906963,23.30963787499786
small,native-bucket,Cotangent native + bucketed norms,1042,1600,2.632543520994128,65536,23.073919962909713,24.805426999999327
small,native-bucket,Cotangent native + bucketed norms,1042,1700,2.588726931341279,65536,24.495657666935585,26.2949882920002
small,native-bucket,Cotangent native + bucketed norms,1042,1800,2.5605057015963806,65536,25.945787586897495,27.814041166995594
small,native-bucket,Cotangent native + bucketed norms,1042,1900,2.5400858628685956,65536,27.38354737890768,29.32011891699949
small,native-bucket,Cotangent native + bucketed norms,1042,2000,2.5258441837800443,65536,28.836893090883677,30.84324058399943
small,native-fused,Native fused AdamW,1042,100,3.6953439346090975,65536,1.762814171037462,2.5274582499987446
small,native-fused,Native fused AdamW,1042,200,3.62180256226064,65536,3.5219354960427154,4.357062875002157
small,native-fused,Native fused AdamW,1042,300,3.5902565155391413,65536,5.313208624000254,6.216662583996367
small,native-fused,Native fused AdamW,1042,400,3.5647663004219923,65536,7.085427083045943,8.056262334001076
small,native-fused,Native fused AdamW,1042,500,3.5499117719060074,65536,8.839192458013713,9.877035874997091
small,native-fused,Native fused AdamW,1042,600,3.497294475294291,65536,10.564311296999222,11.669772542001738
small,native-fused,Native fused AdamW,1042,700,3.4428660401352547,65536,12.315472166999825,13.489822750001622
small,native-fused,Native fused AdamW,1042,800,3.2698610276554763,65536,14.058488451992162,15.30117820900341
small,native-fused,Native fused AdamW,1042,900,3.0912250452124734,65536,15.801574582023022,17.113658374997613
small,native-fused,Native fused AdamW,1042,1000,2.9918303056306543,65536,17.536046502056706,18.91578958399623
small,native-fused,Native fused AdamW,1042,1100,2.9038034365393006,65536,19.26686654304649,20.715924999996787
small,native-fused,Native fused AdamW,1042,1200,2.82252044789382,65536,21.01084916506079,22.526752042002045
small,native-fused,Native fused AdamW,1042,1300,2.7664304775958826,65536,22.735034038072627,24.319767499997397
small,native-fused,Native fused AdamW,1042,1400,2.711641083099432,65536,24.493919703039865,26.14740479199827
small,native-fused,Native fused AdamW,1042,1500,2.6544289206301563,65536,26.21973299000092,27.93978849999985
small,native-fused,Native fused AdamW,1042,1600,2.624566191725182,65536,27.95592474399018,29.743527209000604
small,native-fused,Native fused AdamW,1042,1700,2.583460086271136,65536,29.6977479110501,31.553352666996943
small,native-fused,Native fused AdamW,1042,1800,2.551535317629064,65536,31.449794825071876,33.37554133399681
small,native-fused,Native fused AdamW,1042,1900,2.5364991270636468,65536,33.20084415902238,35.194919708999805
small,native-fused,Native fused AdamW,1042,2000,2.5181581071303345,65536,34.93687845305976,36.99955754199618
small,native-fused,Native fused AdamW,1009,100,3.6861028768216118,65536,1.7573804170679068,2.417401124999742
small,native-fused,Native fused AdamW,1009,200,3.6176653153647376,65536,3.509173499085591,4.237814250001975
small,native-fused,Native fused AdamW,1009,300,3.5790144503577825,65536,5.267087456064473,6.0682337090038345
small,native-fused,Native fused AdamW,1009,400,3.549555477597998,65536,7.02481778908259,7.893294749999768
small,native-fused,Native fused AdamW,1009,500,3.4908516182320057,65536,8.79302750009083,9.728857250003784
small,native-fused,Native fused AdamW,1009,600,3.431779124802805,65536,10.49881058306346,11.502639917001943
small,native-fused,Native fused AdamW,1009,700,3.2949772450004926,65536,12.24539670811646,13.319158291997155
small,native-fused,Native fused AdamW,1009,800,3.1383417777059814,65536,13.999742700085335,15.143235167000967
small,native-fused,Native fused AdamW,1009,900,3.016667013546814,65536,15.74404678708379,16.954638249997515
small,native-fused,Native fused AdamW,1009,1000,2.930195324448176,65536,17.47621687308856,18.75528804199712
small,native-fused,Native fused AdamW,1009,1100,2.8571577000330115,65536,19.19163941105944,20.53965574999893
small,native-fused,Native fused AdamW,1009,1200,2.812653163653338,65536,20.91676170303981,22.334799625001324
small,native-fused,Native fused AdamW,1009,1300,2.7632980017164406,65536,22.673808035964612,24.159655916999327
small,native-fused,Native fused AdamW,1009,1400,2.7182098905811847,65536,24.423048323958938,25.97784962500009
small,native-fused,Native fused AdamW,1009,1500,2.681714897970747,65536,26.193041828955757,27.81829387500329
small,native-fused,Native fused AdamW,1009,1600,2.6436457750292512,65536,27.95024607396772,29.644311916999868
small,native-fused,Native fused AdamW,1009,1700,2.61247261894157,65536,29.728292036925268,31.491536791996623
small,native-fused,Native fused AdamW,1009,1800,2.5875415677924964,65536,31.4871946239291,33.31840224999905
small,native-fused,Native fused AdamW,1009,1900,2.563939652313869,65536,33.26551246094459,35.165579291999165
small,native-fused,Native fused AdamW,1009,2000,2.5458220539674015,65536,35.14526350201777,37.11296549999679
small,native-bucket,Cotangent native + bucketed norms,1009,100,3.685916092913859,65536,1.6449054209515452,2.426504916998965
small,native-bucket,Cotangent native + bucketed norms,1009,200,3.617846972039711,65536,3.113939634989947,3.9639551669970388
small,native-bucket,Cotangent native + bucketed norms,1009,300,3.5790828134615005,65536,4.528188131058414,5.444013374995848
small,native-bucket,Cotangent native + bucketed norms,1009,400,3.550998637765966,65536,5.945919839097769,6.931385042000329
small,native-bucket,Cotangent native + bucketed norms,1009,500,3.4999755128385917,65536,7.376604877092177,8.440017084001738
small,native-bucket,Cotangent native + bucketed norms,1009,600,3.443479470004135,65536,8.902850460122863,10.041102875002252
small,native-bucket,Cotangent native + bucketed norms,1009,700,3.307197880716345,65536,10.340941259149986,11.546254374996352
small,native-bucket,Cotangent native + bucketed norms,1009,800,3.1318340724354052,65536,11.746051254151098,13.020368708996102
small,native-bucket,Cotangent native + bucketed norms,1009,900,3.02855201974505,65536,13.201890007112524,14.547617459000321
small,native-bucket,Cotangent native + bucketed norms,1009,1000,2.9362517956130088,65536,14.632612504086865,16.047611834001145
small,native-bucket,Cotangent native + bucketed norms,1009,1100,2.864873653293851,65536,16.04402600908361,17.526197166997008
small,native-bucket,Cotangent native + bucketed norms,1009,1200,2.825098629063989,65536,17.441572755044035,18.994267084002786
small,native-bucket,Cotangent native + bucketed norms,1009,1300,2.7733091870655744,65536,18.85486687807861,20.475220749998698
small,native-bucket,Cotangent native + bucketed norms,1009,1400,2.7232791652066917,65536,20.23728242105426,21.924187167001946
small,native-bucket,Cotangent native + bucketed norms,1009,1500,2.6889887590786277,65536,21.637955966034497,23.39209624999785
small,native-bucket,Cotangent native + bucketed norms,1009,1600,2.647269605342208,65536,23.066478094064223,24.888868834001187
small,native-bucket,Cotangent native + bucketed norms,1009,1700,2.6212948398551688,65536,24.534411674074363,26.43049062499631
small,native-bucket,Cotangent native + bucketed norms,1009,1800,2.59609051902279,65536,26.047452138045628,28.01620404199639
small,native-bucket,Cotangent native + bucketed norms,1009,1900,2.581039640064098,65536,27.508489719031786,29.54712729199673
small,native-bucket,Cotangent native + bucketed norms,1009,2000,2.560259341823478,65536,28.939234262070386,31.05078891699668
small,native-fused,Native fused AdamW,1095,100,3.6917605578402988,65536,1.7799894649870112,2.464016541001911
small,native-fused,Native fused AdamW,1095,200,3.634272605066991,65536,3.5543937999536865,4.313220083000488
small,native-fused,Native fused AdamW,1095,300,3.5838236227216904,65536,5.325251797999954,6.152932625001995
small,native-fused,Native fused AdamW,1095,400,3.5647363754407424,65536,7.075814964053279,7.972152375004953
small,native-fused,Native fused AdamW,1095,500,3.537203812600019,65536,8.85754241902032,9.823842000005243
small,native-fused,Native fused AdamW,1095,600,3.4793445815302455,65536,10.64792558499903,11.686383166001178
small,native-fused,Native fused AdamW,1095,700,3.4054086917296247,65536,12.42745987802482,13.535024750002776
small,native-fused,Native fused AdamW,1095,800,3.2755658964139935,65536,14.155158332992869,15.330386000001454
small,native-fused,Native fused AdamW,1095,900,3.1769839790868994,65536,15.971180707980238,17.217830000001413
small,native-fused,Native fused AdamW,1095,1000,3.0551567039376213,65536,17.75222903794929,19.069122250002692
small,native-fused,Native fused AdamW,1095,1100,2.9565577979492965,65536,19.55843694991927,20.951668749999953
small,native-fused,Native fused AdamW,1095,1200,2.864423913287387,65536,21.35364179188764,22.82043245800014
small,native-fused,Native fused AdamW,1095,1300,2.8166709041047224,65536,23.142805584866437,24.6835640000063
small,native-fused,Native fused AdamW,1095,1400,2.763891922303364,65536,24.941663954901742,26.554147875001945
small,native-fused,Native fused AdamW,1095,1500,2.7309631619412174,65536,26.735212614898046,28.419841250004538
small,native-fused,Native fused AdamW,1095,1600,2.691634185465284,65536,28.545105820863682,30.300337750006292
small,native-fused,Native fused AdamW,1095,1700,2.653228884811472,65536,30.339610744893434,32.16309120799997
small,native-fused,Native fused AdamW,1095,1800,2.6321245820055417,65536,32.12964561991248,34.025413708004635
small,native-fused,Native fused AdamW,1095,1900,2.6072979565722894,65536,33.88184920699132,35.84538283300208
small,native-fused,Native fused AdamW,1095,2000,2.593831989107081,65536,35.63270729195938,37.665220083006716
small,native-bucket,Cotangent native + bucketed norms,1095,100,3.691741800982439,65536,1.4193239209998865,2.1401827500012587
small,native-bucket,Cotangent native + bucketed norms,1095,200,3.634029056135538,65536,2.825950499958708,3.614669208000123
small,native-bucket,Cotangent native + bucketed norms,1095,300,3.5838686391805537,65536,4.264071836929361,5.119493167003384
small,native-bucket,Cotangent native + bucketed norms,1095,400,3.5680668517214476,65536,5.665487002945156,6.589324207998288
small,native-bucket,Cotangent native + bucketed norms,1095,500,3.534086068109515,65536,7.1022847969288705,8.096010875000502
small,native-bucket,Cotangent native + bucketed norms,1095,600,3.486490310188776,65536,8.522966009928496,9.583388541999739
small,native-bucket,Cotangent native + bucketed norms,1095,700,3.4170995026427473,65536,9.916132842910883,11.043738499996834
small,native-bucket,Cotangent native + bucketed norms,1095,800,3.2752482337089344,65536,11.327845381892985,12.523289042001124
small,native-bucket,Cotangent native + bucketed norms,1095,900,3.125914612324274,65536,12.727235471895256,13.991067957998894
small,native-bucket,Cotangent native + bucketed norms,1095,1000,3.0209874112169697,65536,14.112088553898502,15.442707499998505
small,native-bucket,Cotangent native + bucketed norms,1095,1100,2.9270802564376766,65536,15.554398845866672,16.953458333002345
small,native-bucket,Cotangent native + bucketed norms,1095,1200,2.8480049822090328,65536,16.9627679667974,18.429075291998743
small,native-bucket,Cotangent native + bucketed norms,1095,1300,2.800140410030537,65536,18.359730965807103,19.894919667000067
small,native-bucket,Cotangent native + bucketed norms,1095,1400,2.750112930290212,65536,19.779267715799506,21.3819561670025
small,native-bucket,Cotangent native + bucketed norms,1095,1500,2.711144864781572,65536,21.192943383808597,22.86307420799858
small,native-bucket,Cotangent native + bucketed norms,1095,1600,2.6726520625796755,65536,22.634343589837954,24.373423917000764
small,native-bucket,Cotangent native + bucketed norms,1095,1700,2.6333783086580427,65536,24.06328879877401,25.871115667003323
small,native-bucket,Cotangent native + bucketed norms,1095,1800,2.6064565798230634,65536,25.503751719785214,27.37952524999855
small,native-bucket,Cotangent native + bucketed norms,1095,1900,2.585028761527487,65536,26.944785177787708,28.89167320800334
small,native-bucket,Cotangent native + bucketed norms,1095,2000,2.5740946474058717,65536,28.361900800788135,30.37709741699655
small,native-fused,Native fused AdamW,1031,100,3.6866700756041575,65536,1.7447434519635863,2.4017150409999886
small,native-fused,Native fused AdamW,1031,200,3.6400452994834422,65536,3.4942114949517418,4.217674166000506
small,native-fused,Native fused AdamW,1031,300,3.5919659263484767,65536,5.210928120010067,6.001705124996079
small,native-fused,Native fused AdamW,1031,400,3.5584548273560506,65536,6.955872331993305,7.814064958001836
small,native-fused,Native fused AdamW,1031,500,3.5312214498343346,65536,8.676158746005967,9.601244833000237
small,native-fused,Native fused AdamW,1031,600,3.480917771331182,65536,10.422512129014649,11.415002916000958
small,native-fused,Native fused AdamW,1031,700,3.3778980566768864,65536,12.163327508009388,13.224442499995348
small,native-fused,Native fused AdamW,1031,800,3.1691744726384483,65536,13.918434174040158,15.04806387500139
small,native-fused,Native fused AdamW,1031,900,3.0408636235342934,65536,15.652191130058782,16.849493124995206
small,native-fused,Native fused AdamW,1031,1000,2.9375616638521005,65536,17.389493501046672,18.656235582995578
small,native-fused,Native fused AdamW,1031,1100,2.851996484557245,65536,19.15030896403914,20.485012832999928
small,native-fused,Native fused AdamW,1031,1200,2.7865135957911096,65536,20.86694741806423,22.27237425000203
small,native-fused,Native fused AdamW,1031,1300,2.719057050247046,65536,22.613810880073288,24.086472582996066
small,native-fused,Native fused AdamW,1031,1400,2.663707572750229,65536,24.341217375076667,25.882700000001932
small,native-fused,Native fused AdamW,1031,1500,2.6152300490296003,65536,26.102701375129982,27.71300554100162
small,native-fused,Native fused AdamW,1031,1600,2.567762520298453,65536,27.845462334131298,29.524066999998468
small,native-fused,Native fused AdamW,1031,1700,2.5430260675188303,65536,29.589060751102807,31.334568665995903
small,native-fused,Native fused AdamW,1031,1800,2.5172283259241075,65536,31.334740251091716,33.14865070799715
small,native-fused,Native fused AdamW,1031,1900,2.490197909428241,65536,33.082277381116,34.96520183300163
small,native-fused,Native fused AdamW,1031,2000,2.4806231031833823,65536,34.8303823730821,36.78072191600222
small,native-bucket,Cotangent native + bucketed norms,1031,100,3.686893588556785,65536,1.4303582429638482,2.1202856250019977
small,native-bucket,Cotangent native + bucketed norms,1031,200,3.6402734882143903,65536,2.8758680379542056,3.6331425410025986
small,native-bucket,Cotangent native + bucketed norms,1031,300,3.5902063718474992,65536,4.275161244986521,5.099653249999392
small,native-bucket,Cotangent native + bucketed norms,1031,400,3.5589051746762506,65536,5.6770541179939755,6.569503083002928
small,native-bucket,Cotangent native + bucketed norms,1031,500,3.5296804530358568,65536,7.096319538053649,8.055863291003334
small,native-bucket,Cotangent native + bucketed norms,1031,600,3.4755683369674197,65536,8.492942208104068,9.519590290998167
small,native-bucket,Cotangent native + bucketed norms,1031,700,3.36610641018578,65536,9.921842045121593,11.017303957996774
small,native-bucket,Cotangent native + bucketed norms,1031,800,3.159952913384004,65536,11.357690085096692,12.521405958003015
small,native-bucket,Cotangent native + bucketed norms,1031,900,3.0375170991224794,65536,12.772018253119313,14.00305166599719
small,native-bucket,Cotangent native + bucketed norms,1031,1000,2.935665356271398,65536,14.206213092133112,15.504230375001498
small,native-bucket,Cotangent native + bucketed norms,1031,1100,2.8506685043952347,65536,15.59030238311243,16.956657707996783
small,native-bucket,Cotangent native + bucketed norms,1031,1200,2.7774988241764964,65536,17.01606900810293,18.451720958000806
small,native-bucket,Cotangent native + bucketed norms,1031,1300,2.719115062144965,65536,18.448695678111108,19.951538916000572
small,native-bucket,Cotangent native + bucketed norms,1031,1400,2.6612519238443424,65536,19.87205125906621,21.44332837499678
small,native-bucket,Cotangent native + bucketed norms,1031,1500,2.61431082325857,65536,21.32170172107726,22.962209290999454
small,native-bucket,Cotangent native + bucketed norms,1031,1600,2.569376781706198,65536,22.754505343073106,24.46326462500292
small,native-bucket,Cotangent native + bucketed norms,1031,1700,2.5415087882027985,65536,24.162847552113817,25.938506500002404
small,native-bucket,Cotangent native + bucketed norms,1031,1800,2.515961071761225,65536,25.609152718076075,27.453164291000576
small,native-bucket,Cotangent native + bucketed norms,1031,1900,2.4889953422399143,65536,27.031171211092442,28.94290654100041
small,native-bucket,Cotangent native + bucketed norms,1031,2000,2.478489137077019,65536,28.476501003067824,30.458152166000218
small,native-fused,Native fused AdamW,1075,100,3.6833192946217346,65536,1.7493428739981027,2.5366162080026697
small,native-fused,Native fused AdamW,1075,200,3.6163158857414897,65536,3.4791326569975354,4.334689250004885
small,native-fused,Native fused AdamW,1075,300,3.5798021523965655,65536,5.245247405000555,6.168071042004158
small,native-fused,Native fused AdamW,1075,400,3.560282422493276,65536,6.967801655991934,7.957984042004682
small,native-fused,Native fused AdamW,1075,500,3.5220055767562846,65536,8.717302987024595,9.77449570799945
small,native-fused,Native fused AdamW,1075,600,3.4796600729543377,65536,10.427727736030647,11.551758042005531
small,native-fused,Native fused AdamW,1075,700,3.363475301354808,65536,12.147806822053099,13.340108292002697
small,native-fused,Native fused AdamW,1075,800,3.129345397486095,65536,13.848125485987111,15.107294708002883
small,native-fused,Native fused AdamW,1075,900,3.0242066738416034,65536,15.553615904980688,16.882224542001495
small,native-fused,Native fused AdamW,1075,1000,2.9386050342247647,65536,17.306135193015507,18.70450887500192
small,native-fused,Native fused AdamW,1075,1100,2.8569592857984945,65536,19.03221123100957,20.50203266700555
small,native-fused,Native fused AdamW,1075,1200,2.7862994666418697,65536,20.761421151044487,22.29913537500397
small,native-fused,Native fused AdamW,1075,1300,2.729466773142807,65536,22.46898448003776,24.074892500000715
small,native-fused,Native fused AdamW,1075,1400,2.6710031090465765,65536,24.222066142036056,25.89589679200435
small,native-fused,Native fused AdamW,1075,1500,2.6288367681711664,65536,25.95224189099099,27.695027083005698
small,native-fused,Native fused AdamW,1075,1600,2.5852133096607783,65536,27.708950218009704,29.520153249999566
small,native-fused,Native fused AdamW,1075,1700,2.5595755603014787,65536,29.43945759497001,31.317728000001807
small,native-fused,Native fused AdamW,1075,1800,2.532377944422226,65536,31.175064430943166,33.12337375000061
small,native-fused,Native fused AdamW,1075,1900,2.5089606039491796,65536,32.91776096994727,34.93221954200271
small,native-fused,Native fused AdamW,1075,2000,2.4937819150086074,65536,34.66296968198003,36.74694854200061
small,native-bucket,Cotangent native + bucketed norms,1075,100,3.6831741627622376,65536,1.4227622899634298,2.122838875002344
small,native-bucket,Cotangent native + bucketed norms,1075,200,3.6164696812270236,65536,2.7969884580161306,3.563766208004381
small,native-bucket,Cotangent native + bucketed norms,1075,300,3.5763019722351213,65536,4.20180566500494,5.037573916000838
small,native-bucket,Cotangent native + bucketed norms,1075,400,3.5567783189776088,65536,5.643183423002483,6.546636333005154
small,native-bucket,Cotangent native + bucketed norms,1075,500,3.514205701336282,65536,7.068084009035374,8.03842387500481
small,native-bucket,Cotangent native + bucketed norms,1075,600,3.485326783062195,65536,8.51346071808075,9.552020375005668
small,native-bucket,Cotangent native + bucketed norms,1075,700,3.372199142817655,65536,9.93880705704214,11.04453379100596
small,native-bucket,Cotangent native + bucketed norms,1075,800,3.196000874714729,65536,11.359850725020806,12.533278250004514
small,native-bucket,Cotangent native + bucketed norms,1075,900,3.045001784088029,65536,12.80933964500582,14.050913750004838
small,native-bucket,Cotangent native + bucketed norms,1075,1000,2.9712218664283667,65536,14.22398326703842,15.532837582999491
small,native-bucket,Cotangent native + bucketed norms,1075,1100,2.8943332548652028,65536,15.645323725024355,17.0235933330041
small,native-bucket,Cotangent native + bucketed norms,1075,1200,2.814367642576416,65536,17.0743748439927,18.520323458003986
small,native-bucket,Cotangent native + bucketed norms,1075,1300,2.765456647333203,65536,18.50012130693358,20.01355037500616
small,native-bucket,Cotangent native + bucketed norms,1075,1400,2.710964949430938,65536,19.941372721987136,21.523826625001675
small,native-bucket,Cotangent native + bucketed norms,1075,1500,2.663845309355739,65536,21.369136929963133,23.019294208002975
small,native-bucket,Cotangent native + bucketed norms,1075,1600,2.619382231543839,65536,22.786504304938717,24.503572291003366
small,native-bucket,Cotangent native + bucketed norms,1075,1700,2.5895127899410233,65536,24.233162263910344,26.017696208000416
small,native-bucket,Cotangent native + bucketed norms,1075,1800,2.561410002497991,65536,25.644612938944192,27.496728333004285
small,native-bucket,Cotangent native + bucketed norms,1075,1900,2.541467222145868,65536,27.072522640955867,28.99500004100264
small,native-bucket,Cotangent native + bucketed norms,1075,2000,2.5152949077120237,65536,28.518374641957053,30.509139125002548
small,native-fused,Native fused AdamW,1097,100,3.674986326728636,65536,1.7193390010143048,2.479936332994839
small,native-fused,Native fused AdamW,1097,200,3.6493532262753665,65536,3.4651124229785637,4.2919750419969205
small,native-fused,Native fused AdamW,1097,300,3.585111998503882,65536,5.168891128967516,6.061950541996339
small,native-fused,Native fused AdamW,1097,400,3.5795745441070643,65536,6.871893959942099,7.832167874999868
small,native-fused,Native fused AdamW,1097,500,3.526653504636093,65536,8.56398437891039,9.590675374995044
small,native-fused,Native fused AdamW,1097,600,3.491126457257,65536,10.269592252872826,11.366437166994729
small,native-fused,Native fused AdamW,1097,700,3.4035207414308624,65536,11.9770455078542,13.141447957998025
small,native-fused,Native fused AdamW,1097,800,3.2051407959545917,65536,13.696840754855657,14.931386832999124
small,native-fused,Native fused AdamW,1097,900,3.076196104790682,65536,15.428736631845823,16.729538374995172
small,native-fused,Native fused AdamW,1097,1000,2.974600976178061,65536,17.1131673838172,18.48097733299801
small,native-fused,Native fused AdamW,1097,1100,2.886176805665383,65536,18.84519850985089,20.28011208299722
small,native-fused,Native fused AdamW,1097,1200,2.823756675311596,65536,20.53902267785452,22.04028487499454
small,native-fused,Native fused AdamW,1097,1300,2.7630955620130018,65536,22.29440930284909,23.864016583000193
small,native-fused,Native fused AdamW,1097,1400,2.700395406282405,65536,24.006630600895733,25.6438290829974
small,native-fused,Native fused AdamW,1097,1500,2.662153365534382,65536,25.74323651985469,27.44858220799506
small,native-fused,Native fused AdamW,1097,1600,2.6082395185901004,65536,27.462870770868903,29.236187124995922
small,native-fused,Native fused AdamW,1097,1700,2.5755449126071035,65536,29.18580194585229,31.028259375001653
small,native-fused,Native fused AdamW,1097,1800,2.550170517056395,65536,30.931966282834765,32.84217208300106
small,native-fused,Native fused AdamW,1097,1900,2.529696143704913,65536,32.67058857777738,34.64824516700173
small,native-fused,Native fused AdamW,1097,2000,2.507711596070662,65536,34.4176241977475,36.462769332996686
small,native-bucket,Cotangent native + bucketed norms,1097,100,3.6751188393611254,65536,1.4220503360047587,2.105892583000241
small,native-bucket,Cotangent native + bucketed norms,1097,200,3.6491588966288075,65536,2.854857088001154,3.6070242920031887
small,native-bucket,Cotangent native + bucketed norms,1097,300,3.5853832688888714,65536,4.290883916975872,5.111056333000306
small,native-bucket,Cotangent native + bucketed norms,1097,400,3.56875092346417,65536,5.705402580970258,6.592396625004767
small,native-bucket,Cotangent native + bucketed norms,1097,500,3.531808609353296,65536,7.139036661013961,8.094464625006367
small,native-bucket,Cotangent native + bucketed norms,1097,600,3.4923046781513145,65536,8.551412539985904,9.57368670800497
small,native-bucket,Cotangent native + bucketed norms,1097,700,3.3492295699250456,65536,9.96757979098038,11.0572556670013
small,native-bucket,Cotangent native + bucketed norms,1097,800,3.149059521529438,65536,11.412934082938591,12.569988167000702
small,native-bucket,Cotangent native + bucketed norms,1097,900,3.037251396675812,65536,12.832715247910528,14.057617750004283
small,native-bucket,Cotangent native + bucketed norms,1097,1000,2.9357919892470115,65536,14.265262161919964,15.559356708006817
small,native-bucket,Cotangent native + bucketed norms,1097,1100,2.856166940228138,65536,15.680185158009408,17.041296375005913
small,native-bucket,Cotangent native + bucketed norms,1097,1200,2.790348276834024,65536,17.06500787299592,18.492793833000178
small,native-bucket,Cotangent native + bucketed norms,1097,1300,2.724125330597852,65536,18.49774666299345,19.99488616700546
small,native-bucket,Cotangent native + bucketed norms,1097,1400,2.6689005942674893,65536,19.928528043979895,21.49412462500186
small,native-bucket,Cotangent native + bucketed norms,1097,1500,2.6291179436819534,65536,21.35699437394942,22.99026558300102
small,native-bucket,Cotangent native + bucketed norms,1097,1600,2.5840443704551532,65536,22.825735048012575,24.527541499999643
small,native-bucket,Cotangent native + bucketed norms,1097,1700,2.542220194438092,65536,24.243879168971034,26.012869833000877
small,native-bucket,Cotangent native + bucketed norms,1097,1800,2.5162510130127482,65536,25.67502821101516,27.51389950000157
small,native-bucket,Cotangent native + bucketed norms,1097,1900,2.496776331815069,65536,27.114904839014343,29.021833292004885
small,native-bucket,Cotangent native + bucketed norms,1097,2000,2.4753747946183275,65536,28.54030809197866,30.515148333004618
small,native-bucket,Cotangent native + bucketed norms,1022,100,3.706814973192249,65536,1.4187907070227084,2.1085047910019057
small,native-bucket,Cotangent native + bucketed norms,1022,200,3.6185711694846634,65536,2.822661043035623,3.58048333300394
small,native-bucket,Cotangent native + bucketed norms,1022,300,3.590450726947628,65536,4.432846208022966,5.264559333001671
small,native-bucket,Cotangent native + bucketed norms,1022,400,3.568610929586368,65536,5.886902831021871,6.786941666003258
small,native-bucket,Cotangent native + bucketed norms,1022,500,3.5386208529028873,65536,7.320181406015763,8.287289958003385
small,native-bucket,Cotangent native + bucketed norms,1022,600,3.4944221500465686,65536,8.744882532984775,9.781088540999917
small,native-bucket,Cotangent native + bucketed norms,1022,700,3.4122506237843213,65536,10.162904949000222,11.265781250003783
small,native-bucket,Cotangent native + bucketed norms,1022,800,3.276970510970337,65536,11.558261069993023,12.728590165999776
small,native-bucket,Cotangent native + bucketed norms,1022,900,3.112777524057636,65536,12.981724320932699,14.221037166003953
small,native-bucket,Cotangent native + bucketed norms,1022,1000,2.999428230422881,65536,14.389391444921785,15.695621375001792
small,native-bucket,Cotangent native + bucketed norms,1022,1100,2.924259724840153,65536,15.786373604896653,17.159041625003738
small,native-bucket,Cotangent native + bucketed norms,1022,1200,2.8635008394045434,65536,17.229609646863537,18.671050541001023
small,native-bucket,Cotangent native + bucketed norms,1022,1300,2.8160270010598922,65536,18.64942293783679,20.15703154100629
small,native-bucket,Cotangent native + bucketed norms,1022,1400,2.7719661799194446,65536,20.074955141833925,21.651589500004775
small,native-bucket,Cotangent native + bucketed norms,1022,1500,2.712552177315751,65536,21.512455890835554,23.156478500000958
small,native-bucket,Cotangent native + bucketed norms,1022,1600,2.6855659818589874,65536,22.938593521816074,24.649350458006666
small,native-bucket,Cotangent native + bucketed norms,1022,1700,2.654922559208253,65536,24.376702311819827,26.156143708001764
small,native-bucket,Cotangent native + bucketed norms,1022,1800,2.6296187302889766,65536,25.80766655779007,27.654074333004246
small,native-bucket,Cotangent native + bucketed norms,1022,1900,2.6032032270123544,65536,27.23531214477407,29.149128416000167
small,native-bucket,Cotangent native + bucketed norms,1022,2000,2.5871683600656663,65536,28.682807236786175,30.668176750004932
small,native-fused,Native fused AdamW,1022,100,3.70684735967519,65536,1.7414073750042007,2.5283652500002063
small,native-fused,Native fused AdamW,1022,200,3.618232589389693,65536,3.508434041039436,4.364779374998761
small,native-fused,Native fused AdamW,1022,300,3.5862663675543045,65536,5.23299024906737,6.155653416004498
small,native-fused,Native fused AdamW,1022,400,3.5671353291908807,65536,6.956358084025851,7.949092250004469
small,native-fused,Native fused AdamW,1022,500,3.5457301642350973,65536,8.680692671048746,9.741030875004071
small,native-fused,Native fused AdamW,1022,600,3.504887380342896,65536,10.37407012609765,11.502449708001222
small,native-fused,Native fused AdamW,1022,700,3.4161343575039367,65536,12.104964172096516,13.301718374998018
small,native-fused,Native fused AdamW,1022,800,3.2642778258735285,65536,13.834892250080884,15.098977000001469
small,native-fused,Native fused AdamW,1022,900,3.1062251032978354,65536,15.567919040040579,16.8990140829992
small,native-fused,Native fused AdamW,1022,1000,3.0026881991911907,65536,17.26637220405246,18.664434500002244
small,native-fused,Native fused AdamW,1022,1100,2.923055050864353,65536,18.99636408105289,20.462342250000802
small,native-fused,Native fused AdamW,1022,1200,2.8625366401703123,65536,20.724617835068784,22.257576666001114
small,native-fused,Native fused AdamW,1022,1300,2.807432313193385,65536,22.466354837022664,24.070964291000564
small,native-fused,Native fused AdamW,1022,1400,2.753713123737591,65536,24.211920541987638,25.88318691599852
small,native-fused,Native fused AdamW,1022,1500,2.70554821610611,65536,25.95061904191971,27.69212037500256
small,native-fused,Native fused AdamW,1022,1600,2.669078945650892,65536,27.698588624909462,29.509266207998735
small,native-fused,Native fused AdamW,1022,1700,2.640845849103084,65536,29.45395016190014,31.333078208001098
small,native-fused,Native fused AdamW,1022,1800,2.610407187921575,65536,31.21648357788945,33.16407216600055
small,native-fused,Native fused AdamW,1022,1900,2.5853793266634395,65536,32.95779123788816,34.97344429099758
small,native-fused,Native fused AdamW,1022,2000,2.5692845990053357,65536,34.70196423190646,36.785116541002935
small,native-fused,Native fused AdamW,1045,100,3.6747997040546183,65536,1.691968874030863,2.3443690830026753
small,native-fused,Native fused AdamW,1045,200,3.6052180495107105,65536,3.5358963779872283,4.264958416999434
small,native-fused,Native fused AdamW,1045,300,3.592045414579922,65536,5.471648038976127,6.281153042000369
small,native-fused,Native fused AdamW,1045,400,3.5489804751026695,65536,7.381565996009158,8.266660916997353
small,native-fused,Native fused AdamW,1045,500,3.527671265717152,65536,9.314785292990564,10.277967000001809
small,native-fused,Native fused AdamW,1045,600,3.4509865449610437,65536,11.181898053946497,12.219330708001507
small,native-fused,Native fused AdamW,1045,700,3.225352938759171,65536,13.047684008910437,14.15741091700329
small,native-fused,Native fused AdamW,1045,800,3.1156611249179056,65536,14.898893465950096,16.088519167002232
small,native-fused,Native fused AdamW,1045,900,3.004162558086917,65536,16.706967341917334,17.96828241700132
small,native-fused,Native fused AdamW,1045,1000,2.901479219999878,65536,18.513283715903526,19.84758920800232
small,native-fused,Native fused AdamW,1045,1100,2.834195280543786,65536,20.314067795894516,21.720672374998685
small,native-fused,Native fused AdamW,1045,1200,2.744646880940249,65536,22.12442387889314,23.60227095799928
small,native-fused,Native fused AdamW,1045,1300,2.6822849882116104,65536,23.961205377847364,25.511540625004272
small,native-fused,Native fused AdamW,1045,1400,2.6300132853623452,65536,25.770575836810167,27.39310008299799
small,native-fused,Native fused AdamW,1045,1500,2.5866338809824474,65536,27.592035418812884,29.288740957999835
small,native-fused,Native fused AdamW,1045,1600,2.5472518532331807,65536,29.39176071282418,31.16123837500345
small,native-fused,Native fused AdamW,1045,1700,2.5170101175613673,65536,31.196353626830387,33.038659625002765
small,native-fused,Native fused AdamW,1045,1800,2.4936414374295994,65536,32.99568645788531,34.908508500004245
small,native-fused,Native fused AdamW,1045,1900,2.4714161947010083,65536,34.80612341287633,36.79155958299816
small,native-fused,Native fused AdamW,1045,2000,2.457450612260586,65536,36.60963200090919,38.66747654200299
small,native-bucket,Cotangent native + bucketed norms,1045,100,3.674815547956329,65536,1.497761665013968,2.368815709000046
small,native-bucket,Cotangent native + bucketed norms,1045,200,3.605459437910112,65536,2.9919911659962963,3.935025874998246
small,native-bucket,Cotangent native + bucketed norms,1045,300,3.5919770084805416,65536,4.495198788004927,5.511902791993634
small,native-bucket,Cotangent native + bucketed norms,1045,400,3.5571668385348234,65536,5.992235417019401,7.082209291998879
small,native-bucket,Cotangent native + bucketed norms,1045,500,3.5201352224324887,65536,7.480291710024176,8.642652874994383
small,native-bucket,Cotangent native + bucketed norms,1045,600,3.444698547526945,65536,8.979185248019348,10.21325058399816
small,native-bucket,Cotangent native + bucketed norms,1045,700,3.2206221152416465,65536,10.473270364003838,11.779862958996091
small,native-bucket,Cotangent native + bucketed norms,1045,800,3.110840053504341,65536,11.967236078024143,13.346173166995868
small,native-bucket,Cotangent native + bucketed norms,1045,900,2.9958788309765434,65536,13.462959329015575,14.913705333994585
small,native-bucket,Cotangent native + bucketed norms,1045,1000,2.8987832790839887,65536,14.953623825975228,16.47684058399318
small,native-bucket,Cotangent native + bucketed norms,1045,1100,2.834628795062033,65536,16.455549207967124,18.049706249999872
small,native-bucket,Cotangent native + bucketed norms,1045,1200,2.7588198690831542,65536,17.94990932995279,19.61548537499766
small,native-bucket,Cotangent native + bucketed norms,1045,1300,2.6885534548659207,65536,19.44674874797056,21.18496741699346
small,native-bucket,Cotangent native + bucketed norms,1045,1400,2.639507931568528,65536,20.943649167988042,22.753822666993074
small,native-bucket,Cotangent native + bucketed norms,1045,1500,2.5973663615693,65536,22.43558295899129,24.31728116699378
small,native-bucket,Cotangent native + bucketed norms,1045,1600,2.551995059501567,65536,23.94032591499854,25.89314999999624
small,native-bucket,Cotangent native + bucketed norms,1045,1700,2.5266900965716865,65536,25.4377091670176,27.461195541996858
small,native-bucket,Cotangent native + bucketed norms,1045,1800,2.5075853446815555,65536,26.93138858500606,29.027532958993106
small,native-bucket,Cotangent native + bucketed norms,1045,1900,2.4830297854038936,65536,28.42946408298303,30.597228124999674
small,native-bucket,Cotangent native + bucketed norms,1045,2000,2.4693988973254237,65536,29.916133170940157,32.154767583997454
small,native-fused,Native fused AdamW,1063,100,3.690291492785544,65536,1.82050312897627,2.612031750002643
small,native-fused,Native fused AdamW,1063,200,3.620569844363834,65536,3.612390835020051,4.475674542001798
small,native-fused,Native fused AdamW,1063,300,3.579175447616821,65536,5.428700915050285,6.362802084004215
small,native-fused,Native fused AdamW,1063,400,3.5487586819765506,65536,7.221038915049576,8.22567345900461
small,native-fused,Native fused AdamW,1063,500,3.515768615173829,65536,9.021720290053054,10.099250667000888
small,native-fused,Native fused AdamW,1063,600,3.4458608170303915,65536,10.824900037048792,11.973552250005014
small,native-fused,Native fused AdamW,1063,700,3.2131434389199613,65536,12.623425412137294,13.844896834001702
small,native-fused,Native fused AdamW,1063,800,3.104192999290903,65536,14.418335123154975,15.711811500004842
small,native-fused,Native fused AdamW,1063,900,2.9870204184638536,65536,16.215697880194057,17.581777667001006
small,native-fused,Native fused AdamW,1063,1000,2.882196272585621,65536,18.017450179177104,19.45568708400242
small,native-fused,Native fused AdamW,1063,1100,2.8198563452661722,65536,19.85316538315965,21.363132417005545
small,native-fused,Native fused AdamW,1063,1200,2.751820250435448,65536,21.65776004210784,23.239776292000897
small,native-fused,Native fused AdamW,1063,1300,2.6833099295683427,65536,23.463753126088704,25.11910750000243
small,native-fused,Native fused AdamW,1063,1400,2.6272217758371545,65536,25.280162291084707,27.007564667001134
small,native-fused,Native fused AdamW,1063,1500,2.5859350939741605,65536,27.087120462027087,28.88866570900427
small,native-fused,Native fused AdamW,1063,1600,2.539810389657576,65536,28.886920795026526,30.760749250002846
small,native-fused,Native fused AdamW,1063,1700,2.5135740385585748,65536,30.683613338973373,32.63243187500484
small,native-fused,Native fused AdamW,1063,1800,2.4937705587791923,65536,32.49194482895837,34.51218745900405
small,native-fused,Native fused AdamW,1063,1900,2.4768597411959976,65536,34.28687670195359,36.38185054200585
small,native-fused,Native fused AdamW,1063,2000,2.4609303157376616,65536,36.11348290798924,38.28053729200474
small,native-bucket,Cotangent native + bucketed norms,1063,100,3.69007476239871,65536,1.4921017099841265,2.2440786250008387
small,native-bucket,Cotangent native + bucketed norms,1063,200,3.620368850389554,65536,2.985462918964913,3.8114354580029612
small,native-bucket,Cotangent native + bucketed norms,1063,300,3.5792844846174683,65536,4.491570248959761,5.3888449579972075
small,native-bucket,Cotangent native + bucketed norms,1063,400,3.548443835487399,65536,5.99528154591826,6.964681874997041
small,native-bucket,Cotangent native + bucketed norms,1063,500,3.5130556426010466,65536,7.489723875842174,8.53023395800119
small,native-bucket,Cotangent native + bucketed norms,1063,600,3.4432692104645395,65536,8.981203122850275,10.091897124999377
small,native-bucket,Cotangent native + bucketed norms,1063,700,3.20419582653051,65536,10.469919864866824,11.652178041003936
small,native-bucket,Cotangent native + bucketed norms,1063,800,3.1035286518084515,65536,11.964929070876678,13.21873270800279
small,native-bucket,Cotangent native + bucketed norms,1063,900,2.983511284455649,65536,13.458120315888664,14.782584082997346
small,native-bucket,Cotangent native + bucketed norms,1063,1000,2.8812527166439517,65536,14.986993653910758,16.383766457998718
small,native-bucket,Cotangent native + bucketed norms,1063,1100,2.816358551364009,65536,16.458105071884347,17.924405249999836
small,native-bucket,Cotangent native + bucketed norms,1063,1200,2.754404004918396,65536,17.920212824894406,19.455191957997158
small,native-bucket,Cotangent native + bucketed norms,1063,1300,2.6832344775547345,65536,19.436677241916186,21.044041790999472
small,native-bucket,Cotangent native + bucketed norms,1063,1400,2.625919963910364,65536,20.890126741927816,22.56517724999867
small,native-bucket,Cotangent native + bucketed norms,1063,1500,2.5873196725516787,65536,22.314046613901155,24.06155433299864
small,native-bucket,Cotangent native + bucketed norms,1063,1600,2.538626369723253,65536,23.766082484879007,25.582339000000502
small,native-bucket,Cotangent native + bucketed norms,1063,1700,2.5138414984529556,65536,25.194372653866594,27.076750915999583
small,native-bucket,Cotangent native + bucketed norms,1063,1800,2.4923441669196835,65536,26.623879020800814,28.5750027910035
small,native-bucket,Cotangent native + bucketed norms,1063,1900,2.472707015861517,65536,28.058745484784595,30.07734729100048
small,native-bucket,Cotangent native + bucketed norms,1063,2000,2.459325937957883,65536,29.48356360978505,31.56905166600336
small,native-bucket,Cotangent native + bucketed norms,1004,100,3.674656421008618,65536,1.4716416650117026,2.2609179169958225
small,native-bucket,Cotangent native + bucketed norms,1004,200,3.6181785008459966,65536,2.904213705987786,3.761200249995454
small,native-bucket,Cotangent native + bucketed norms,1004,300,3.592655157570725,65536,4.320047211003839,5.247016874993278
small,native-bucket,Cotangent native + bucketed norms,1004,400,3.5603693812211183,65536,5.763839293998899,6.758831957995426
small,native-bucket,Cotangent native + bucketed norms,1004,500,3.537532697173047,65536,7.253491165982268,8.322818124994228
small,native-bucket,Cotangent native + bucketed norms,1004,600,3.480664473133208,65536,8.70432929299568,9.842741916996602
small,native-bucket,Cotangent native + bucketed norms,1004,700,3.393614895455382,65536,10.132540873994003,11.338642541995796
small,native-bucket,Cotangent native + bucketed norms,1004,800,3.183671803937507,65536,11.550742412997351,12.824088124994887
small,native-bucket,Cotangent native + bucketed norms,1004,900,3.0790947971285645,65536,12.99112299301487,14.332810832995165
small,native-bucket,Cotangent native + bucketed norms,1004,1000,2.977943292389387,65536,14.417844700052228,15.82704791699507
small,native-bucket,Cotangent native + bucketed norms,1004,1100,2.8957542346456675,65536,15.858628949106787,17.339045916996838
small,native-bucket,Cotangent native + bucketed norms,1004,1200,2.8332658218050297,65536,17.322608863119967,18.872104791997117
small,native-bucket,Cotangent native + bucketed norms,1004,1300,2.7673653699115146,65536,18.77286170212028,20.39151504199981
small,native-bucket,Cotangent native + bucketed norms,1004,1400,2.7061708631701853,65536,20.23318249512522,21.922417874993698
small,native-bucket,Cotangent native + bucketed norms,1004,1500,2.669028823457081,65536,21.681916544112028,23.438747749998583
small,native-bucket,Cotangent native + bucketed norms,1004,1600,2.6261408487531086,65536,23.105612165105413,24.930302875000052
small,native-bucket,Cotangent native + bucketed norms,1004,1700,2.5881594745847574,65536,24.627535249077482,26.52719233300013
small,native-bucket,Cotangent native + bucketed norms,1004,1800,2.5671108887832492,65536,26.143754337143037,28.11495874999673
small,native-bucket,Cotangent native + bucketed norms,1004,1900,2.5382901812620213,65536,27.652223542158026,29.695262291999825
small,native-bucket,Cotangent native + bucketed norms,1004,2000,2.5204404620176457,65536,29.15033916720131,31.264758833000087
small,native-fused,Native fused AdamW,1004,100,3.6746973743773546,65536,1.876188420013932,2.7024680840040674
small,native-fused,Native fused AdamW,1004,200,3.6182875593444748,65536,3.752292055047292,4.653316625001025
small,native-fused,Native fused AdamW,1004,300,3.5935165649243186,65536,5.624775892079924,6.605704042005527
small,native-fused,Native fused AdamW,1004,400,3.5598470699104476,65536,7.54624168506416,8.604477834000136
small,native-fused,Native fused AdamW,1004,500,3.540647969412945,65536,9.410050927072007,10.545037791998766
small,native-fused,Native fused AdamW,1004,600,3.4748246087426793,65536,11.296902845038858,12.505491209005413
small,native-fused,Native fused AdamW,1004,700,3.395467535566139,65536,13.153560185077367,14.435205459005374
small,native-fused,Native fused AdamW,1004,800,3.186259562391546,65536,14.998487854085397,16.353537667004275
small,native-fused,Native fused AdamW,1004,900,3.07755757319949,65536,16.83458872902702,18.26400950000243
small,native-fused,Native fused AdamW,1004,1000,2.9859944559601317,65536,18.671052942030656,20.174316834003548
small,native-fused,Native fused AdamW,1004,1100,2.8976681328268787,65536,20.508232365027652,22.085222292000253
small,native-fused,Native fused AdamW,1004,1200,2.834970374104478,65536,22.361363068048377,24.011764959002903
small,native-fused,Native fused AdamW,1004,1300,2.770456516210171,65536,24.19095597803971,25.91703687500558
small,native-fused,Native fused AdamW,1004,1400,2.7112714708848964,65536,26.032037312055763,27.830703667001217
small,native-fused,Native fused AdamW,1004,1500,2.6763895358036476,65536,27.85973076807568,29.73224591700273
small,native-fused,Native fused AdamW,1004,1600,2.636202226164005,65536,29.70504885604896,31.650824459000432
small,native-fused,Native fused AdamW,1004,1700,2.5956626853064795,65536,31.53968789606006,33.55897441699926
small,native-fused,Native fused AdamW,1004,1800,2.5724091744317534,65536,33.37603790908179,35.46918045900384
small,native-fused,Native fused AdamW,1004,1900,2.547572488013425,65536,35.21491453004273,37.38064016700082
small,native-fused,Native fused AdamW,1004,2000,2.5252135072759567,65536,37.08331257500686,39.32212366699969
small,native-bucket,Cotangent native + bucketed norms,1060,100,3.695802644585696,65536,1.516308502992615,2.2531385000038426
small,native-bucket,Cotangent native + bucketed norms,1060,200,3.6316382285656528,65536,3.043776545993751,3.854512625002826
small,native-bucket,Cotangent native + bucketed norms,1060,300,3.5835136992359202,65536,4.565860422982951,5.450300666998373
small,native-bucket,Cotangent native + bucketed norms,1060,400,3.558095770576712,65536,6.277067504001025,7.245176208001794
small,native-bucket,Cotangent native + bucketed norms,1060,500,3.5416480915233746,65536,7.964222791022621,9.007475667000108
small,native-bucket,Cotangent native + bucketed norms,1060,600,3.4929448083267416,65536,9.525260745060223,10.642410542001016
small,native-bucket,Cotangent native + bucketed norms,1060,700,3.400851764169954,65536,11.05921083004796,12.248790249999729
small,native-bucket,Cotangent native + bucketed norms,1060,800,3.1923640758350054,65536,12.587112288063508,13.849354582998785
small,native-bucket,Cotangent native + bucketed norms,1060,900,3.0695917237724895,65536,14.112734416085004,15.449088583001867
small,native-bucket,Cotangent native + bucketed norms,1060,1000,2.984613612630812,65536,15.645581205077178,17.05482883300283
small,native-bucket,Cotangent native + bucketed norms,1060,1100,2.9179402438320303,65536,17.22726244902151,18.715153457997076
small,native-bucket,Cotangent native + bucketed norms,1060,1200,2.846844432532095,65536,18.78752128502674,20.350051583001914
small,native-bucket,Cotangent native + bucketed norms,1060,1300,2.7702698612894063,65536,20.38042024506285,22.020952917002433
small,native-bucket,Cotangent native + bucketed norms,1060,1400,2.724256843581184,65536,21.963521036064776,23.682143375001033
small,native-bucket,Cotangent native + bucketed norms,1060,1500,2.6757282248898755,65536,23.620127079055237,25.41327041700424
small,native-bucket,Cotangent native + bucketed norms,1060,1600,2.641012736767915,65536,25.11088865513011,26.973945958001423
small,native-bucket,Cotangent native + bucketed norms,1060,1700,2.6022724031613067,65536,26.57887385910726,28.512292917002924
small,native-bucket,Cotangent native + bucketed norms,1060,1800,2.5757152721716987,65536,28.04345390306844,30.046358125000552
small,native-bucket,Cotangent native + bucketed norms,1060,1900,2.5545183459593637,65536,29.51478257412964,31.587915582997084
small,native-bucket,Cotangent native + bucketed norms,1060,2000,2.5383798272187836,65536,30.992989995029347,33.13658666700212
small,native-fused,Native fused AdamW,1060,100,3.695667176001394,65536,1.7842056260124082,2.5972794580011396
small,native-fused,Native fused AdamW,1060,200,3.6320297363214262,65536,3.5468356639903504,4.430189207996591
small,native-fused,Native fused AdamW,1060,300,3.5835887804119375,65536,5.321307466045255,6.2738690830010455
small,native-fused,Native fused AdamW,1060,400,3.566889651974123,65536,7.093240385060199,8.116366166999796
small,native-fused,Native fused AdamW,1060,500,3.549048644725905,65536,8.853045553041738,9.945282957996824
small,native-fused,Native fused AdamW,1060,600,3.495734839876026,65536,10.621846052024921,11.782821417000378
small,native-fused,Native fused AdamW,1060,700,3.4121532278593545,65536,12.382837463992473,13.613987291995727
small,native-fused,Native fused AdamW,1060,800,3.2070436549994006,65536,14.13579225801368,15.436215000001539
small,native-fused,Native fused AdamW,1060,900,3.075940592316078,65536,15.878939383008401,17.248768416997336
small,native-fused,Native fused AdamW,1060,1000,2.992057365725456,65536,17.614931214055105,19.0534999579977
small,native-fused,Native fused AdamW,1060,1100,2.9226501069639808,65536,19.32515987503575,20.829898208001396
small,native-fused,Native fused AdamW,1060,1200,2.8450584948175837,65536,20.990734082071867,22.561867666998296
small,native-fused,Native fused AdamW,1060,1300,2.7713803425171117,65536,22.661464584052737,24.29742095799884
small,native-fused,Native fused AdamW,1060,1400,2.722619160286174,65536,24.328800036098983,26.02970516699861
small,native-fused,Native fused AdamW,1060,1500,2.675230953178279,65536,25.98826249409467,27.754567416995997
small,native-fused,Native fused AdamW,1060,1600,2.638145823599237,65536,27.64814895006566,29.484062249997805
small,native-fused,Native fused AdamW,1060,1700,2.6048007201116405,65536,29.31353412205499,31.21443266699498
small,native-fused,Native fused AdamW,1060,1800,2.5794509879479572,65536,30.967910696097533,32.933041042000696
small,native-fused,Native fused AdamW,1060,1900,2.5537874519399435,65536,32.63364540609473,34.66290533299616
small,native-fused,Native fused AdamW,1060,2000,2.5408370185940705,65536,34.2831858661084,36.377285499998834
small,native-fused,Native fused AdamW,1027,100,3.69451554792447,65536,1.63732000701566,2.383411167000304
small,native-fused,Native fused AdamW,1027,200,3.635852362455407,65536,3.27776875904965,4.088517999996839
small,native-fused,Native fused AdamW,1027,300,3.578973421746636,65536,4.918389040016336,5.793797041995276
small,native-fused,Native fused AdamW,1027,400,3.5652350283880034,65536,6.5636730450205505,7.503283917001681
small,native-fused,Native fused AdamW,1027,500,3.5240123133222143,65536,8.209135791017616,9.213621916998818
small,native-fused,Native fused AdamW,1027,600,3.482823478838646,65536,9.856098081982054,10.925083875001292
small,native-fused,Native fused AdamW,1027,700,3.4212054379472776,65536,11.500842791945615,12.634203208996041
small,native-fused,Native fused AdamW,1027,800,3.3220330504351927,65536,13.145913082953484,14.343654416996287
small,native-fused,Native fused AdamW,1027,900,3.1902755292718434,65536,14.794326250994345,16.05713491699862
small,native-fused,Native fused AdamW,1027,1000,3.069096016028124,65536,16.44417283101211,17.771346749999793
small,native-fused,Native fused AdamW,1027,1100,2.9709818431412565,65536,18.103526165032235,19.495331792000798
small,native-fused,Native fused AdamW,1027,1200,2.91320853890342,65536,19.7464304580717,21.202918499999214
small,native-fused,Native fused AdamW,1027,1300,2.8418010412955432,65536,21.395931120045134,22.917105249995075
small,native-fused,Native fused AdamW,1027,1400,2.7841965917741076,65536,23.044188293075422,24.629653999996663
small,native-fused,Native fused AdamW,1027,1500,2.758350286578347,65536,24.692076630082738,26.342166875001567
small,native-fused,Native fused AdamW,1027,1600,2.7087692146806255,65536,26.3419177550968,28.05670816700149
small,native-fused,Native fused AdamW,1027,1700,2.681219625557467,65536,27.99456066912535,29.773663542000577
small,native-fused,Native fused AdamW,1027,1800,2.648922310246879,65536,29.644330753137183,31.48828729199886
small,native-fused,Native fused AdamW,1027,1900,2.629143327246329,65536,31.291548548113497,33.200374624997494
small,native-fused,Native fused AdamW,1027,2000,2.612935375884921,65536,32.943343131177244,34.916842083999654
small,native-bucket,Cotangent native + bucketed norms,1027,100,3.694437306567243,65536,1.3560436590196332,2.037304542005586
small,native-bucket,Cotangent native + bucketed norms,1027,200,3.63548929633052,65536,2.701344334076566,3.4473144590010634
small,native-bucket,Cotangent native + bucketed norms,1027,300,3.576775601706682,65536,4.050872669060482,4.861181416999898
small,native-bucket,Cotangent native + bucketed norms,1027,400,3.574393641992232,65536,5.406825465048314,6.2819908340024995
small,native-bucket,Cotangent native + bucketed norms,1027,500,3.5176734090234603,65536,6.757249510075781,7.697129167005187
small,native-bucket,Cotangent native + bucketed norms,1027,600,3.48809584347699,65536,8.112450673062995,9.11754762500641
small,native-bucket,Cotangent native + bucketed norms,1027,700,3.4339177505641154,65536,9.468075792035961,10.537662125003408
small,native-bucket,Cotangent native + bucketed norms,1027,800,3.328358110130553,65536,10.821118503001344,11.955812542000785
small,native-bucket,Cotangent native + bucketed norms,1027,900,3.162051746659471,65536,12.183657706998929,13.383715459000086
small,native-bucket,Cotangent native + bucketed norms,1027,1000,3.0458006488757445,65536,13.551214662998973,14.816274209006224
small,native-bucket,Cotangent native + bucketed norms,1027,1100,2.9611532496227606,65536,14.908915366962901,16.250803084003564
small,native-bucket,Cotangent native + bucketed norms,1027,1200,2.90198580564691,65536,16.273034155958157,17.679251292000117
small,native-bucket,Cotangent native + bucketed norms,1027,1300,2.8428174211409374,65536,17.615159571978438,19.08547229200485
small,native-bucket,Cotangent native + bucketed norms,1027,1400,2.7851890499076584,65536,18.961580319977656,20.496103834004316
small,native-bucket,Cotangent native + bucketed norms,1027,1500,2.748426420045731,65536,20.300298067981203,21.898856625004555
small,native-bucket,Cotangent native + bucketed norms,1027,1600,2.705162759989864,65536,21.63331189996825,23.295988042002136
small,native-bucket,Cotangent native + bucketed norms,1027,1700,2.680188406833978,65536,22.975580190934124,24.70250458400551
small,native-bucket,Cotangent native + bucketed norms,1027,1800,2.644046236631785,65536,24.30808231994888,26.099221042000863
small,native-bucket,Cotangent native + bucketed norms,1027,1900,2.6250565250117077,65536,25.650800985938986,27.506326959002763
small,native-bucket,Cotangent native + bucketed norms,1027,2000,2.6109287629315214,65536,27.003796230914304,28.924159625006723
small,native-bucket,Cotangent native + bucketed norms,1018,100,3.680519653541833,65536,1.3583922500693006,2.1254332909957157
small,native-bucket,Cotangent native + bucketed norms,1018,200,3.625087086926818,65536,2.710450583093916,3.542227375000948
small,native-bucket,Cotangent native + bucketed norms,1018,300,3.592048467271975,65536,4.063416708093428,4.959365040995181
small,native-bucket,Cotangent native + bucketed norms,1018,400,3.553746114358078,65536,5.420347574152402,6.381013207996148
small,native-bucket,Cotangent native + bucketed norms,1018,500,3.521899613945522,65536,6.774221283165389,7.799329249995935
small,native-bucket,Cotangent native + bucketed norms,1018,600,3.495463300768145,65536,8.130391698156018,9.220420541001658
small,native-bucket,Cotangent native + bucketed norms,1018,700,3.403914796679652,65536,9.481522032154317,10.63596058300027
small,native-bucket,Cotangent native + bucketed norms,1018,800,3.2457752336141885,65536,10.836570700128505,12.05609933300002
small,native-bucket,Cotangent native + bucketed norms,1018,900,3.087526547556753,65536,12.192753538089164,13.477364500002295
small,native-bucket,Cotangent native + bucketed norms,1018,1000,2.993978336693184,65536,13.54025066109898,14.889028624995262
small,native-bucket,Cotangent native + bucketed norms,1018,1100,2.926115675616939,65536,14.887434542077244,16.301040040998487
small,native-bucket,Cotangent native + bucketed norms,1018,1200,2.8487195110043317,65536,16.24878649906168,17.72710516599909
small,native-bucket,Cotangent native + bucketed norms,1018,1300,2.7982239751052256,65536,17.602836081081477,19.14580441599537
small,native-bucket,Cotangent native + bucketed norms,1018,1400,2.7479327008507664,65536,18.95939507703588,20.56770416600193
small,native-bucket,Cotangent native + bucketed norms,1018,1500,2.70135650982892,65536,20.31840440999804,21.991336790997593
small,native-bucket,Cotangent native + bucketed norms,1018,1600,2.663649969311106,65536,21.672136326000327,23.409892333002063
small,native-bucket,Cotangent native + bucketed norms,1018,1700,2.6344503732611115,65536,23.038358862999303,24.840995040998678
small,native-bucket,Cotangent native + bucketed norms,1018,1800,2.5992432781061177,65536,24.39997432095697,26.267577624996193
small,native-bucket,Cotangent native + bucketed norms,1018,1900,2.5756230787219208,65536,25.76318185695709,27.695773291001387
small,native-bucket,Cotangent native + bucketed norms,1018,2000,2.561246103031719,65536,27.1176604359498,29.11563770799694
small,native-fused,Native fused AdamW,1018,100,3.6805123335302556,65536,1.6739542909999727,2.3231228749937145
small,native-fused,Native fused AdamW,1018,200,3.6254576127991864,65536,3.340759701015486,4.055175415996928
small,native-fused,Native fused AdamW,1018,300,3.5919983343292485,65536,5.002255528990645,5.780794040998444
small,native-fused,Native fused AdamW,1018,400,3.5551364651033155,65536,6.66159894302109,7.504745374993945
small,native-fused,Native fused AdamW,1018,500,3.5172823957178077,65536,8.320561232023465,9.228284624994558
small,native-fused,Native fused AdamW,1018,600,3.498515025418549,65536,9.982016648988065,10.954702874994837
small,native-fused,Native fused AdamW,1018,700,3.396592001133143,65536,11.641048604949901,12.678600749997713
small,native-fused,Native fused AdamW,1018,800,3.2399086581681975,65536,13.280552729949704,14.382115624997823
small,native-fused,Native fused AdamW,1018,900,3.0788563539320593,65536,14.913350354916474,16.078511790998164
small,native-fused,Native fused AdamW,1018,1000,2.9990238293427507,65536,16.569834355927014,17.799774707993492
small,native-fused,Native fused AdamW,1018,1100,2.9300699275978657,65536,18.205839861911954,19.499366249998275
small,native-fused,Native fused AdamW,1018,1200,2.8582732278766283,65536,19.84465373591229,21.202564582999912
small,native-fused,Native fused AdamW,1018,1300,2.79595389547962,65536,21.481364485931408,22.903361915996356
small,native-fused,Native fused AdamW,1018,1400,2.75224166167464,65536,23.141979323940177,24.628350124999997
small,native-fused,Native fused AdamW,1018,1500,2.704589305338393,65536,24.801562280015787,26.352041124999232
small,native-fused,Native fused AdamW,1018,1600,2.663372566669722,65536,26.458123990058084,28.07309258299938
small,native-fused,Native fused AdamW,1018,1700,2.6338436130944096,65536,28.1183283250939,29.79806924999866
small,native-fused,Native fused AdamW,1018,1800,2.605654834325946,65536,29.780101744087005,31.524919082999986
small,native-fused,Native fused AdamW,1018,1900,2.5846367593215924,65536,31.445713329107093,33.25514483299776
small,native-fused,Native fused AdamW,1018,2000,2.5631486342345995,65536,33.1071825370891,34.980911165999714
small,native-fused,Native fused AdamW,1013,100,3.6759579319657694,65536,1.6623602529725758,2.3119373340014135
small,native-fused,Native fused AdamW,1013,200,3.611818775897572,65536,3.321681044988509,4.035693583995453
small,native-fused,Native fused AdamW,1013,300,3.5781794638389277,65536,4.968530168975121,5.746335458999965
small,native-fused,Native fused AdamW,1013,400,3.557650443000134,65536,6.61847592000413,7.460542583998176
small,native-fused,Native fused AdamW,1013,500,3.5456224063554163,65536,8.270321418989624,9.17645995899511
small,native-fused,Native fused AdamW,1013,600,3.4914905337799613,65536,9.916399792957236,10.886620459001279
small,native-fused,Native fused AdamW,1013,700,3.4145762591806137,65536,11.567648668918991,12.60231075000047
small,native-fused,Native fused AdamW,1013,800,3.21697791035902,65536,13.222128079942195,14.321327459001623
small,native-fused,Native fused AdamW,1013,900,3.067372610130575,65536,14.882621240984008,16.046143250001478
small,native-fused,Native fused AdamW,1013,1000,2.970222545112155,65536,16.541144325965433,17.769334666998475
small,native-fused,Native fused AdamW,1013,1100,2.896122599985984,65536,18.20222319495224,19.494918917000177
small,native-fused,Native fused AdamW,1013,1200,2.8215737156475678,65536,19.862005572984344,21.219528249996074
small,native-fused,Native fused AdamW,1013,1300,2.7588044766359023,65536,21.54690057595144,22.969397458997264
small,native-fused,Native fused AdamW,1013,1400,2.7184871266143755,65536,23.21535153395962,24.702791541996703
small,native-fused,Native fused AdamW,1013,1500,2.6714487967118297,65536,24.87057507600548,26.422715833999973
small,native-fused,Native fused AdamW,1013,1600,2.6235588570923314,65536,26.53470986600587,28.151339584001107
small,native-fused,Native fused AdamW,1013,1700,2.600080194055337,65536,28.204576364900277,29.886274249998678
small,native-fused,Native fused AdamW,1013,1800,2.5615655984269012,65536,29.86472723087354,31.610815416999685
small,native-fused,Native fused AdamW,1013,1900,2.549514714961908,65536,31.522686146861815,33.33355762499559
small,native-fused,Native fused AdamW,1013,2000,2.5303804680471536,65536,33.175759521902364,35.05064987499645
small,native-bucket,Cotangent native + bucketed norms,1013,100,3.6758194214383306,65536,1.3382537909565144,2.0147519999954966
small,native-bucket,Cotangent native + bucketed norms,1013,200,3.6118199045337183,65536,2.6707774959431845,3.4111537499993574
small,native-bucket,Cotangent native + bucketed norms,1013,300,3.5784486596831906,65536,4.00373407695588,4.807729374995688
small,native-bucket,Cotangent native + bucketed norms,1013,400,3.559452294484308,65536,5.336580413953925,6.2045279999947525
small,native-bucket,Cotangent native + bucketed norms,1013,500,3.5380374447554983,65536,6.678784115923918,7.611011041997699
small,native-bucket,Cotangent native + bucketed norms,1013,600,3.4904532634169447,65536,8.026333614936448,9.023191166998004
small,native-bucket,Cotangent native + bucketed norms,1013,700,3.4124208866086754,65536,9.3773842419032,10.43911570799537
small,native-bucket,Cotangent native + bucketed norms,1013,800,3.239496276018176,65536,10.73007036485069,11.856261417000496
small,native-bucket,Cotangent native + bucketed norms,1013,900,3.0736951330818347,65536,12.082350869844959,13.273042000000714
small,native-bucket,Cotangent native + bucketed norms,1013,1000,2.968284773589221,65536,13.434653331823938,14.689983332995325
small,native-bucket,Cotangent native + bucketed norms,1013,1100,2.8969597309135167,65536,14.785276032831462,16.10524879199511
small,native-bucket,Cotangent native + bucketed norms,1013,1200,2.817040430327933,65536,16.138010739792662,17.523091916998965
small,native-bucket,Cotangent native + bucketed norms,1013,1300,2.7615764500068463,65536,17.493430776739842,18.94520137499785
small,native-bucket,Cotangent native + bucketed norms,1013,1400,2.7212636629000255,65536,18.84985206973215,20.366233166998427
small,native-bucket,Cotangent native + bucketed norms,1013,1500,2.676278042675768,65536,20.20778386369784,21.789281957993808
small,native-bucket,Cotangent native + bucketed norms,1013,1600,2.6281255124206915,65536,21.569760784688697,23.21604770799604
small,native-bucket,Cotangent native + bucketed norms,1013,1700,2.603505083436908,65536,22.92189249767398,24.632807416994183
small,native-bucket,Cotangent native + bucketed norms,1013,1800,2.5701537670760493,65536,24.27739341362758,26.052988874995208
small,native-bucket,Cotangent native + bucketed norms,1013,1900,2.5478449837748016,65536,25.629285291601263,27.470005666997167
small,native-bucket,Cotangent native + bucketed norms,1013,2000,2.525946873545983,65536,26.983115542629093,28.88866012499784
small,native-fused,Native fused AdamW,1059,100,3.686771857086721,65536,1.6678449149912922,2.322785665994161
small,native-fused,Native fused AdamW,1059,200,3.6134618658971682,65536,3.3292722889818833,4.049022708000848
small,native-fused,Native fused AdamW,1059,300,3.589584353594991,65536,4.9907750010243035,5.775117416000285
small,native-fused,Native fused AdamW,1059,400,3.5589913917289113,65536,6.65678505104006,7.50539574999857
small,native-fused,Native fused AdamW,1059,500,3.528655823397679,65536,8.326855723062181,9.241860040994652
small,native-fused,Native fused AdamW,1059,600,3.4776947949561814,65536,9.986103807052132,10.966280832995835
small,native-fused,Native fused AdamW,1059,700,3.37339455122814,65536,11.644381807069294,12.689462915994227
small,native-fused,Native fused AdamW,1059,800,3.1660013927300295,65536,13.306776563062158,14.416746625000087
small,native-fused,Native fused AdamW,1059,900,3.0604649592054174,65536,14.967262060039502,16.141314165994118
small,native-fused,Native fused AdamW,1059,1000,2.9780356094516955,65536,16.63000618508522,17.869133374995727
small,native-fused,Native fused AdamW,1059,1100,2.9009413818805094,65536,18.298618433109368,19.60263904099702
small,native-fused,Native fused AdamW,1059,1200,2.8153599717229785,65536,19.964008063121582,21.332952207994822
small,native-fused,Native fused AdamW,1059,1300,2.7665909374091373,65536,21.632277279131813,23.066177582993987
small,native-fused,Native fused AdamW,1059,1400,2.7051992256863047,65536,23.295954277098645,24.795102707998012
small,native-fused,Native fused AdamW,1059,1500,2.662585729918651,65536,24.939154069048527,26.502492874999007
small,native-fused,Native fused AdamW,1059,1600,2.6287066041767524,65536,26.578820736067428,28.206268124995404
small,native-fused,Native fused AdamW,1059,1700,2.585494404554698,65536,28.217558567055676,29.90855766599998
small,native-fused,Native fused AdamW,1059,1800,2.5584385561243352,65536,29.853086061069916,31.607763874999364
small,native-fused,Native fused AdamW,1059,1900,2.536746921816793,65536,31.490014267066726,33.30870833299559
small,native-fused,Native fused AdamW,1059,2000,2.5244657589567523,65536,33.132758646104776,35.015708415994595
small,native-bucket,Cotangent native + bucketed norms,1059,100,3.6867505527358455,65536,1.3540173749861424,2.0586088330019265
small,native-bucket,Cotangent native + bucketed norms,1059,200,3.6131547586273056,65536,2.7064324579623644,3.4756984160048887
small,native-bucket,Cotangent native + bucketed norms,1059,300,3.5875399743263534,65536,4.0574080019505345,4.891155875004188
small,native-bucket,Cotangent native + bucketed norms,1059,400,3.565366337141937,65536,5.410426747948804,6.3088078330038115
small,native-bucket,Cotangent native + bucketed norms,1059,500,3.5198337583433577,65536,6.761511458964378,7.724618416003068
small,native-bucket,Cotangent native + bucketed norms,1059,600,3.4831269207282616,65536,8.11353674599377,9.141717582999263
small,native-bucket,Cotangent native + bucketed norms,1059,700,3.34922575405998,65536,9.46986262298742,10.562948582999525
small,native-bucket,Cotangent native + bucketed norms,1059,800,3.1560202828469652,65536,10.82461770693044,11.98244366599829
small,native-bucket,Cotangent native + bucketed norms,1059,900,3.0471258074473893,65536,12.179631578939734,13.40229870800249
small,native-bucket,Cotangent native + bucketed norms,1059,1000,2.9653254036223307,65536,13.535416411890765,14.823077790999378
small,native-bucket,Cotangent native + bucketed norms,1059,1100,2.8890875529122,65536,15.024356367903238,16.398162666002463
small,native-bucket,Cotangent native + bucketed norms,1059,1200,2.8140358235494074,65536,16.613465580936463,18.055993166002736
small,native-bucket,Cotangent native + bucketed norms,1059,1300,2.762863191953855,65536,17.961703745895647,19.46926195800188
small,native-bucket,Cotangent native + bucketed norms,1059,1400,2.700344580034617,65536,19.311917209903186,20.88468229099817
small,native-bucket,Cotangent native + bucketed norms,1059,1500,2.6563928872606,65536,20.6771116679447,22.314565541004413
small,native-bucket,Cotangent native + bucketed norms,1059,1600,2.6227740088906613,65536,22.02213579294039,23.72432020799897
small,native-bucket,Cotangent native + bucketed norms,1059,1700,2.580114335781251,65536,23.365462009853218,25.13372058299865
small,native-bucket,Cotangent native + bucketed norms,1059,1800,2.553902873796504,65536,24.748901553844917,26.58202537499892
small,native-bucket,Cotangent native + bucketed norms,1059,1900,2.535237274230893,65536,26.13039350681356,28.02838104100374
small,native-bucket,Cotangent native + bucketed norms,1059,2000,2.5196798794931206,65536,27.479324842810456,29.442347333002544
small,native-bucket,Cotangent native + bucketed norms,1084,100,3.708714951527656,65536,1.3581724609975936,2.118816207999771
small,native-bucket,Cotangent native + bucketed norms,1084,200,3.6388477412898217,65536,2.7035602959731477,3.5296253330016043
small,native-bucket,Cotangent native + bucketed norms,1084,300,3.5986236649840992,65536,4.0553938769953675,4.9466150410007685
small,native-bucket,Cotangent native + bucketed norms,1084,400,3.5590132012788236,65536,5.4041978779641795,6.36004362499807
small,native-bucket,Cotangent native + bucketed norms,1084,500,3.547890040602705,65536,6.752620086954266,7.772928624995984
small,native-bucket,Cotangent native + bucketed norms,1084,600,3.5070017350526035,65536,8.101917472973582,9.186955083001521
small,native-bucket,Cotangent native + bucketed norms,1084,700,3.4554443460203235,65536,9.455278756984626,10.604752874998667
small,native-bucket,Cotangent native + bucketed norms,1084,800,3.360398370497137,65536,10.80245683901012,12.016816750001453
small,native-bucket,Cotangent native + bucketed norms,1084,900,3.2264156733034306,65536,12.152287632976368,13.430930540998816
small,native-bucket,Cotangent native + bucketed norms,1084,1000,3.144711714124301,65536,13.50975480597117,14.852546082998742
small,native-bucket,Cotangent native + bucketed norms,1084,1100,3.068554550149714,65536,14.84417926397873,16.25109458299994
small,native-bucket,Cotangent native + bucketed norms,1084,1200,2.98758358640302,65536,16.187062720979156,17.657787707998068
small,native-bucket,Cotangent native + bucketed norms,1084,1300,2.9038436159861085,65536,17.525649764975242,19.060423791001085
small,native-bucket,Cotangent native + bucketed norms,1084,1400,2.8612799951872048,65536,18.861485518005793,20.460332957998617
small,native-bucket,Cotangent native + bucketed norms,1084,1500,2.809176856833617,65536,20.19471813999553,21.857935749998433
small,native-bucket,Cotangent native + bucketed norms,1084,1600,2.767729226081704,65536,21.529771687011817,23.257464207999874
small,native-bucket,Cotangent native + bucketed norms,1084,1700,2.742548225021891,65536,22.86194147700735,24.65403554099612
small,native-bucket,Cotangent native + bucketed norms,1084,1800,2.7073710602226053,65536,24.19867576998513,26.055412832996808
small,native-bucket,Cotangent native + bucketed norms,1084,1900,2.690847413207707,65536,25.533031854931323,27.453973499999847
small,native-bucket,Cotangent native + bucketed norms,1084,2000,2.671313698965119,65536,26.865625518919842,28.850875083000574
small,native-fused,Native fused AdamW,1084,100,3.7088013083162203,65536,1.677097123938438,2.447318833001191
small,native-fused,Native fused AdamW,1084,200,3.6382451463279457,65536,3.4552883719297824,4.296540290997655
small,native-fused,Native fused AdamW,1084,300,3.598274432713691,65536,5.262359372944047,6.170468500000425
small,native-fused,Native fused AdamW,1084,400,3.5586109768541183,65536,7.0220432459318545,7.9954575410010875
small,native-fused,Native fused AdamW,1084,500,3.546640575895271,65536,8.70793107690406,9.74697875000129
small,native-fused,Native fused AdamW,1084,600,3.5127593917360196,65536,10.429271533903375,11.53467683299823
small,native-fused,Native fused AdamW,1084,700,3.4608303051995626,65536,12.184141319921764,13.358933124996838
small,native-fused,Native fused AdamW,1084,800,3.3592771511026682,65536,13.976330277873785,15.22177499999816
small,native-fused,Native fused AdamW,1084,900,3.2162214446692,65536,15.71139232488349,17.026316249997762
small,native-fused,Native fused AdamW,1084,1000,3.1217828903710303,65536,17.49646940886305,18.88037025000085
small,native-fused,Native fused AdamW,1084,1100,3.0084147700104635,65536,19.370208869877388,20.83094491600059
small,native-fused,Native fused AdamW,1084,1200,2.936827276435085,65536,21.092349531842046,22.61812804100191
small,native-fused,Native fused AdamW,1084,1300,2.8744630888129485,65536,22.94896456882998,24.57824220800103
small,native-fused,Native fused AdamW,1084,1400,2.8388312287570705,65536,24.841494528882322,26.53610687499895
small,native-fused,Native fused AdamW,1084,1500,2.783274017715843,65536,26.549036443902878,28.308881457996904
small,native-fused,Native fused AdamW,1084,1600,2.75263302969451,65536,28.21475569788163,30.039486749999924
small,native-fused,Native fused AdamW,1084,1700,2.7208004007576374,65536,29.89280232582678,31.78279108300194
small,native-fused,Native fused AdamW,1084,1800,2.691690187315971,65536,31.645283030833525,33.610930415998155
small,native-fused,Native fused AdamW,1084,1900,2.678232018189088,65536,33.325363240845036,35.35592508300033
small,native-fused,Native fused AdamW,1084,2000,2.6549696179610955,65536,35.0003073638436,37.09606258299755
small,native-bucket,Cotangent native + bucketed norms,1046,100,3.6998087439614,65536,1.4257994089566637,2.242386916994292
small,native-bucket,Cotangent native + bucketed norms,1046,200,3.6200857346994866,65536,2.968806906930695,3.858871416996408
small,native-bucket,Cotangent native + bucketed norms,1046,300,3.5823502258539173,65536,4.4539272038819036,5.409885541994299
small,native-bucket,Cotangent native + bucketed norms,1046,400,3.553814069003,65536,5.811388286900183,6.831607416999759
small,native-bucket,Cotangent native + bucketed norms,1046,500,3.535444053869644,65536,7.169295744839474,8.25410404199647
small,native-bucket,Cotangent native + bucketed norms,1046,600,3.502629097652248,65536,8.524610622785985,9.6736982089933
small,native-bucket,Cotangent native + bucketed norms,1046,700,3.4305304770129625,65536,9.941987040750973,11.165108166998834
small,native-bucket,Cotangent native + bucketed norms,1046,800,3.2407908001801355,65536,11.402882704758667,12.700099208996107
small,native-bucket,Cotangent native + bucketed norms,1046,900,3.0809957858620454,65536,12.822071458766004,14.18716612499702
small,native-bucket,Cotangent native + bucketed norms,1046,1000,2.988840263632874,65536,14.2139237117226,15.64360866700008
small,native-bucket,Cotangent native + bucketed norms,1046,1100,2.9232756884820366,65536,15.591018632716441,17.08510583399766
small,native-bucket,Cotangent native + bucketed norms,1046,1200,2.8447032324054797,65536,16.956547969733947,18.515171416998783
small,native-bucket,Cotangent native + bucketed norms,1046,1300,2.791430757136386,65536,18.498243382768123,20.128624041994044
small,native-bucket,Cotangent native + bucketed norms,1046,1400,2.7384656524855893,65536,19.917172844754532,21.612522958996124
small,native-bucket,Cotangent native + bucketed norms,1046,1500,2.688343093211626,65536,21.284477933753806,23.04617666699778
small,native-bucket,Cotangent native + bucketed norms,1046,1600,2.651452293279143,65536,22.661134975831374,24.487608374998672
small,native-bucket,Cotangent native + bucketed norms,1046,1700,2.615248069586736,65536,24.035197849858378,25.928386833998957
small,native-bucket,Cotangent native + bucketed norms,1046,1800,2.587990566123779,65536,25.408709306822857,27.37054083399562
small,native-bucket,Cotangent native + bucketed norms,1046,1900,2.5628317884471317,65536,26.78584897183464,28.814236999998684
small,native-bucket,Cotangent native + bucketed norms,1046,2000,2.5501855655383454,65536,28.16116651485936,30.255442708999908
small,native-fused,Native fused AdamW,1046,100,3.699501851669851,65536,1.7082555430242792,2.4695716249989346
small,native-fused,Native fused AdamW,1046,200,3.621708154534232,65536,3.564093413988303,4.39477083300153
small,native-fused,Native fused AdamW,1046,300,3.580734395104483,65536,5.270625586999813,6.170222542001284
small,native-fused,Native fused AdamW,1046,400,3.5482618348471235,65536,6.998745669043274,7.964917875004176
small,native-fused,Native fused AdamW,1046,500,3.5244163220669225,65536,8.759015249015647,9.795853707997594
small,native-fused,Native fused AdamW,1046,600,3.4951689847079406,65536,10.466552035009954,11.568763374998525
small,native-fused,Native fused AdamW,1046,700,3.4081655843718712,65536,12.16656162095751,13.334785917002591
small,native-fused,Native fused AdamW,1046,800,3.2204637299691177,65536,13.885073702978843,15.118732916998852
small,native-fused,Native fused AdamW,1046,900,3.070128954578122,65536,15.600083032928524,16.903440833004424
small,native-fused,Native fused AdamW,1046,1000,2.972791003888092,65536,17.310706035947078,18.681970292003825
small,native-fused,Native fused AdamW,1046,1100,2.9151710221835003,65536,19.06172120587871,20.507717083004536
small,native-fused,Native fused AdamW,1046,1200,2.843278705482841,65536,20.83440528882784,22.347207250000793
small,native-fused,Native fused AdamW,1046,1300,2.7855569906658055,65536,22.55412045378762,24.133229667000705
small,native-fused,Native fused AdamW,1046,1400,2.7423238736538402,65536,24.2627659538266,25.907674292000593
small,native-fused,Native fused AdamW,1046,1500,2.697494940373435,65536,25.975413242835202,27.686896208004327
small,native-fused,Native fused AdamW,1046,1600,2.65510706972034,65536,27.728206704865443,29.504236458000378
small,native-fused,Native fused AdamW,1046,1700,2.62895897259352,65536,29.404177957861975,31.24575475000165
small,native-fused,Native fused AdamW,1046,1800,2.5940898233474714,65536,31.07091582886642,32.976838875001704
small,native-fused,Native fused AdamW,1046,1900,2.5751710062007542,65536,32.752823705915944,34.725222583001596
small,native-fused,Native fused AdamW,1046,2000,2.559610435158399,65536,34.42353058889421,36.461362667003414
small,native-fused,Native fused AdamW,1035,100,3.6828538773217527,65536,1.66598700304894,2.419821832998423
small,native-fused,Native fused AdamW,1035,200,3.617406481475189,65536,3.327844833060226,4.146181040996453
small,native-fused,Native fused AdamW,1035,300,3.5941946817677546,65536,4.9971173759840894,5.882083165997756
small,native-fused,Native fused AdamW,1035,400,3.5610851622650936,65536,6.657862582986127,7.60703545800061
small,native-fused,Native fused AdamW,1035,500,3.5324467832260695,65536,8.323696165978618,9.337309082999127
small,native-fused,Native fused AdamW,1035,600,3.498363702183621,65536,9.99283033098618,11.072483165997255
small,native-fused,Native fused AdamW,1035,700,3.411960682532798,65536,11.667102374951355,12.8117179999972
small,native-fused,Native fused AdamW,1035,800,3.239392892947176,65536,13.347609794916934,14.557359874997928
small,native-fused,Native fused AdamW,1035,900,3.080436202686258,65536,15.014332298909721,16.289966582997295
small,native-fused,Native fused AdamW,1035,1000,2.984456377492261,65536,16.68733813992003,18.0276753750004
small,native-fused,Native fused AdamW,1035,1100,2.920786486835858,65536,18.375766685923736,19.78200941599789
small,native-fused,Native fused AdamW,1035,1200,2.8406900333709695,65536,20.070034265925642,21.541296750001493
small,native-fused,Native fused AdamW,1035,1300,2.762583209572708,65536,21.74546777091018,23.281841541000176
small,native-fused,Native fused AdamW,1035,1400,2.707682445560908,65536,23.421557308880438,25.02447433299676
small,native-fused,Native fused AdamW,1035,1500,2.6727392362858318,65536,25.10279076583538,26.77079016600328
small,native-fused,Native fused AdamW,1035,1600,2.617615727868875,65536,26.789468218878028,28.522011957997165
small,native-fused,Native fused AdamW,1035,1700,2.58434156722476,65536,28.457237846851058,30.254583832997014
small,native-fused,Native fused AdamW,1035,1800,2.5501963413263136,65536,30.135262513860653,32.001145791000454
small,native-fused,Native fused AdamW,1035,1900,2.5369853327665517,65536,31.817709468894463,33.74853870800143
small,native-fused,Native fused AdamW,1035,2000,2.5146924094903884,65536,33.50188355093269,35.497492791000695
small,native-bucket,Cotangent native + bucketed norms,1035,100,3.6828884995791547,65536,1.3798540450443397,2.0687051249988144
small,native-bucket,Cotangent native + bucketed norms,1035,200,3.6172314031366106,65536,2.749734707067546,3.5036782919996767
small,native-bucket,Cotangent native + bucketed norms,1035,300,3.595685040424469,65536,4.118228621046001,4.93849641700217
small,native-bucket,Cotangent native + bucketed norms,1035,400,3.5653035527254566,65536,5.50076733007154,6.388984999997774
small,native-bucket,Cotangent native + bucketed norms,1035,500,3.5321701813789037,65536,6.874131332071556,7.826238000001467
small,native-bucket,Cotangent native + bucketed norms,1035,600,3.5002086030750887,65536,8.242176243038557,9.258856959000695
small,native-bucket,Cotangent native + bucketed norms,1035,700,3.4197258067084104,65536,9.621596662014781,10.703082416999678
small,native-bucket,Cotangent native + bucketed norms,1035,800,3.260101710898531,65536,10.993267489982827,12.14001308400475
small,native-bucket,Cotangent native + bucketed norms,1035,900,3.101969532338139,65536,12.35253865798586,13.564530249997915
small,native-bucket,Cotangent native + bucketed norms,1035,1000,2.990456658700382,65536,13.706564612948569,14.983735125002568
small,native-bucket,Cotangent native + bucketed norms,1035,1100,2.9172838666705547,65536,15.06149415490654,16.4030715839981
small,native-bucket,Cotangent native + bucketed norms,1035,1200,2.8464973769171116,65536,16.45529577288835,17.869588458997896
small,native-bucket,Cotangent native + bucketed norms,1035,1300,2.77705933863559,65536,17.95569710990094,19.44630062500073
small,native-bucket,Cotangent native + bucketed norms,1035,1400,2.719191669667009,65536,19.453202407945355,21.015946125000482
small,native-bucket,Cotangent native + bucketed norms,1035,1500,2.671244594186219,65536,20.96465098590852,22.601481709003565
small,native-bucket,Cotangent native + bucketed norms,1035,1600,2.6267602281468174,65536,22.468150611864985,24.18495300000359
small,native-bucket,Cotangent native + bucketed norms,1035,1700,2.592479571285274,65536,24.031204648861603,25.814468333999685
small,native-bucket,Cotangent native + bucketed norms,1035,1800,2.5557188762281693,65536,25.393576903843496,27.241904542002885
small,native-bucket,Cotangent native + bucketed norms,1035,1900,2.5419219281513756,65536,26.762972114840522,28.676362709004025
small,native-bucket,Cotangent native + bucketed norms,1035,2000,2.5215148053908387,65536,28.12130481879285,30.100353000001633
small,native-bucket,Cotangent native + bucketed norms,1090,100,3.733065308630549,65536,1.3573761279694736,2.130115415995533
small,native-bucket,Cotangent native + bucketed norms,1090,200,3.6154764169247966,65536,2.732591460029653,3.57149366599333
small,native-bucket,Cotangent native + bucketed norms,1090,300,3.581680009463505,65536,4.089402794059424,4.993393374999869
small,native-bucket,Cotangent native + bucketed norms,1090,400,3.5687669393485315,65536,5.4495970810894505,6.418313791000401
small,native-bucket,Cotangent native + bucketed norms,1090,500,3.529489627535809,65536,6.962999413095531,8.006943957996555
small,native-bucket,Cotangent native + bucketed norms,1090,600,3.4849795070944403,65536,8.397784951106587,9.506235082997591
small,native-bucket,Cotangent native + bucketed norms,1090,700,3.400390700180822,65536,9.759838452104304,10.934101957995153
small,native-bucket,Cotangent native + bucketed norms,1090,800,3.2803904827229853,65536,11.120663784065982,12.35989695799799
small,native-bucket,Cotangent native + bucketed norms,1090,900,3.1473355781861048,65536,12.473140247086121,13.777235415996984
small,native-bucket,Cotangent native + bucketed norms,1090,1000,3.0423236971210823,65536,13.835840207095316,15.205534249995253
small,native-bucket,Cotangent native + bucketed norms,1090,1100,2.948117754732662,65536,15.208336381161644,16.64234970799589
small,native-bucket,Cotangent native + bucketed norms,1090,1200,2.875123899902142,65536,16.56110396420263,18.05997154099896
small,native-bucket,Cotangent native + bucketed norms,1090,1300,2.8086125710072203,65536,17.921644416208437,19.48629812499712
small,native-bucket,Cotangent native + bucketed norms,1090,1400,2.758532459201273,65536,19.287009835155914,20.9166103749958
small,native-bucket,Cotangent native + bucketed norms,1090,1500,2.737646574361939,65536,20.653878713077575,22.351033707993338
small,native-bucket,Cotangent native + bucketed norms,1090,1600,2.691816449453994,65536,22.03783166705398,23.80001070799335
small,native-bucket,Cotangent native + bucketed norms,1090,1700,2.6503951589199524,65536,23.398703588041826,25.22568883299391
small,native-bucket,Cotangent native + bucketed norms,1090,1800,2.6232504814504187,65536,24.755697506072465,26.64744950000022
small,native-bucket,Cotangent native + bucketed norms,1090,1900,2.6091266427244557,65536,26.139428010028496,28.09647329099971
small,native-bucket,Cotangent native + bucketed norms,1090,2000,2.594053889722357,65536,27.504072847033967,29.52665720799996
small,native-fused,Native fused AdamW,1090,100,3.7329711158824543,65536,1.6705624630121747,2.323729000003368
small,native-fused,Native fused AdamW,1090,200,3.6152556126989204,65536,3.346341133081296,4.065125583001645
small,native-fused,Native fused AdamW,1090,300,3.5791303451666328,65536,5.000991289023659,5.783859208000649
small,native-fused,Native fused AdamW,1090,400,3.571827714585937,65536,6.6588493340605055,7.505969707999611
small,native-fused,Native fused AdamW,1090,500,3.536394279513492,65536,8.301944663049653,9.213529332999315
small,native-fused,Native fused AdamW,1090,600,3.4852456072509876,65536,9.954939163093513,10.931575125003292
small,native-fused,Native fused AdamW,1090,700,3.3981953953871367,65536,11.623592248120985,12.666639957998996
small,native-fused,Native fused AdamW,1090,800,3.2716994576997056,65536,13.268348280180362,14.376510791000328
small,native-fused,Native fused AdamW,1090,900,3.089495458688409,65536,14.92463936717104,16.096741832996486
small,native-fused,Native fused AdamW,1090,1000,2.989792682055521,65536,16.566448159181164,17.802922583003237
small,native-fused,Native fused AdamW,1090,1100,2.918466483871381,65536,18.221783575230802,19.52247616599925
small,native-fused,Native fused AdamW,1090,1200,2.83507181162174,65536,19.86817315522785,21.23316058299679
small,native-fused,Native fused AdamW,1090,1300,2.7812955561726067,65536,21.51843049224408,22.948632833002193
small,native-fused,Native fused AdamW,1090,1400,2.724064378871495,65536,23.15971961521427,24.654244083001686
small,native-fused,Native fused AdamW,1090,1500,2.694845859355448,65536,24.802113451209152,26.362973916002375
small,native-fused,Native fused AdamW,1090,1600,2.6562696993124613,65536,26.46877899223182,28.094938624999486
small,native-fused,Native fused AdamW,1090,1700,2.617508002235941,65536,28.12713832622103,29.817841666001186
small,native-fused,Native fused AdamW,1090,1800,2.5873147226760085,65536,29.79951766218437,31.55537424999784
small,native-fused,Native fused AdamW,1090,1900,2.5748184148941964,65536,31.463873284199508,33.284632540999155
small,native-fused,Native fused AdamW,1090,2000,2.5512560930464723,65536,33.1361161672321,35.02320079100173
small,native-fused,Native fused AdamW,1007,100,3.6916928396715214,65536,1.690723300060199,2.3792478339964873
small,native-fused,Native fused AdamW,1007,200,3.618801712228145,65536,3.352784297087055,4.105768291999993
small,native-fused,Native fused AdamW,1007,300,3.5970953519061224,65536,5.031799048127141,5.849714291995042
small,native-fused,Native fused AdamW,1007,400,3.549758040913967,65536,6.699914174132573,7.582487166997453
small,native-fused,Native fused AdamW,1007,500,3.512776622247853,65536,8.37322992211557,9.320606417000818
small,native-fused,Native fused AdamW,1007,600,3.4729157518029217,65536,10.040822212104104,11.053832375000638
small,native-fused,Native fused AdamW,1007,700,3.2827603929029587,65536,11.715185843160725,12.794411958995624
small,native-fused,Native fused AdamW,1007,800,3.118121917179945,65536,13.385235630143143,14.52969441699679
small,native-fused,Native fused AdamW,1007,900,2.992893142289613,65536,15.046517169124854,16.25804962500115
small,native-fused,Native fused AdamW,1007,1000,2.8913125247131592,65536,16.72012912712671,17.996392583998386
small,native-fused,Native fused AdamW,1007,1100,2.81604165720642,65536,18.381140790123027,19.72193237499596
small,native-fused,Native fused AdamW,1007,1200,2.752736670739486,65536,20.053330331145844,21.459122959000524
small,native-fused,Native fused AdamW,1007,1300,2.678346762863961,65536,21.718679162113403,23.189681625000958
small,native-fused,Native fused AdamW,1007,1400,2.6312374363733553,65536,23.390674498165026,24.928692624998803
small,native-fused,Native fused AdamW,1007,1500,2.5855385879725965,65536,25.06016300313786,26.663064416999987
small,native-fused,Native fused AdamW,1007,1600,2.550330202947721,65536,26.721432338119484,28.38914195899997
small,native-fused,Native fused AdamW,1007,1700,2.5211522175926993,65536,28.37452200313419,30.10644758399576
small,native-fused,Native fused AdamW,1007,1800,2.4961627675847424,65536,30.015045047126478,31.81129620900174
small,native-fused,Native fused AdamW,1007,1900,2.4796040361090683,65536,31.67383670908748,33.53401208399737
small,native-fused,Native fused AdamW,1007,2000,2.464707371843622,65536,33.32077858707635,35.24523387500085
small,native-bucket,Cotangent native + bucketed norms,1007,100,3.691543526483825,65536,1.3404318740140297,2.0222659160062904
small,native-bucket,Cotangent native + bucketed norms,1007,200,3.6190152501870223,65536,2.6964209109719377,3.442344540999329
small,native-bucket,Cotangent native + bucketed norms,1007,300,3.594362665821985,65536,4.038271367979178,4.848071333006374
small,native-bucket,Cotangent native + bucketed norms,1007,400,3.5484646453881536,65536,5.390633861956303,6.2652731250054785
small,native-bucket,Cotangent native + bucketed norms,1007,500,3.513176073452313,65536,6.737019443913596,7.67527583300398
small,native-bucket,Cotangent native + bucketed norms,1007,600,3.4671418427589984,65536,8.077403951952874,9.079430416000832
small,native-bucket,Cotangent native + bucketed norms,1007,700,3.27314762686238,65536,9.41938207790372,10.486722207999264
small,native-bucket,Cotangent native + bucketed norms,1007,800,3.1092666809718383,65536,10.784914703930554,11.918040374999691
small,native-bucket,Cotangent native + bucketed norms,1007,900,2.991590852036075,65536,12.136116702939034,13.334629500001029
small,native-bucket,Cotangent native + bucketed norms,1007,1000,2.8929371964457395,65536,13.516694074962288,14.781549291001284
small,native-bucket,Cotangent native + bucketed norms,1007,1100,2.813877921978084,65536,14.873605074943043,16.20341629100585
small,native-bucket,Cotangent native + bucketed norms,1007,1200,2.749499763769766,65536,16.222774874884635,17.617946625003242
small,native-bucket,Cotangent native + bucketed norms,1007,1300,2.6777844817103382,65536,17.602313498842705,19.07568229100434
small,native-bucket,Cotangent native + bucketed norms,1007,1400,2.635137766418779,65536,19.1482627878504,20.698591750006017
small,native-bucket,Cotangent native + bucketed norms,1007,1500,2.589730138390509,65536,20.745230411790544,22.367400000002817
small,native-bucket,Cotangent native + bucketed norms,1007,1600,2.545555744206998,65536,22.120765915766242,23.80802825000137
small,native-bucket,Cotangent native + bucketed norms,1007,1700,2.5201751949020634,65536,23.475297334749484,25.22780916600459
small,native-bucket,Cotangent native + bucketed norms,1007,1800,2.4930530847809975,65536,24.838594498767634,26.656427833004273
small,native-bucket,Cotangent native + bucketed norms,1007,1900,2.4780329692189786,65536,26.197355203752522,28.07973854100419
small,native-bucket,Cotangent native + bucketed norms,1007,2000,2.464020671991016,65536,27.561818998750823,29.509883708000416
small,native-fused,Native fused AdamW,1053,100,3.702845430878769,65536,1.6725873730392777,2.421972000003734
small,native-fused,Native fused AdamW,1053,200,3.631179615329296,65536,3.3390357510506874,4.153927583000041
small,native-fused,Native fused AdamW,1053,300,3.5761520463592316,65536,5.011045287101297,5.891404333000537
small,native-fused,Native fused AdamW,1053,400,3.560196613899411,65536,6.678047202090966,7.624088999997184
small,native-fused,Native fused AdamW,1053,500,3.530187006436142,65536,8.346797000063816,9.358669082997949
small,native-fused,Native fused AdamW,1053,600,3.4886461342151724,65536,10.017022459061991,11.094032749999315
small,native-fused,Native fused AdamW,1053,700,3.40949570894256,65536,11.683818832025281,12.825462291002623
small,native-fused,Native fused AdamW,1053,800,3.308953651599004,65536,13.356625460037321,14.563381040999957
small,native-fused,Native fused AdamW,1053,900,3.186262840810828,65536,15.019245051975304,16.29065241599892
small,native-fused,Native fused AdamW,1053,1000,3.070549634891048,65536,16.670227802023874,18.007524458000262
small,native-fused,Native fused AdamW,1053,1100,2.969404144170193,65536,18.322881014035374,19.725673207998625
small,native-fused,Native fused AdamW,1053,1200,2.8919573682881112,65536,19.96526222601824,21.432750332998694
small,native-fused,Native fused AdamW,1053,1300,2.837720150964545,65536,21.626664516035817,23.15783404099784
small,native-fused,Native fused AdamW,1053,1400,2.7893651111380775,65536,23.279252051041112,24.87477100000251
small,native-fused,Native fused AdamW,1053,1500,2.7509925785537126,65536,24.935211841075215,26.595097124998574
small,native-fused,Native fused AdamW,1053,1600,2.716600541427905,65536,26.574784140066186,28.298489540997252
small,native-fused,Native fused AdamW,1053,1700,2.678486450397666,65536,28.224670517061895,30.013698916001886
small,native-fused,Native fused AdamW,1053,1800,2.6570570735093164,65536,29.888682595061255,31.741924540998298
small,native-fused,Native fused AdamW,1053,1900,2.6362027474864154,65536,31.532870432078198,33.45134649999818
small,native-fused,Native fused AdamW,1053,2000,2.6126181270131155,65536,33.191552261101606,35.17381983299856
small,native-bucket,Cotangent native + bucketed norms,1053,100,3.7026067834528655,65536,1.3609030449952115,2.0397441250024713
small,native-bucket,Cotangent native + bucketed norms,1053,200,3.6316545991642317,65536,2.727717339017545,3.471759749998455
small,native-bucket,Cotangent native + bucketed norms,1053,300,3.5756557474245043,65536,4.092682172020432,4.902424166997662
small,native-bucket,Cotangent native + bucketed norms,1053,400,3.5608604991784882,65536,5.442575091008621,6.317097291997925
small,native-bucket,Cotangent native + bucketed norms,1053,500,3.5291379015169633,65536,6.803503374030697,7.743786874998477
small,native-bucket,Cotangent native + bucketed norms,1053,600,3.4896798466870993,65536,8.175515331051429,9.181048792001093
small,native-bucket,Cotangent native + bucketed norms,1053,700,3.3963168288917625,65536,9.5424646210231,10.613823042003787
small,native-bucket,Cotangent native + bucketed norms,1053,800,3.286145344688325,65536,10.907468831064762,12.0443771249993
small,native-bucket,Cotangent native + bucketed norms,1053,900,3.1942226708450487,65536,12.263790167038678,13.465526125000906
small,native-bucket,Cotangent native + bucketed norms,1053,1000,3.0723066633968408,65536,13.615879412034701,14.883254833999672
small,native-bucket,Cotangent native + bucketed norms,1053,1100,2.968458997389003,65536,14.991075950019876,16.323862750003173
small,native-bucket,Cotangent native + bucketed norms,1053,1200,2.900677522872881,65536,16.348078244016506,17.745896166998136
small,native-bucket,Cotangent native + bucketed norms,1053,1300,2.834291741313089,65536,17.707590579033422,19.172854834003374
small,native-bucket,Cotangent native + bucketed norms,1053,1400,2.7874081205539096,65536,19.07886512305413,20.609702292000293
small,native-bucket,Cotangent native + bucketed norms,1053,1500,2.743477296799683,65536,20.436873457096226,22.03282620900427
small,native-bucket,Cotangent native + bucketed norms,1053,1600,2.710639122924421,65536,21.7994136270936,23.461772125003336
small,native-bucket,Cotangent native + bucketed norms,1053,1700,2.676044130147221,65536,23.166058502138185,24.89383387500129
small,native-bucket,Cotangent native + bucketed norms,1053,1800,2.652398654687805,65536,24.526229047180095,26.319409625000844
small,native-bucket,Cotangent native + bucketed norms,1053,1900,2.6266028747701933,65536,25.899479251129378,27.758285125004477
small,native-bucket,Cotangent native + bucketed norms,1053,2000,2.608946652131412,65536,27.265229050150083,29.188980124999944
small,native-fused,Native fused AdamW,1043,100,3.686713705452898,65536,1.670050375003484,2.3166152499979944
small,native-fused,Native fused AdamW,1043,200,3.6496966433823927,65536,3.3530483030335745,4.064603041995724
small,native-fused,Native fused AdamW,1043,300,3.580464393091544,65536,5.03700839002704,5.812771166994935
small,native-fused,Native fused AdamW,1043,400,3.5660767222302416,65536,6.685968133009737,7.526852249997319
small,native-fused,Native fused AdamW,1043,500,3.5436368988979523,65536,8.338643339993723,9.244642999998177
small,native-fused,Native fused AdamW,1043,600,3.5058895339983893,65536,9.98783008899045,10.96413354199467
small,native-fused,Native fused AdamW,1043,700,3.4392561672893067,65536,11.647249175977777,12.688428916997509
small,native-fused,Native fused AdamW,1043,800,3.2992507773982886,65536,13.294640509935562,14.40005066699814
small,native-fused,Native fused AdamW,1043,900,3.1203637862763514,65536,14.958845088942326,16.128277582996816
small,native-fused,Native fused AdamW,1043,1000,3.0113800948766403,65536,16.608926133892965,17.84253683299903
small,native-fused,Native fused AdamW,1043,1100,2.923932334366404,65536,18.264606137898227,19.562471041994286
small,native-fused,Native fused AdamW,1043,1200,2.86044334258642,65536,19.916468474832072,21.278134291998867
small,native-fused,Native fused AdamW,1043,1300,2.7976499346378505,65536,21.56514225882711,22.992995249995147
small,native-fused,Native fused AdamW,1043,1400,2.7394904379830445,65536,23.226301550821518,24.727614582996466
small,native-fused,Native fused AdamW,1043,1500,2.6869295785531,65536,24.89643543081911,26.462124999998196
small,native-fused,Native fused AdamW,1043,1600,2.6593984829393675,65536,26.551938518816314,28.18244295799377
small,native-fused,Native fused AdamW,1043,1700,2.6263613251370566,65536,28.22288018985273,29.92243249999592
small,native-fused,Native fused AdamW,1043,1800,2.5906907851081082,65536,29.892000027830363,31.657618499993987
small,native-fused,Native fused AdamW,1043,1900,2.575051596496477,65536,31.559936359764833,33.390139291994274
small,native-fused,Native fused AdamW,1043,2000,2.551480938864644,65536,33.22839827575808,35.12379216699628
small,native-bucket,Cotangent native + bucketed norms,1043,100,3.686631626732774,65536,1.367286580018117,2.066017750003084
small,native-bucket,Cotangent native + bucketed norms,1043,200,3.649792416221092,65536,2.7220129110864946,3.486143375004758
small,native-bucket,Cotangent native + bucketed norms,1043,300,3.5802314640887816,65536,4.090405995106266,4.919556250002643
small,native-bucket,Cotangent native + bucketed norms,1043,400,3.5623543082371354,65536,5.460155700122414,6.353742541999964
small,native-bucket,Cotangent native + bucketed norms,1043,500,3.5444995208790173,65536,6.840959863155149,7.7998080420002225
small,native-bucket,Cotangent native + bucketed norms,1043,600,3.5040035722490277,65536,8.202866987150628,9.22642650000489
small,native-bucket,Cotangent native + bucketed norms,1043,700,3.4426630146159107,65536,9.558239695121301,10.646349624999857
small,native-bucket,Cotangent native + bucketed norms,1043,800,3.280702910706109,65536,10.93530681708944,12.088389833006659
small,native-bucket,Cotangent native + bucketed norms,1043,900,3.1042870952987567,65536,12.327518983081973,13.545231333002448
small,native-bucket,Cotangent native + bucketed norms,1043,1000,3.0088077503676853,65536,13.69379556109925,14.977374333000625
small,native-bucket,Cotangent native + bucketed norms,1043,1100,2.9205321352441476,65536,15.087854266086651,16.43627829199977
small,native-bucket,Cotangent native + bucketed norms,1043,1200,2.8598220391368048,65536,16.44610509510676,17.85947062500054
small,native-bucket,Cotangent native + bucketed norms,1043,1300,2.7935103552272453,65536,17.801771097081655,19.280076082999585
small,native-bucket,Cotangent native + bucketed norms,1043,1400,2.734005158822932,65536,19.179423181019956,20.722322208006517
small,native-bucket,Cotangent native + bucketed norms,1043,1500,2.684632814744322,65536,20.54796380001062,22.15786500000104
small,native-bucket,Cotangent native + bucketed norms,1043,1600,2.6580459683773197,65536,21.999643423070665,23.67849058300635
small,native-bucket,Cotangent native + bucketed norms,1043,1700,2.6226994221647653,65536,23.43251313505607,25.176614708005218
small,native-bucket,Cotangent native + bucketed norms,1043,1800,2.5879721048611004,65536,24.81372251605353,26.623880292005197
small,native-bucket,Cotangent native + bucketed norms,1043,1900,2.5687475509312696,65536,26.187257054029033,28.061469833002775
small,native-bucket,Cotangent native + bucketed norms,1043,2000,2.5494896914862073,65536,27.52002201002324,29.4583821250053
small,native-bucket,Cotangent native + bucketed norms,1088,100,3.7002304884169783,65536,1.3403633340349188,2.011446040996816
small,native-bucket,Cotangent native + bucketed norms,1088,200,3.6159314830189797,65536,2.710652634043072,3.4459170409973012
small,native-bucket,Cotangent native + bucketed norms,1088,300,3.5820717321975923,65536,4.077935181041539,4.885577415996522
small,native-bucket,Cotangent native + bucketed norms,1088,400,3.5632214555117017,65536,5.458563361098641,6.330888915996184
small,native-bucket,Cotangent native + bucketed norms,1088,500,3.528891848088157,65536,6.797971482119465,7.734691207995638
small,native-bucket,Cotangent native + bucketed norms,1088,600,3.486157641997429,65536,8.146685102095944,9.147654540996882
small,native-bucket,Cotangent native + bucketed norms,1088,700,3.360128755445163,65536,9.48882539508486,10.554060624999693
small,native-bucket,Cotangent native + bucketed norms,1088,800,3.153835468994983,65536,10.8248026871006,11.955084332999832
small,native-bucket,Cotangent native + bucketed norms,1088,900,3.032435221393339,65536,12.183266440115403,13.378098707995377
small,native-bucket,Cotangent native + bucketed norms,1088,1000,2.93607318625563,65536,13.528347819141345,14.788080708000052
small,native-bucket,Cotangent native + bucketed norms,1088,1100,2.868248189379924,65536,14.876589775194589,16.200820291000127
small,native-bucket,Cotangent native + bucketed norms,1088,1200,2.793140571030059,65536,16.232093859165616,17.62084233299538
small,native-bucket,Cotangent native + bucketed norms,1088,1300,2.747210943409674,65536,17.584211108202,19.03807591599616
small,native-bucket,Cotangent native + bucketed norms,1088,1400,2.6835400316062814,65536,18.94398735719733,20.463293832995987
small,native-bucket,Cotangent native + bucketed norms,1088,1500,2.6404706528268536,65536,20.300603773182957,21.884974874999898
small,native-bucket,Cotangent native + bucketed norms,1088,1600,2.594603497904394,65536,21.653193772173836,23.30235924999579
small,native-bucket,Cotangent native + bucketed norms,1088,1700,2.56780914372021,65536,23.015604444168275,24.72997674999351
small,native-bucket,Cotangent native + bucketed norms,1088,1800,2.5437067372297406,65536,24.374140895190067,26.153510249998362
small,native-bucket,Cotangent native + bucketed norms,1088,1900,2.51721478766481,65536,25.73531872517924,27.57918116599467
small,native-bucket,Cotangent native + bucketed norms,1088,2000,2.508406062014846,65536,27.101285139164247,29.0108075409953
small,native-fused,Native fused AdamW,1088,100,3.7002681418686016,65536,1.6954860889964039,2.431345124998188
small,native-fused,Native fused AdamW,1088,200,3.6158858861186696,65536,3.362257626009523,4.16421916699619
small,native-fused,Native fused AdamW,1088,300,3.5779546932631656,65536,5.018549294996774,5.885395291996247
small,native-fused,Native fused AdamW,1088,400,3.553649825571426,65536,6.678318957972806,7.609853083995404
small,native-fused,Native fused AdamW,1088,500,3.5274819343163837,65536,8.369366504950449,9.365137333996245
small,native-fused,Native fused AdamW,1088,600,3.487025315968863,65536,10.032433127926197,11.092434541998955
small,native-fused,Native fused AdamW,1088,700,3.3507176390627205,65536,11.70382550690556,12.82904804199643
small,native-fused,Native fused AdamW,1088,800,3.151769935860289,65536,13.372685874935996,14.56232474999706
small,native-fused,Native fused AdamW,1088,900,3.0333123705339444,65536,15.077999744898989,16.331390624996857
small,native-fused,Native fused AdamW,1088,1000,2.9271913679790496,65536,16.74472690892435,18.063206999999238
small,native-fused,Native fused AdamW,1088,1100,2.859302791267103,65536,18.408531618886627,19.791338374998304
small,native-fused,Native fused AdamW,1088,1200,2.7814560804793556,65536,20.099348332892987,21.54713937499764
small,native-fused,Native fused AdamW,1088,1300,2.737405513804466,65536,21.87607645487151,23.397841250000056
small,native-fused,Native fused AdamW,1088,1400,2.681670349089716,65536,23.62261249486619,25.218214624997927
small,native-fused,Native fused AdamW,1088,1500,2.635533100788534,65536,25.50413603788911,27.183885209000437
small,native-fused,Native fused AdamW,1088,1600,2.598077235733268,65536,27.268146666880057,29.0132289999965
small,native-fused,Native fused AdamW,1088,1700,2.569293886068482,65536,28.99666279389203,30.828219916998933
small,native-fused,Native fused AdamW,1088,1800,2.539974998552283,65536,30.728319087931595,32.625091292000434
small,native-fused,Native fused AdamW,1088,1900,2.5230130591261193,65536,32.42722425695683,34.390655916999094
small,native-fused,Native fused AdamW,1088,2000,2.510844168690345,65536,34.11172371793509,36.14036883399967
small,native-bucket,Cotangent native + bucketed norms,1036,100,3.6690994358320115,65536,1.5604202039976371,2.4625842919995193
small,native-bucket,Cotangent native + bucketed norms,1036,200,3.6310466189956006,65536,3.0124986630034982,3.9814168329976383
small,native-bucket,Cotangent native + bucketed norms,1036,300,3.5702045208292628,65536,4.451916157973756,5.487243167000997
small,native-bucket,Cotangent native + bucketed norms,1036,400,3.5673056027641503,65536,5.850572658971942,6.950334833003581
small,native-bucket,Cotangent native + bucketed norms,1036,500,3.5282479987879047,65536,7.251837577954575,8.418167042000277
small,native-bucket,Cotangent native + bucketed norms,1036,600,3.481523461980774,65536,8.619775157894765,9.850782667002932
small,native-bucket,Cotangent native + bucketed norms,1036,700,3.4202378850513546,65536,10.006358333906974,11.301805707997119
small,native-bucket,Cotangent native + bucketed norms,1036,800,3.269780389290053,65536,11.412410787932458,12.77367070800392
small,native-bucket,Cotangent native + bucketed norms,1036,900,3.1087855595060496,65536,12.84682478295872,14.273402208003972
small,native-bucket,Cotangent native + bucketed norms,1036,1000,2.9971862377139447,65536,14.644111615940346,16.153893167000206
small,native-bucket,Cotangent native + bucketed norms,1036,1100,2.9186986819478777,65536,16.1690542829092,17.74594070800231
small,native-bucket,Cotangent native + bucketed norms,1036,1200,2.8661249345680346,65536,17.662125619885046,19.307814583000436
small,native-bucket,Cotangent native + bucketed norms,1036,1300,2.808160460864849,65536,19.049183329902007,20.763013458003115
small,native-bucket,Cotangent native + bucketed norms,1036,1400,2.7578229555240545,65536,20.539854113885667,22.32371462500305
small,native-bucket,Cotangent native + bucketed norms,1036,1500,2.7014119796082814,65536,22.04571811389178,23.898170542001026
small,native-bucket,Cotangent native + bucketed norms,1036,1600,2.6685107418447305,65536,23.597497449911316,25.524507292000635
small,native-bucket,Cotangent native + bucketed norms,1036,1700,2.637747232308031,65536,25.062011071902816,27.054865833000804
small,native-bucket,Cotangent native + bucketed norms,1036,1800,2.609499216265261,65536,26.466096115844266,28.53376520799793
small,native-bucket,Cotangent native + bucketed norms,1036,1900,2.58964481349785,65536,27.97175045183394,30.114940083003603
small,native-bucket,Cotangent native + bucketed norms,1036,2000,2.567739281142755,65536,29.527963116845058,31.73745279200375
small,native-fused,Native fused AdamW,1036,100,3.6690262142184067,65536,1.7638633780297823,2.528933582994796
small,native-fused,Native fused AdamW,1036,200,3.631238164672999,65536,3.5370542510718224,4.369399915995018
small,native-fused,Native fused AdamW,1036,300,3.570449531613248,65536,5.310025837046851,6.209741165999731
small,native-fused,Native fused AdamW,1036,400,3.5683798278992707,65536,7.126660163034103,8.09390637499746
small,native-fused,Native fused AdamW,1036,500,3.538711896218688,65536,9.077019740012474,10.126653249993979
small,native-fused,Native fused AdamW,1036,600,3.4833970947238515,65536,10.912597443042614,12.03038558299886
small,native-fused,Native fused AdamW,1036,700,3.413744368349475,65536,12.671051775032538,13.85874837499432
small,native-fused,Native fused AdamW,1036,800,3.2961650754254235,65536,14.44466151803499,15.699168124992866
small,native-fused,Native fused AdamW,1036,900,3.1176496528206754,65536,16.128567350002413,17.450172290999035
small,native-fused,Native fused AdamW,1036,1000,3.0023895244456784,65536,17.794798557952163,19.18113854099647
small,native-fused,Native fused AdamW,1036,1100,2.920961403940701,65536,19.474402773987094,20.930102165999415
small,native-fused,Native fused AdamW,1036,1200,2.863087903685364,65536,21.154493148977053,22.675115290992835
small,native-fused,Native fused AdamW,1036,1300,2.8074692195953688,65536,22.874514272967645,24.462163374999363
small,native-fused,Native fused AdamW,1036,1400,2.7545934115615744,65536,24.67161594197387,26.332312374994217
small,native-fused,Native fused AdamW,1036,1500,2.7068250529273206,65536,26.39786648099107,28.12313554099819
small,native-fused,Native fused AdamW,1036,1600,2.6696400551727053,65536,28.130873728980077,29.934019999993325
small,native-fused,Native fused AdamW,1036,1700,2.6427997869951994,65536,29.98648589799268,31.864066790993093
small,native-fused,Native fused AdamW,1036,1800,2.6158633858903184,65536,31.679399776003265,33.62311608299933
small,native-fused,Native fused AdamW,1036,1900,2.596393729810719,65536,33.45688040098321,35.468408916000044
small,native-fused,Native fused AdamW,1036,2000,2.5733763994857477,65536,35.208231608012284,37.287709374999395
small,native-bucket,Cotangent native + bucketed norms,1044,100,3.6977950206002785,65536,1.432563245012716,2.3280131249994156
small,native-bucket,Cotangent native + bucketed norms,1044,200,3.6310449421647544,65536,2.854170663973491,3.8141952919977484
small,native-bucket,Cotangent native + bucketed norms,1044,300,3.5956411311039207,65536,4.258350994961802,5.283073250000598
small,native-bucket,Cotangent native + bucketed norms,1044,400,3.5621073089037494,65536,5.670234330988023,6.762154625001131
small,native-bucket,Cotangent native + bucketed norms,1044,500,3.520016565152309,65536,7.180892921031045,8.33840983400296
small,native-bucket,Cotangent native + bucketed norms,1044,600,3.4747815808332163,65536,8.62860558997636,9.855294250002771
small,native-bucket,Cotangent native + bucketed norms,1044,700,3.3755428725113927,65536,10.059030964010162,11.351597084001696
small,native-bucket,Cotangent native + bucketed norms,1044,800,3.173834245823335,65536,11.553735379995487,12.913549124998099
small,native-bucket,Cotangent native + bucketed norms,1044,900,3.076568543970041,65536,13.087481455040688,14.515977834002115
small,native-bucket,Cotangent native + bucketed norms,1044,1000,3.002027189247057,65536,14.573597914044512,16.068161709001288
small,native-bucket,Cotangent native + bucketed norms,1044,1100,2.929756129127993,65536,16.008464160069707,17.567931541998405
small,native-bucket,Cotangent native + bucketed norms,1044,1200,2.872367824177487,65536,17.438056872066227,19.064205542003037
small,native-bucket,Cotangent native + bucketed norms,1044,1300,2.8234906342740844,65536,18.918048819032265,20.61835395899834
small,native-bucket,Cotangent native + bucketed norms,1044,1400,2.7799065597907444,65536,20.418438026026706,22.185115000000224
small,native-bucket,Cotangent native + bucketed norms,1044,1500,2.7397853076124066,65536,21.859051529005228,23.693537792001734
small,native-bucket,Cotangent native + bucketed norms,1044,1600,2.706897796214178,65536,23.308387616983964,25.20999495900469
small,native-bucket,Cotangent native + bucketed norms,1044,1700,2.675555586555156,65536,24.707418031008274,26.678249292002874
small,native-bucket,Cotangent native + bucketed norms,1044,1800,2.6433511902461544,65536,26.117036492039915,28.15470104200358
small,native-bucket,Cotangent native + bucketed norms,1044,1900,2.619608840184182,65536,27.54164541508362,29.650010417004523
small,native-bucket,Cotangent native + bucketed norms,1044,2000,2.6062908369177524,65536,29.176035078075074,31.353801917000965
small,native-fused,Native fused AdamW,1044,100,3.697701666267607,65536,1.7435465879316325,2.549978791998001
small,native-fused,Native fused AdamW,1044,200,3.6311068236723183,65536,3.5010447949243826,4.3794464169986895
small,native-fused,Native fused AdamW,1044,300,3.595225986482569,65536,5.358533215847274,6.3029595839980175
small,native-fused,Native fused AdamW,1044,400,3.566096296005693,65536,7.611239045872935,8.634612750000088
small,native-fused,Native fused AdamW,1044,500,3.5251067356698957,65536,9.44753766892245,10.547335208997538
small,native-fused,Native fused AdamW,1044,600,3.475326389624403,65536,11.193999750932562,12.360187416998087
small,native-fused,Native fused AdamW,1044,700,3.376614722136148,65536,13.0472640059088,14.296173292001185
small,native-fused,Native fused AdamW,1044,800,3.1840746732971534,65536,15.110355466858891,16.442470834001142
small,native-fused,Native fused AdamW,1044,900,3.07665742675379,65536,17.041926260913897,18.453340499996557
small,native-fused,Native fused AdamW,1044,1000,3.0027885403190533,65536,18.859427716917708,20.344688166995184
small,native-fused,Native fused AdamW,1044,1100,2.9192331180354336,65536,20.675044466923282,22.240059584000846
small,native-fused,Native fused AdamW,1044,1200,2.8737006735983,65536,22.560583220918488,24.199653208997915
small,native-fused,Native fused AdamW,1044,1300,2.816854984660182,65536,24.38599792993773,26.099959458995727
small,native-fused,Native fused AdamW,1044,1400,2.7747364442127957,65536,26.181977595973876,27.965394124999875
small,native-fused,Native fused AdamW,1044,1500,2.73591667611932,65536,27.958103428936738,29.810351209001965
small,native-fused,Native fused AdamW,1044,1600,2.7041967388144252,65536,29.70241817992064,31.625172125000972
small,native-fused,Native fused AdamW,1044,1700,2.6728983901058316,65536,31.460578511861968,33.4508736669959
small,native-fused,Native fused AdamW,1044,1800,2.6436308662832047,65536,33.20893463584798,35.268546291998064
small,native-fused,Native fused AdamW,1044,1900,2.6224687558087534,65536,34.94313467586471,37.06938375000027
small,native-fused,Native fused AdamW,1044,2000,2.6105957561493307,65536,36.70783338587353,38.9039670419952
