size,arm,method,seed,step,validation_bpb,validation_tokens,training_seconds,elapsed_seconds
small,native-bucket,Cotangent native + bucketed norms,571,100,3.6865910280782543,65536,1.384813581018534,2.055992082998273
small,native-bucket,Cotangent native + bucketed norms,571,200,3.632163205607412,65536,2.7245149050213513,3.4589764999982435
small,native-bucket,Cotangent native + bucketed norms,571,300,3.6046517858838287,65536,4.063985578020947,4.861968041997898
small,native-bucket,Cotangent native + bucketed norms,571,400,3.5723939459660716,65536,5.409240536020661,6.270106042000407
small,native-bucket,Cotangent native + bucketed norms,571,500,3.51376030926621,65536,6.759739997010911,7.684254542000417
small,native-bucket,Cotangent native + bucketed norms,571,600,3.483264807818591,65536,8.104261742017115,9.092403999999078
small,native-bucket,Cotangent native + bucketed norms,571,700,3.395619364000104,65536,9.441703239026538,10.493333874997916
small,native-bucket,Cotangent native + bucketed norms,571,800,3.215222967142869,65536,10.78593894903679,11.901193374997092
small,native-bucket,Cotangent native + bucketed norms,571,900,3.086816517182666,65536,12.12609782603613,13.304876082998817
small,native-bucket,Cotangent native + bucketed norms,571,1000,2.992466834919329,65536,13.47653320702375,14.719244957999763
small,native-bucket,Cotangent native + bucketed norms,571,1100,2.9093777113467767,65536,14.817059499026072,16.12361270799738
small,native-bucket,Cotangent native + bucketed norms,571,1200,2.848828397520159,65536,16.163241873051447,17.533720457999152
small,native-bucket,Cotangent native + bucketed norms,571,1300,2.787655748698863,65536,17.511145120060974,18.945612041999993
small,native-bucket,Cotangent native + bucketed norms,571,1400,2.739620542858422,65536,18.8559182940553,20.353980832998786
small,native-bucket,Cotangent native + bucketed norms,571,1500,2.699625509822444,65536,20.20315408805618,21.765096832998097
small,native-bucket,Cotangent native + bucketed norms,571,1600,2.6677709101019236,65536,21.548228216055577,23.174052332997235
small,native-bucket,Cotangent native + bucketed norms,571,1700,2.6349482307886123,65536,22.893340176051424,24.583076957998856
small,native-bucket,Cotangent native + bucketed norms,571,1800,2.6093987622737833,65536,24.242571930062695,25.996212124999147
small,native-bucket,Cotangent native + bucketed norms,571,1900,2.581721653389468,65536,25.583185887062427,27.400304249997134
small,native-bucket,Cotangent native + bucketed norms,571,2000,2.5723944699151047,65536,26.928002592074336,28.809010707998823
small,native-fused,Native fused AdamW,571,100,3.6869328006011814,65536,1.646809795027366,2.358763457999885
small,native-fused,Native fused AdamW,571,200,3.6323524295190235,65536,3.2898948700458277,4.065624540999124
small,native-fused,Native fused AdamW,571,300,3.6024903616723636,65536,4.932578993066272,5.771408208001958
small,native-fused,Native fused AdamW,571,400,3.572118440508305,65536,6.591697238050983,7.494590750000498
small,native-fused,Native fused AdamW,571,500,3.512689545281938,65536,8.245042700047634,9.212586083001952
small,native-fused,Native fused AdamW,571,600,3.4881866933123082,65536,9.927653824041045,10.9744659579992
small,native-fused,Native fused AdamW,571,700,3.4040351737863404,65536,11.790794401051244,12.904342958001507
small,native-fused,Native fused AdamW,571,800,3.209303238308846,65536,13.463075309064152,14.641422125001554
small,native-fused,Native fused AdamW,571,900,3.0869055074555716,65536,15.246459264071746,16.495122541000455
small,native-fused,Native fused AdamW,571,1000,2.9964009756790206,65536,17.024361471118027,18.340491708000627
small,native-fused,Native fused AdamW,571,1100,2.9107663906356263,65536,18.69836584213772,20.079479332998744
small,native-fused,Native fused AdamW,571,1200,2.8500077739229086,65536,20.388150723123545,21.83647820799888
small,native-fused,Native fused AdamW,571,1300,2.7879724977460896,65536,22.204815682125627,23.72194233299888
small,native-fused,Native fused AdamW,571,1400,2.7374575869264723,65536,23.97426497313063,25.558789999999135
small,native-fused,Native fused AdamW,571,1500,2.704968054131256,65536,25.730254350131872,27.380838958000822
small,native-fused,Native fused AdamW,571,1600,2.671578186784315,65536,27.41022159716158,29.125821083001938
small,native-fused,Native fused AdamW,571,1700,2.6343610551462775,65536,29.08492292815572,30.86563158300123
small,native-fused,Native fused AdamW,571,1800,2.608309773502978,65536,30.780331259142258,32.626297999999224
small,native-fused,Native fused AdamW,571,1900,2.5855433712400733,65536,32.522607385137235,34.43993491600122
small,native-fused,Native fused AdamW,571,2000,2.5777451511530853,65536,34.27194650613819,36.257306415998755
small,incidence-fused,Deterministic-gradient native control,733,100,3.687087864458766,65536,1.7440561260264076,2.5224880000023404
small,incidence-fused,Deterministic-gradient native control,733,200,3.6238769095061905,65536,3.4539676250315097,4.297711250001157
small,incidence-fused,Deterministic-gradient native control,733,300,3.5940000833983037,65536,5.169255579028686,6.078423750001093
small,incidence-fused,Deterministic-gradient native control,733,400,3.5522197360849233,65536,6.915487366026355,7.89123112499874
small,incidence-fused,Deterministic-gradient native control,733,500,3.531996693879846,65536,8.729403027035005,9.77441325000109
small,incidence-fused,Deterministic-gradient native control,733,600,3.466078302046063,65536,10.48337828003423,11.595084459000645
small,incidence-fused,Deterministic-gradient native control,733,700,3.287785435740447,65536,12.241777158018522,13.419428334000258
small,incidence-fused,Deterministic-gradient native control,733,800,3.1211516387999536,65536,13.957396655016055,15.20031816700066
small,incidence-fused,Deterministic-gradient native control,733,900,3.0012878465799138,65536,15.655010448026587,16.963253583999176
small,incidence-fused,Deterministic-gradient native control,733,1000,2.912388713730131,65536,17.348087238035077,18.7221141250011
small,incidence-fused,Deterministic-gradient native control,733,1100,2.851676989162063,65536,19.047505320042546,20.486066208999546
small,incidence-fused,Deterministic-gradient native control,733,1200,2.7770969544660082,65536,20.741515777051973,22.244905833998928
small,incidence-fused,Deterministic-gradient native control,733,1300,2.7217746394791122,65536,22.42462723706558,23.993443458999536
small,incidence-fused,Deterministic-gradient native control,733,1400,2.6720235251098083,65536,24.10535873805202,25.739362167001673
small,incidence-fused,Deterministic-gradient native control,733,1500,2.613739948346862,65536,25.792828487043153,27.49284487499972
small,incidence-fused,Deterministic-gradient native control,733,1600,2.574054629192799,65536,27.53248794503088,29.298174584000662
small,incidence-fused,Deterministic-gradient native control,733,1700,2.543314665155894,65536,29.412088399032655,31.26845612499892
small,incidence-fused,Deterministic-gradient native control,733,1800,2.521791756577764,65536,31.236835312003677,33.16187004200037
small,incidence-fused,Deterministic-gradient native control,733,1900,2.4999663520145976,65536,33.09258585200587,35.08463616700101
small,incidence-fused,Deterministic-gradient native control,733,2000,2.484675514262289,65536,34.80356347402267,36.86693216700223
small,incidence-bucket,Deterministic-gradient Cotangent,733,100,3.687087864458766,65536,1.443057412005146,2.3196867920014483
small,incidence-bucket,Deterministic-gradient Cotangent,733,200,3.6238769095061905,65536,2.86558812099247,3.807410917001107
small,incidence-bucket,Deterministic-gradient Cotangent,733,300,3.5940000833983037,65536,4.276750117995107,5.286313207998319
small,incidence-bucket,Deterministic-gradient Cotangent,733,400,3.5522197360849233,65536,5.668696117983927,6.743231000000378
small,incidence-bucket,Deterministic-gradient Cotangent,733,500,3.531996693879846,65536,7.037011832988355,8.176026417000685
small,incidence-bucket,Deterministic-gradient Cotangent,733,600,3.466078302046063,65536,8.411402033987542,9.615154582999821
small,incidence-bucket,Deterministic-gradient Cotangent,733,700,3.287785435740447,65536,9.82457037099448,11.09946299999865
small,incidence-bucket,Deterministic-gradient Cotangent,733,800,3.1211516387999536,65536,11.324603618984838,12.668354082998121
small,incidence-bucket,Deterministic-gradient Cotangent,733,900,3.0012878465799138,65536,12.73435712196806,14.146375457999966
small,incidence-bucket,Deterministic-gradient Cotangent,733,1000,2.912388713730131,65536,14.298782583966386,15.824027541999385
small,incidence-bucket,Deterministic-gradient Cotangent,733,1100,2.851676989162063,65536,15.795496414990339,17.390066291998664
small,incidence-bucket,Deterministic-gradient Cotangent,733,1200,2.7770969544660082,65536,17.172542289990815,18.83197379199919
small,incidence-bucket,Deterministic-gradient Cotangent,733,1300,2.7217746394791122,65536,18.54146050099007,20.265231917001074
small,incidence-bucket,Deterministic-gradient Cotangent,733,1400,2.6720235251098083,65536,19.93178700898352,21.720571417001338
small,incidence-bucket,Deterministic-gradient Cotangent,733,1500,2.613739948346862,65536,21.321844723959657,23.17601362500136
small,incidence-bucket,Deterministic-gradient Cotangent,733,1600,2.574054629192799,65536,22.698742568951275,24.61736183299945
small,incidence-bucket,Deterministic-gradient Cotangent,733,1700,2.543314665155894,65536,24.0775648999479,26.06096795800113
small,incidence-bucket,Deterministic-gradient Cotangent,733,1800,2.521791756577764,65536,25.455238311940775,27.504368417001388
small,incidence-bucket,Deterministic-gradient Cotangent,733,1900,2.4999663520145976,65536,26.84291647693317,28.956270874998154
small,incidence-bucket,Deterministic-gradient Cotangent,733,2000,2.484675514262289,65536,28.3351987249589,30.517667000000074
small,native-bucket,Cotangent native + bucketed norms,523,100,3.676311775521004,65536,1.4882288750050066,2.4398599159976584
small,native-bucket,Cotangent native + bucketed norms,523,200,3.611223027994983,65536,2.900253868985601,3.9193615409967606
small,native-bucket,Cotangent native + bucketed norms,523,300,3.6008167340033235,65536,4.302386946983461,5.392668415999651
small,native-bucket,Cotangent native + bucketed norms,523,400,3.568043730803822,65536,5.752642453964654,6.908135624998977
small,native-bucket,Cotangent native + bucketed norms,523,500,3.5264325391764815,65536,7.165839494951797,8.388596082997537
small,native-bucket,Cotangent native + bucketed norms,523,600,3.487055606413246,65536,8.581283495950629,9.870678125000268
small,native-bucket,Cotangent native + bucketed norms,523,700,3.4278982825415074,65536,10.031320743935794,11.391279374998703
small,native-bucket,Cotangent native + bucketed norms,523,800,3.3079964499088796,65536,11.521236195931124,12.950954749998346
small,native-bucket,Cotangent native + bucketed norms,523,900,3.1357905548163356,65536,12.971989032936108,14.47201099999802
small,native-bucket,Cotangent native + bucketed norms,523,1000,3.0133948662570402,65536,14.433390780952323,15.999750915998447
small,native-bucket,Cotangent native + bucketed norms,523,1100,2.9185031645461357,65536,15.861004575952393,17.494038707998698
small,native-bucket,Cotangent native + bucketed norms,523,1200,2.834994478547888,65536,17.321281571945292,19.019435374997556
small,native-bucket,Cotangent native + bucketed norms,523,1300,2.774587157897389,65536,18.691379033953126,20.45451454099748
small,native-bucket,Cotangent native + bucketed norms,523,1400,2.718157736842311,65536,20.11171154195472,21.940634790997137
small,native-bucket,Cotangent native + bucketed norms,523,1500,2.679989842114641,65536,21.47994016695884,23.373089749999053
small,native-bucket,Cotangent native + bucketed norms,523,1600,2.6317971539105884,65536,22.82667237296846,24.78394854099679
small,native-bucket,Cotangent native + bucketed norms,523,1700,2.609327034759458,65536,24.180558379968716,26.201896790997125
small,native-bucket,Cotangent native + bucketed norms,523,1800,2.576032633907119,65536,25.51877704697108,27.604306082997937
small,native-bucket,Cotangent native + bucketed norms,523,1900,2.555896604174462,65536,26.87227367095693,29.025084416000027
small,native-bucket,Cotangent native + bucketed norms,523,2000,2.538219555511553,65536,28.24368179395242,30.467627040998195
small,native-fused,Native fused AdamW,523,100,3.6765579901835452,65536,1.7161558030056767,2.386505834001582
small,native-fused,Native fused AdamW,523,200,3.610619992327564,65536,3.389247225015424,4.1237812920007855
small,native-fused,Native fused AdamW,523,300,3.6037662579634517,65536,5.118658308012527,5.924648750002234
small,native-fused,Native fused AdamW,523,400,3.569554759625387,65536,6.925170477999927,7.79689425000106
small,native-fused,Native fused AdamW,523,500,3.530981598529875,65536,8.59999447898008,9.540656584002136
small,native-fused,Native fused AdamW,523,600,3.49738597006455,65536,10.266232731977652,11.274180500000512
small,native-fused,Native fused AdamW,523,700,3.431621008253168,65536,11.936371821964713,13.011306625001453
small,native-fused,Native fused AdamW,523,800,3.2718996562542255,65536,13.616321613953914,14.756646084002568
small,native-fused,Native fused AdamW,523,900,3.119367619766891,65536,15.289410656947439,16.49485766700309
small,native-fused,Native fused AdamW,523,1000,2.9950658474880836,65536,16.975409574944933,18.24607133400059
small,native-fused,Native fused AdamW,523,1100,2.901926219032844,65536,18.78195248994598,20.119212500001595
small,native-fused,Native fused AdamW,523,1200,2.8270392920452405,65536,20.455553652951494,21.86091475000285
small,native-fused,Native fused AdamW,523,1300,2.7671315702465824,65536,22.15522232492367,23.626997375002247
small,native-fused,Native fused AdamW,523,1400,2.7065865344884052,65536,23.840864771904307,25.378822709000815
small,native-fused,Native fused AdamW,523,1500,2.6710816836201894,65536,25.49489889588949,27.097489667001355
small,native-fused,Native fused AdamW,523,1600,2.6170515925272984,65536,27.13642180891111,28.803470584000024
small,native-fused,Native fused AdamW,523,1700,2.59608944950568,65536,28.801078103930195,30.53209075000268
small,native-fused,Native fused AdamW,523,1800,2.5629196393349756,65536,30.457620936962485,32.253397625001526
small,native-fused,Native fused AdamW,523,1900,2.544383671692452,65536,32.114535229957255,33.97538550000172
small,native-fused,Native fused AdamW,523,2000,2.524578826800779,65536,33.76590831196518,35.69175641699985
medium,incidence-bucket,Deterministic-gradient Cotangent,811,100,3.680755140786527,65536,4.180619163988013,5.486518124998838
medium,incidence-bucket,Deterministic-gradient Cotangent,811,200,3.628645633700399,65536,8.251693411013548,9.75226366700008
medium,incidence-bucket,Deterministic-gradient Cotangent,811,300,3.6074171379227145,65536,12.506554991017765,14.203115791999153
medium,incidence-bucket,Deterministic-gradient Cotangent,811,400,3.512958375663068,65536,16.582140038037323,18.463965999999346
medium,incidence-bucket,Deterministic-gradient Cotangent,811,500,3.2380466665008,65536,20.715365132036823,22.78157999999894
medium,incidence-bucket,Deterministic-gradient Cotangent,811,600,3.136417313340658,65536,24.77684371304713,27.028132874998846
medium,incidence-bucket,Deterministic-gradient Cotangent,811,700,3.0870335592880545,65536,28.83764524707658,31.2782040839993
medium,incidence-bucket,Deterministic-gradient Cotangent,811,800,3.0471706250513124,65536,33.149668914062204,35.790114041999914
medium,incidence-bucket,Deterministic-gradient Cotangent,811,900,3.0063459799543195,65536,37.567464580079104,40.415956624998216
medium,incidence-bucket,Deterministic-gradient Cotangent,811,1000,2.97434886573527,65536,42.09738470906086,45.155596458997024
medium,incidence-bucket,Deterministic-gradient Cotangent,811,1100,2.934927905413414,65536,46.72501187808666,49.99973200000022
medium,incidence-bucket,Deterministic-gradient Cotangent,811,1200,2.895211709999063,65536,51.41071820907382,54.906006208999315
medium,incidence-bucket,Deterministic-gradient Cotangent,811,1300,2.860786270617783,65536,56.249633797080605,59.97174554199955
medium,incidence-bucket,Deterministic-gradient Cotangent,811,1400,2.8290017000829106,65536,61.162050542068755,65.11686554199696
medium,incidence-bucket,Deterministic-gradient Cotangent,811,1500,2.8052819066204906,65536,66.11806321206313,70.29900399999678
medium,incidence-fused,Deterministic-gradient native control,811,100,3.680755140786527,65536,5.992924293001124,7.168736125000578
medium,incidence-fused,Deterministic-gradient native control,811,200,3.628645633700399,65536,12.393171381005232,13.780028790999495
medium,incidence-fused,Deterministic-gradient native control,811,300,3.6074171379227145,65536,18.785350088008272,20.382480041000235
medium,incidence-fused,Deterministic-gradient native control,811,400,3.512958375663068,65536,25.160040876973653,26.96202166600051
medium,incidence-fused,Deterministic-gradient native control,811,500,3.2380466665008,65536,31.474643420977372,33.48388524999973
medium,incidence-fused,Deterministic-gradient native control,811,600,3.136417313340658,65536,37.76694354799474,39.98262116600017
medium,incidence-fused,Deterministic-gradient native control,811,700,3.0870335592880545,65536,44.05637854699671,46.48571116599851
medium,incidence-fused,Deterministic-gradient native control,811,800,3.0471706250513124,65536,50.38758070698532,53.02190933299789
medium,incidence-fused,Deterministic-gradient native control,811,900,3.0063459799543195,65536,56.62473204300113,59.45908837499883
medium,incidence-fused,Deterministic-gradient native control,811,1000,2.97434886573527,65536,62.712483043997054,65.74524941599884
medium,incidence-fused,Deterministic-gradient native control,811,1100,2.934927905413414,65536,68.76351240900112,71.99430070800008
medium,incidence-fused,Deterministic-gradient native control,811,1200,2.895211709999063,65536,74.77870765900661,78.2070063329993
medium,incidence-fused,Deterministic-gradient native control,811,1300,2.860786270617783,65536,80.8062881640144,84.4324471660002
medium,incidence-fused,Deterministic-gradient native control,811,1400,2.8290017000829106,65536,86.80274337101946,90.62567583299824
medium,incidence-fused,Deterministic-gradient native control,811,1500,2.8052819066204906,65536,92.73409837100189,96.7495794159986
small,incidence-fused,Deterministic-gradient native control,719,100,3.6862652499418576,65536,1.6861637969886942,2.339356124997721
small,incidence-fused,Deterministic-gradient native control,719,200,3.623582496705745,65536,3.365682454998023,4.084823999997752
small,incidence-fused,Deterministic-gradient native control,719,300,3.5849079410886335,65536,5.045538496982772,5.828807750000124
small,incidence-fused,Deterministic-gradient native control,719,400,3.551185238942152,65536,6.70003932698819,7.547250249997887
small,incidence-fused,Deterministic-gradient native control,719,500,3.531499363049213,65536,8.362936740977602,9.274459166997985
small,incidence-fused,Deterministic-gradient native control,719,600,3.483628852094805,65536,10.035432158980257,11.011923666999792
small,incidence-fused,Deterministic-gradient native control,719,700,3.393350998826549,65536,11.714046657980361,12.755074666998553
small,incidence-fused,Deterministic-gradient native control,719,800,3.207774269547013,65536,13.392709940999339,14.499080749999848
small,incidence-fused,Deterministic-gradient native control,719,900,3.058795190397106,65536,15.078382232008153,16.24952950000079
small,incidence-fused,Deterministic-gradient native control,719,1000,2.987143004472714,65536,16.762029313013045,17.99855554199894
small,incidence-fused,Deterministic-gradient native control,719,1100,2.893968135697421,65536,18.440852935011208,19.742190791999747
small,incidence-fused,Deterministic-gradient native control,719,1200,2.8250205435660396,65536,20.120779515018512,21.486830999998347
small,incidence-fused,Deterministic-gradient native control,719,1300,2.757181175390071,65536,21.80521859900182,23.236143499998434
small,incidence-fused,Deterministic-gradient native control,719,1400,2.7022574248220916,65536,23.478256640024483,24.973079291998147
small,incidence-fused,Deterministic-gradient native control,719,1500,2.6475606429831307,65536,25.159989354015124,26.720016084000235
small,incidence-fused,Deterministic-gradient native control,719,1600,2.605527545666476,65536,26.841034351022245,28.465350541999214
small,incidence-fused,Deterministic-gradient native control,719,1700,2.5821759294383484,65536,28.517954854010895,30.207341541998176
small,incidence-fused,Deterministic-gradient native control,719,1800,2.5527687879499674,65536,30.205609309003194,31.96019529199839
small,incidence-fused,Deterministic-gradient native control,719,1900,2.5351391688774916,65536,31.87824900999476,33.69899641699885
small,incidence-fused,Deterministic-gradient native control,719,2000,2.5165711909640764,65536,33.557490931005304,35.44287616699876
small,incidence-bucket,Deterministic-gradient Cotangent,719,100,3.6862652499418576,65536,1.3826574550112127,2.0307491669991578
small,incidence-bucket,Deterministic-gradient Cotangent,719,200,3.623582496705745,65536,2.771045742996648,3.483478666999872
small,incidence-bucket,Deterministic-gradient Cotangent,719,300,3.5849079410886335,65536,4.148488830986025,4.926133249999111
small,incidence-bucket,Deterministic-gradient Cotangent,719,400,3.551185238942152,65536,5.523229446978803,6.365932374999829
small,incidence-bucket,Deterministic-gradient Cotangent,719,500,3.531499363049213,65536,6.901981610997609,7.809910583000601
small,incidence-bucket,Deterministic-gradient Cotangent,719,600,3.483628852094805,65536,8.277108946989756,9.249562708002486
small,incidence-bucket,Deterministic-gradient Cotangent,719,700,3.393350998826549,65536,9.648671072995057,10.68574691699905
small,incidence-bucket,Deterministic-gradient Cotangent,719,800,3.207774269547013,65536,11.01829661300144,12.120861916999274
small,incidence-bucket,Deterministic-gradient Cotangent,719,900,3.058795190397106,65536,12.392557815033797,13.559997416999977
small,incidence-bucket,Deterministic-gradient Cotangent,719,1000,2.987143004472714,65536,13.768716603055509,15.000900082999578
small,incidence-bucket,Deterministic-gradient Cotangent,719,1100,2.893968135697421,65536,15.148391110047669,16.445226042000286
small,incidence-bucket,Deterministic-gradient Cotangent,719,1200,2.8250205435660396,65536,16.52515978003794,17.886625750001258
small,incidence-bucket,Deterministic-gradient Cotangent,719,1300,2.757181175390071,65536,17.902470705041196,19.32947816700107
small,incidence-bucket,Deterministic-gradient Cotangent,719,1400,2.7022574248220916,65536,19.2821527050437,20.774359292001463
small,incidence-bucket,Deterministic-gradient Cotangent,719,1500,2.6475606429831307,65536,20.660388335039897,22.21680408300017
small,incidence-bucket,Deterministic-gradient Cotangent,719,1600,2.605527545666476,65536,22.0435571280359,23.66517075000229
small,incidence-bucket,Deterministic-gradient Cotangent,719,1700,2.5821759294383484,65536,23.423111339048774,25.109710749999067
small,incidence-bucket,Deterministic-gradient Cotangent,719,1800,2.5527687879499674,65536,24.803288632043405,26.5552330419996
small,incidence-bucket,Deterministic-gradient Cotangent,719,1900,2.5351391688774916,65536,26.182102513041173,27.998766125001566
small,incidence-bucket,Deterministic-gradient Cotangent,719,2000,2.5165711909640764,65536,27.53546787702362,29.41592404200128
small,incidence-fused,Deterministic-gradient native control,701,100,3.684653579022791,65536,1.6525516610054183,2.2796508749997884
small,incidence-fused,Deterministic-gradient native control,701,200,3.6283042051427734,65536,3.3119123260003107,4.0033772499991755
small,incidence-fused,Deterministic-gradient native control,701,300,3.584661489949947,65536,4.9871010390270385,5.743386250000185
small,incidence-fused,Deterministic-gradient native control,701,400,3.5645482479185295,65536,6.665293248042872,7.486764417000813
small,incidence-fused,Deterministic-gradient native control,701,500,3.5176019179852798,65536,8.338806127067073,9.22523295800056
small,incidence-fused,Deterministic-gradient native control,701,600,3.480892059924878,65536,10.016804085080366,10.968980624998949
small,incidence-fused,Deterministic-gradient native control,701,700,3.384519281245948,65536,11.692528420098824,12.709428666999884
small,incidence-fused,Deterministic-gradient native control,701,800,3.1394796471708366,65536,13.368120128110604,14.449682999998913
small,incidence-fused,Deterministic-gradient native control,701,900,3.0374529442192495,65536,15.044625756101595,16.19789454199781
small,incidence-fused,Deterministic-gradient native control,701,1000,2.932420102768653,65536,16.748543217112456,17.96632645799764
small,incidence-fused,Deterministic-gradient native control,701,1100,2.871921937657294,65536,18.42153625712308,19.70417466700019
small,incidence-fused,Deterministic-gradient native control,701,1200,2.798789781903191,65536,20.104351805130136,21.453586542000266
small,incidence-fused,Deterministic-gradient native control,701,1300,2.7236805673393474,65536,21.787640228139935,23.20082916699903
small,incidence-fused,Deterministic-gradient native control,701,1400,2.6727375433316123,65536,23.471434021150344,24.9493797920004
small,incidence-fused,Deterministic-gradient native control,701,1500,2.6225402360980183,65536,25.151299230175937,26.694381166998937
small,incidence-fused,Deterministic-gradient native control,701,1600,2.595525717248441,65536,26.829925397181796,28.43757504200039
small,incidence-fused,Deterministic-gradient native control,701,1700,2.5612907594019068,65536,28.561635154201213,30.238983332998032
small,incidence-fused,Deterministic-gradient native control,701,1800,2.527958672851198,65536,30.277390862218454,32.02016949999961
small,incidence-fused,Deterministic-gradient native control,701,1900,2.5119639907257754,65536,31.95615294618983,33.76420891700036
small,incidence-fused,Deterministic-gradient native control,701,2000,2.4919166180496384,65536,33.62967273717004,35.50293687500016
small,incidence-bucket,Deterministic-gradient Cotangent,701,100,3.684653579022791,65536,1.3802621669674409,2.0354269160015974
small,incidence-bucket,Deterministic-gradient Cotangent,701,200,3.6283042051427734,65536,2.753214543001377,3.473274083000433
small,incidence-bucket,Deterministic-gradient Cotangent,701,300,3.584661489949947,65536,4.127473125976394,4.912353333002102
small,incidence-bucket,Deterministic-gradient Cotangent,701,400,3.5645482479185295,65536,5.50574528899233,6.35594383300122
small,incidence-bucket,Deterministic-gradient Cotangent,701,500,3.5176019179852798,65536,6.887401124979078,7.802942500002246
small,incidence-bucket,Deterministic-gradient Cotangent,701,600,3.480892059924878,65536,8.265975208963937,9.246589250000397
small,incidence-bucket,Deterministic-gradient Cotangent,701,700,3.384519281245948,65536,9.642514380964712,10.688413541000045
small,incidence-bucket,Deterministic-gradient Cotangent,701,800,3.1394796471708366,65536,11.025265840973589,12.136138541001856
small,incidence-bucket,Deterministic-gradient Cotangent,701,900,3.0374529442192495,65536,12.402911049983231,13.578527041001507
small,incidence-bucket,Deterministic-gradient Cotangent,701,1000,2.932420102768653,65536,13.787413875004859,15.028366458001983
small,incidence-bucket,Deterministic-gradient Cotangent,701,1100,2.871921937657294,65536,15.159866672995122,16.464849874999345
small,incidence-bucket,Deterministic-gradient Cotangent,701,1200,2.798789781903191,65536,16.51546283798234,17.885215165999398
small,incidence-bucket,Deterministic-gradient Cotangent,701,1300,2.7236805673393474,65536,17.875637210952846,19.310352290998708
small,incidence-bucket,Deterministic-gradient Cotangent,701,1400,2.6727375433316123,65536,19.22711591494226,20.726508708001347
small,incidence-bucket,Deterministic-gradient Cotangent,701,1500,2.6225402360980183,65536,20.63952633091685,22.208886415999586
small,incidence-bucket,Deterministic-gradient Cotangent,701,1600,2.595525717248441,65536,22.00389340689435,23.638427416000923
small,incidence-bucket,Deterministic-gradient Cotangent,701,1700,2.5612907594019068,65536,23.363475827896764,25.0624789579997
small,incidence-bucket,Deterministic-gradient Cotangent,701,1800,2.527958672851198,65536,24.796816537887935,26.564336874998844
small,incidence-bucket,Deterministic-gradient Cotangent,701,1900,2.5119639907257754,65536,26.258144539908244,28.090496332999464
small,incidence-bucket,Deterministic-gradient Cotangent,701,2000,2.4919166180496384,65536,27.615517162885226,29.51212920800026
small,native-fused,Native fused AdamW,557,100,3.6983352181066387,65536,1.686370502004138,2.7333807079994585
small,native-fused,Native fused AdamW,557,200,3.610977361527141,65536,3.3499784220002766,4.463916958000482
small,native-fused,Native fused AdamW,557,300,3.5870549510041734,65536,5.159184004012786,6.353740624999773
small,native-fused,Native fused AdamW,557,400,3.5625702324552937,65536,6.967948210000031,8.227875374999712
small,native-fused,Native fused AdamW,557,500,3.5295026014770334,65536,8.781918623015372,10.11634950000007
small,native-fused,Native fused AdamW,557,600,3.4886978579974195,65536,10.588091581023036,11.987913666998793
small,native-fused,Native fused AdamW,557,700,3.4024781933502477,65536,12.422601952013792,13.901691957998992
small,native-fused,Native fused AdamW,557,800,3.2864994354686203,65536,14.224963035008841,15.794095707999077
small,native-fused,Native fused AdamW,557,900,3.2068440798819897,65536,16.050545492995298,17.687200416999985
small,native-fused,Native fused AdamW,557,1000,3.0795385661123693,65536,17.8180226540062,19.522675500000332
small,native-fused,Native fused AdamW,557,1100,2.9815683265809,65536,19.571316239987937,21.352436207998835
small,native-fused,Native fused AdamW,557,1200,2.9008842191469286,65536,21.333342280002398,23.180415457998606
small,native-fused,Native fused AdamW,557,1300,2.830105823326992,65536,23.030223155004933,24.943522292000125
small,native-fused,Native fused AdamW,557,1400,2.786626636762847,65536,24.71620003300268,26.694246082999598
small,native-fused,Native fused AdamW,557,1500,2.742370346590778,65536,26.393204197996965,28.4354690830005
small,native-fused,Native fused AdamW,557,1600,2.697601994199139,65536,28.07175549200838,30.178428208000696
small,native-fused,Native fused AdamW,557,1700,2.6728298120238003,65536,29.743458699005714,31.91505658299866
small,native-fused,Native fused AdamW,557,1800,2.6436100295101608,65536,31.413587781007664,33.64957329200115
small,native-fused,Native fused AdamW,557,1900,2.6193075212054127,65536,33.075972241011186,35.375992417000816
small,native-fused,Native fused AdamW,557,2000,2.608239459471064,65536,34.74001315898204,37.105113875000825
small,native-bucket,Cotangent native + bucketed norms,557,100,3.69839342348504,65536,1.363016492996394,2.1264883330004523
small,native-bucket,Cotangent native + bucketed norms,557,200,3.6110142195590043,65536,2.7192871120023483,3.5474788329993316
small,native-bucket,Cotangent native + bucketed norms,557,300,3.587302305051777,65536,4.133979778980574,5.033245250000618
small,native-bucket,Cotangent native + bucketed norms,557,400,3.5582729557027633,65536,5.596878276992356,6.560572165999474
small,native-bucket,Cotangent native + bucketed norms,557,500,3.5321607868266005,65536,6.964679865996004,7.992755166000279
small,native-bucket,Cotangent native + bucketed norms,557,600,3.492526191805626,65536,8.307341445004568,9.400131083002634
small,native-bucket,Cotangent native + bucketed norms,557,700,3.40575494655039,65536,9.655123160006042,10.811888125001133
small,native-bucket,Cotangent native + bucketed norms,557,800,3.299292235966062,65536,10.996486653006286,12.217119875000208
small,native-bucket,Cotangent native + bucketed norms,557,900,3.2081542114695156,65536,12.340164948007441,13.624509249999392
small,native-bucket,Cotangent native + bucketed norms,557,1000,3.1002186844588615,65536,13.693699203031429,15.042192583001452
small,native-bucket,Cotangent native + bucketed norms,557,1100,2.995403712780161,65536,15.04239333203077,16.45569858300223
small,native-bucket,Cotangent native + bucketed norms,557,1200,2.9136241188558567,65536,16.37952100102484,17.85670758299966
small,native-bucket,Cotangent native + bucketed norms,557,1300,2.8410562059324875,65536,17.718280961038545,19.25858687499931
small,native-bucket,Cotangent native + bucketed norms,557,1400,2.795845858128131,65536,19.076571085024625,20.681014375000814
small,native-bucket,Cotangent native + bucketed norms,557,1500,2.7601053319091973,65536,20.414945635049662,22.08337683300124
small,native-bucket,Cotangent native + bucketed norms,557,1600,2.7033408402801173,65536,21.755466222053656,23.488658000002033
small,native-bucket,Cotangent native + bucketed norms,557,1700,2.685667951447576,65536,23.101944764061045,24.899183208002796
small,native-bucket,Cotangent native + bucketed norms,557,1800,2.6538463670215635,65536,24.460035135063663,26.32089954100229
small,native-bucket,Cotangent native + bucketed norms,557,1900,2.6236865112149346,65536,25.822795591069735,27.748525958002574
small,native-bucket,Cotangent native + bucketed norms,557,2000,2.619558433144106,65536,27.186138261069573,29.17641608300255
small,native-fused,Native fused AdamW,619,100,3.69314288989444,65536,1.6698172920223442,2.3906812499990338
small,native-fused,Native fused AdamW,619,200,3.6233961750013663,65536,3.337797334013885,4.123641166999732
small,native-fused,Native fused AdamW,619,300,3.5867753609584487,65536,4.998550659027387,5.848358499999449
small,native-fused,Native fused AdamW,619,400,3.5558508810349996,65536,6.663266324023425,7.5776947919985105
small,native-fused,Native fused AdamW,619,500,3.543755459437891,65536,8.329243033025705,9.308247334000043
small,native-fused,Native fused AdamW,619,600,3.4893982788408895,65536,9.990963370019017,11.034352834001766
small,native-fused,Native fused AdamW,619,700,3.427800574897986,65536,11.66377116401054,12.774308333999215
small,native-fused,Native fused AdamW,619,800,3.3232856000814266,65536,13.33556436901199,14.510604084000079
small,native-fused,Native fused AdamW,619,900,3.19458619917331,65536,15.006743036017724,16.246795209000993
small,native-fused,Native fused AdamW,619,1000,3.052593496006993,65536,16.689325913012,17.995179334000568
small,native-fused,Native fused AdamW,619,1100,2.9569004465088513,65536,18.356234541006415,19.726969250001275
small,native-fused,Native fused AdamW,619,1200,2.9006571483032113,65536,20.029427966004732,21.465258374999394
small,native-fused,Native fused AdamW,619,1300,2.8337849675600326,65536,21.699323260967503,23.199923625001247
small,native-fused,Native fused AdamW,619,1400,2.7739854013509357,65536,23.370417301975976,24.935872999998537
small,native-fused,Native fused AdamW,619,1500,2.733124183068345,65536,25.037919881986454,26.66839383399929
small,native-fused,Native fused AdamW,619,1600,2.6984149938109723,65536,26.704997467986686,28.400503125001705
small,native-fused,Native fused AdamW,619,1700,2.664924914323157,65536,28.37620242795674,30.136419875001593
small,native-fused,Native fused AdamW,619,1800,2.6320238646656304,65536,30.029148926947528,31.85333087500112
small,native-fused,Native fused AdamW,619,1900,2.6100161531180914,65536,31.677470466958766,33.56588916699911
small,native-fused,Native fused AdamW,619,2000,2.595803985177537,65536,33.31744059195262,35.26998824999828
small,native-bucket,Cotangent native + bucketed norms,619,100,3.693198902494043,65536,1.3397227430068597,1.9977965840007528
small,native-bucket,Cotangent native + bucketed norms,619,200,3.623657696119835,65536,2.6812175740160455,3.403314709001279
small,native-bucket,Cotangent native + bucketed norms,619,300,3.5859337316097046,65536,4.018575447003968,4.805011375003232
small,native-bucket,Cotangent native + bucketed norms,619,400,3.55376553764871,65536,5.35720515299181,6.207920959001058
small,native-bucket,Cotangent native + bucketed norms,619,500,3.5392707860894137,65536,6.699763113956578,7.614757042003475
small,native-bucket,Cotangent native + bucketed norms,619,600,3.4869202130713544,65536,8.037982910962455,9.017115875001764
small,native-bucket,Cotangent native + bucketed norms,619,700,3.430594185836192,65536,9.384869197961962,10.428210167003272
small,native-bucket,Cotangent native + bucketed norms,619,800,3.3047251894046497,65536,10.733724162957515,11.841570500000671
small,native-bucket,Cotangent native + bucketed norms,619,900,3.136159661831834,65536,12.074760317955224,13.246392625002045
small,native-bucket,Cotangent native + bucketed norms,619,1000,3.015768500936297,65536,13.436388904956402,14.672634209000535
small,native-bucket,Cotangent native + bucketed norms,619,1100,2.922443416064391,65536,14.804654488954839,16.10534220900081
small,native-bucket,Cotangent native + bucketed norms,619,1200,2.8615993239741946,65536,16.17131157395852,17.537006417001976
small,native-bucket,Cotangent native + bucketed norms,619,1300,2.80836819440926,65536,17.538234155985265,18.968969917001232
small,native-bucket,Cotangent native + bucketed norms,619,1400,2.753419355872086,65536,18.900480449006864,20.39593425000203
small,native-bucket,Cotangent native + bucketed norms,619,1500,2.6992523397168187,65536,20.263282984000398,21.82304062500043
small,native-bucket,Cotangent native + bucketed norms,619,1600,2.678541049514857,65536,21.634059817009984,23.258584500003053
small,native-bucket,Cotangent native + bucketed norms,619,1700,2.63831171161491,65536,23.002897698021116,24.692736959001195
small,native-bucket,Cotangent native + bucketed norms,619,1800,2.604175713660574,65536,24.368449490022613,26.123493042003247
small,native-bucket,Cotangent native + bucketed norms,619,1900,2.5903507109138584,65536,25.739198082043004,27.55880129200159
small,native-bucket,Cotangent native + bucketed norms,619,2000,2.5700919231896906,65536,27.103532631037524,28.987426417003007
small,native-fused,Native fused AdamW,569,100,3.687062572260173,65536,1.6712117939823656,2.3090140000022075
small,native-fused,Native fused AdamW,569,200,3.608650801724101,65536,3.339220789981482,4.04215062500225
small,native-fused,Native fused AdamW,569,300,3.5889287019853238,65536,5.004825954991247,5.77243295900189
small,native-fused,Native fused AdamW,569,400,3.554986431738269,65536,6.67286391098969,7.5045722920003755
small,native-fused,Native fused AdamW,569,500,3.5326699737112266,65536,8.33900437398188,9.234794500000135
small,native-fused,Native fused AdamW,569,600,3.488749839753643,65536,10.003632705964264,10.964515333998861
small,native-fused,Native fused AdamW,569,700,3.4039668429293695,65536,11.670625419981661,12.696143166998809
small,native-fused,Native fused AdamW,569,800,3.2664105397312158,65536,13.340808749959251,14.43127050000112
small,native-fused,Native fused AdamW,569,900,3.175932821124826,65536,15.013695867932256,16.168409542002337
small,native-fused,Native fused AdamW,569,1000,3.080669384288539,65536,16.677607245917898,17.897051667001506
small,native-fused,Native fused AdamW,569,1100,3.0126782521721,65536,18.348600999936025,19.632655917001102
small,native-fused,Native fused AdamW,569,1200,2.9343362044775785,65536,20.007345083929977,21.35550916700231
small,native-fused,Native fused AdamW,569,1300,2.876393938034185,65536,21.651574294915918,23.06431170900032
small,native-fused,Native fused AdamW,569,1400,2.8128855874570635,65536,23.295405336906697,24.77196133400139
small,native-fused,Native fused AdamW,569,1500,2.764142044196755,65536,24.938186087892973,26.479023042000335
small,native-fused,Native fused AdamW,569,1600,2.7232396360692825,65536,26.588696380887995,28.193973500001448
small,native-fused,Native fused AdamW,569,1700,2.699801426576445,65536,28.22905096388422,29.898476667000068
small,native-fused,Native fused AdamW,569,1800,2.667582083900192,65536,29.879252010901837,31.61291058400093
small,native-fused,Native fused AdamW,569,1900,2.6469029705773153,65536,31.52136122091906,33.319252417000826
small,native-fused,Native fused AdamW,569,2000,2.6306598057681434,65536,33.16683447291507,35.02899695900123
small,native-bucket,Cotangent native + bucketed norms,569,100,3.6870035069685176,65536,1.4497171630137018,2.1316588330009836
small,native-bucket,Cotangent native + bucketed norms,569,200,3.6087226904721614,65536,2.875479410027765,3.6231786669995927
small,native-bucket,Cotangent native + bucketed norms,569,300,3.5872257082786487,65536,4.262244161021954,5.0745635830026
small,native-bucket,Cotangent native + bucketed norms,569,400,3.5571672684914506,65536,5.625322535026498,6.502142291999917
small,native-bucket,Cotangent native + bucketed norms,569,500,3.529454704308768,65536,6.988300788027118,7.929160542000318
small,native-bucket,Cotangent native + bucketed norms,569,600,3.4855609159435135,65536,8.338461415049096,9.34333400000105
small,native-bucket,Cotangent native + bucketed norms,569,700,3.3924751556791986,65536,9.701919166054722,10.771358583002439
small,native-bucket,Cotangent native + bucketed norms,569,800,3.2610416498300747,65536,11.063254294069338,12.198082333001366
small,native-bucket,Cotangent native + bucketed norms,569,900,3.159818627180427,65536,12.424688458064338,13.623983125002269
small,native-bucket,Cotangent native + bucketed norms,569,1000,3.0834251052989767,65536,13.786232954069419,15.050130792002165
small,native-bucket,Cotangent native + bucketed norms,569,1100,3.013722380343319,65536,15.154160747071728,16.483536250001634
small,native-bucket,Cotangent native + bucketed norms,569,1200,2.957675642184242,65536,16.522388158078684,17.915695499999856
small,native-bucket,Cotangent native + bucketed norms,569,1300,2.902155111817769,65536,17.88854974507558,19.346638792001613
small,native-bucket,Cotangent native + bucketed norms,569,1400,2.8457158662537596,65536,19.273532378065283,20.79915925000023
small,native-bucket,Cotangent native + bucketed norms,569,1500,2.8069270765352705,65536,20.693271917058155,22.28524566700071
small,native-bucket,Cotangent native + bucketed norms,569,1600,2.7669661283109104,65536,22.063297667064035,23.72041654200075
small,native-bucket,Cotangent native + bucketed norms,569,1700,2.7330642309911455,65536,23.430325001063466,25.15259062500263
small,native-bucket,Cotangent native + bucketed norms,569,1800,2.6998889926180234,65536,24.796391663054237,26.583994083001016
small,native-bucket,Cotangent native + bucketed norms,569,1900,2.6811115828315204,65536,26.160702711062186,28.012939874999574
small,native-bucket,Cotangent native + bucketed norms,569,2000,2.6675312522779464,65536,27.532334292056476,29.4499237500022
small,native-fused,Native fused AdamW,613,100,3.696096412451201,65536,1.6711053350227303,2.330528250000498
small,native-fused,Native fused AdamW,613,200,3.6119044662533644,65536,3.3402790820327937,4.064741875001346
small,native-fused,Native fused AdamW,613,300,3.594738695139181,65536,5.015096210030606,5.804670792000252
small,native-fused,Native fused AdamW,613,400,3.556601370327702,65536,6.696501836038806,7.5518104170005245
small,native-fused,Native fused AdamW,613,500,3.530096511315041,65536,8.436049669035128,9.36046754200288
small,native-fused,Native fused AdamW,613,600,3.5012605887036696,65536,10.250564209021832,11.249728500002675
small,native-fused,Native fused AdamW,613,700,3.439415218994608,65536,11.964857627026504,13.02831883300314
small,native-fused,Native fused AdamW,613,800,3.2679497199629437,65536,13.606596542023908,14.73428283300018
small,native-fused,Native fused AdamW,613,900,3.107533773032829,65536,15.2624553400492,16.454563792001863
small,native-fused,Native fused AdamW,613,1000,3.016649541184378,65536,16.90321921303257,18.15952533300151
small,native-fused,Native fused AdamW,613,1100,2.949854543030231,65536,18.553887844042038,19.875429750001786
small,native-fused,Native fused AdamW,613,1200,2.8907888536646555,65536,20.20755843502775,21.593758167000487
small,native-fused,Native fused AdamW,613,1300,2.829656174686311,65536,21.85310789500363,23.303841042001295
small,native-fused,Native fused AdamW,613,1400,2.783613291115875,65536,23.500244060000114,25.015199333000055
small,native-fused,Native fused AdamW,613,1500,2.740517126038575,65536,25.238456937011506,26.820503708000615
small,native-fused,Native fused AdamW,613,1600,2.702725658337981,65536,26.91072468400671,28.557110000001558
small,native-fused,Native fused AdamW,613,1700,2.6683761600459723,65536,28.54848176901214,30.259135042000707
small,native-fused,Native fused AdamW,613,1800,2.6404926827295374,65536,30.195557887996983,31.970710708003026
small,native-fused,Native fused AdamW,613,1900,2.6235338766122935,65536,31.862310224019893,33.703019500000664
small,native-fused,Native fused AdamW,613,2000,2.6105358954379145,65536,33.527756226023484,35.43355979200351
small,native-bucket,Cotangent native + bucketed norms,613,100,3.696186069156879,65536,1.3729560029896675,2.031464291001612
small,native-bucket,Cotangent native + bucketed norms,613,200,3.6118239031303507,65536,2.7433850030138274,3.466909750000923
small,native-bucket,Cotangent native + bucketed norms,613,300,3.600416014426813,65536,4.11169583899391,4.900523208001687
small,native-bucket,Cotangent native + bucketed norms,613,400,3.5519214106791703,65536,5.482045874992764,6.335644000002503
small,native-bucket,Cotangent native + bucketed norms,613,500,3.532309240101042,65536,6.847152208978514,7.764557250000507
small,native-bucket,Cotangent native + bucketed norms,613,600,3.490781675037683,65536,8.219954924978083,9.202186083002744
small,native-bucket,Cotangent native + bucketed norms,613,700,3.432203395253568,65536,9.591508007008088,10.638353875001485
small,native-bucket,Cotangent native + bucketed norms,613,800,3.2691255975936397,65536,10.955277463024686,12.06663275000028
small,native-bucket,Cotangent native + bucketed norms,613,900,3.107667607781947,65536,12.319266634021915,13.495666250000795
small,native-bucket,Cotangent native + bucketed norms,613,1000,3.017967363621072,65536,13.68676951002999,14.928210833000776
small,native-bucket,Cotangent native + bucketed norms,613,1100,2.9542311790272193,65536,15.055700804045046,16.362417708001885
small,native-bucket,Cotangent native + bucketed norms,613,1200,2.881970464739496,65536,16.423491352088604,17.795771458000672
small,native-bucket,Cotangent native + bucketed norms,613,1300,2.820412182444845,65536,17.791530945080012,19.228712208001525
small,native-bucket,Cotangent native + bucketed norms,613,1400,2.7695832044324633,65536,19.1578337330684,20.659141291002015
small,native-bucket,Cotangent native + bucketed norms,613,1500,2.7318406120514616,65536,20.52988290508074,22.096509708000667
small,native-bucket,Cotangent native + bucketed norms,613,1600,2.688721632400633,65536,21.896914905089943,23.5286909580027
small,native-bucket,Cotangent native + bucketed norms,613,1700,2.6550377123419215,65536,23.26819202808838,24.964846458002285
small,native-bucket,Cotangent native + bucketed norms,613,1800,2.6281252060765947,65536,24.6373020370811,26.398240791000717
small,native-bucket,Cotangent native + bucketed norms,613,1900,2.605467894558916,65536,26.004554040086077,27.83041333300207
small,native-bucket,Cotangent native + bucketed norms,613,2000,2.5946208466542995,65536,27.3752016260878,29.26672262500142
small,incidence-bucket,Deterministic-gradient Cotangent,727,100,3.690870321894854,65536,1.3611896670081478,2.010068457999296
small,incidence-bucket,Deterministic-gradient Cotangent,727,200,3.627663150560598,65536,2.7897206229899894,3.555691207999189
small,incidence-bucket,Deterministic-gradient Cotangent,727,300,3.584316471254485,65536,4.183060827956069,5.014016917000845
small,incidence-bucket,Deterministic-gradient Cotangent,727,400,3.565321116453676,65536,5.541461286975391,6.4365795829980925
small,incidence-bucket,Deterministic-gradient Cotangent,727,500,3.531984612098623,65536,6.88735799400456,7.846243667001545
small,incidence-bucket,Deterministic-gradient Cotangent,727,600,3.492863406788305,65536,8.243572405979648,9.266710708001483
small,incidence-bucket,Deterministic-gradient Cotangent,727,700,3.408152040738116,65536,9.600384320947342,10.687978916997963
small,incidence-bucket,Deterministic-gradient Cotangent,727,800,3.280788515070576,65536,10.955039779939398,12.106362208000064
small,incidence-bucket,Deterministic-gradient Cotangent,727,900,3.149088543601771,65536,12.316822986929765,13.533108125000581
small,incidence-bucket,Deterministic-gradient Cotangent,727,1000,3.018410041589935,65536,13.673845317924133,14.95447704199978
small,incidence-bucket,Deterministic-gradient Cotangent,727,1100,2.9490815938782178,65536,15.029997362922586,16.37526416699984
small,incidence-bucket,Deterministic-gradient Cotangent,727,1200,2.8685480357572457,65536,16.39356132393368,17.803254750000633
small,incidence-bucket,Deterministic-gradient Cotangent,727,1300,2.811103605343522,65536,17.74236519794431,19.216416874998686
small,incidence-bucket,Deterministic-gradient Cotangent,727,1400,2.748941938041692,65536,19.15312644896403,20.694978167000954
small,incidence-bucket,Deterministic-gradient Cotangent,727,1500,2.701756638215068,65536,20.535626614961075,22.141999041999952
small,incidence-bucket,Deterministic-gradient Cotangent,727,1600,2.6644366179561523,65536,21.90758178397664,23.579302207999717
small,incidence-bucket,Deterministic-gradient Cotangent,727,1700,2.622788616667069,65536,23.288422067987995,25.025880417000735
small,incidence-bucket,Deterministic-gradient Cotangent,727,1800,2.6036623776944956,65536,24.670843729978515,26.473645124999166
small,incidence-bucket,Deterministic-gradient Cotangent,727,1900,2.5780390318822053,65536,26.046740229969146,27.914186875001178
small,incidence-bucket,Deterministic-gradient Cotangent,727,2000,2.5615252093762377,65536,27.433099352969293,29.36605100000088
small,incidence-fused,Deterministic-gradient native control,727,100,3.690870321894854,65536,1.7514333750259539,2.5014958339997975
small,incidence-fused,Deterministic-gradient native control,727,200,3.627663150560598,65536,3.439043341044453,4.2540924589993665
small,incidence-fused,Deterministic-gradient native control,727,300,3.584316471254485,65536,5.119137805028004,5.9998180420006975
small,incidence-fused,Deterministic-gradient native control,727,400,3.565321116453676,65536,6.798383021028712,7.743924916998367
small,incidence-fused,Deterministic-gradient native control,727,500,3.531984612098623,65536,8.492071645010583,9.502711166998779
small,incidence-fused,Deterministic-gradient native control,727,600,3.492863406788305,65536,10.17461881601048,11.250143291999848
small,incidence-fused,Deterministic-gradient native control,727,700,3.408152040738116,65536,11.852387104001536,12.994105416997627
small,incidence-fused,Deterministic-gradient native control,727,800,3.280788515070576,65536,13.534229982007673,14.740931000000273
small,incidence-fused,Deterministic-gradient native control,727,900,3.149088543601771,65536,15.219400317015243,16.49180825000076
small,incidence-fused,Deterministic-gradient native control,727,1000,3.018410041589935,65536,16.897096106007666,18.234361333998095
small,incidence-fused,Deterministic-gradient native control,727,1100,2.9490815938782178,65536,18.574139611002465,19.97759862499879
small,incidence-fused,Deterministic-gradient native control,727,1200,2.8685480357572457,65536,20.257010904009803,21.725352792000194
small,incidence-fused,Deterministic-gradient native control,727,1300,2.811103605343522,65536,21.93826311101293,23.471444708997296
small,incidence-fused,Deterministic-gradient native control,727,1400,2.748941938041692,65536,23.617227984028432,25.214692166999157
small,incidence-fused,Deterministic-gradient native control,727,1500,2.701756638215068,65536,25.300899239042337,26.96346604199789
small,incidence-fused,Deterministic-gradient native control,727,1600,2.6644366179561523,65536,26.962704322038917,28.690061417000834
small,incidence-fused,Deterministic-gradient native control,727,1700,2.622788616667069,65536,28.622309528036567,30.414152499997726
small,incidence-fused,Deterministic-gradient native control,727,1800,2.6036623776944956,65536,30.304808193024655,32.16154041700065
small,incidence-fused,Deterministic-gradient native control,727,1900,2.5780390318822053,65536,31.97957497301104,33.90198320899799
small,incidence-fused,Deterministic-gradient native control,727,2000,2.5615252093762377,65536,33.634720469024614,35.62168987499899
small,native-bucket,Cotangent native + bucketed norms,587,100,3.705524469124753,65536,1.3557954949756095,2.013677249997272
small,native-bucket,Cotangent native + bucketed norms,587,200,3.6261180046806682,65536,2.702122612965468,3.424388125000405
small,native-bucket,Cotangent native + bucketed norms,587,300,3.5891314480328598,65536,4.0437302029604325,4.829875625000568
small,native-bucket,Cotangent native + bucketed norms,587,400,3.5570141501876043,65536,5.390814160971786,6.241199666998
small,native-bucket,Cotangent native + bucketed norms,587,500,3.5347355390926674,65536,6.734537036973052,7.648624499997823
small,native-bucket,Cotangent native + bucketed norms,587,600,3.4846606942554033,65536,8.076577451975027,9.05476204200022
small,native-bucket,Cotangent native + bucketed norms,587,700,3.411357539376222,65536,9.444401570981427,10.487396082997293
small,native-bucket,Cotangent native + bucketed norms,587,800,3.231368365189484,65536,10.80454315098541,11.91206450000027
small,native-bucket,Cotangent native + bucketed norms,587,900,3.0996068454295016,65536,12.165331736970984,13.337331041999278
small,native-bucket,Cotangent native + bucketed norms,587,1000,3.0212914389224905,65536,13.529857486988476,14.766355624997232
small,native-bucket,Cotangent native + bucketed norms,587,1100,2.9452471976815686,65536,14.893928656998469,16.195682875000784
small,native-bucket,Cotangent native + bucketed norms,587,1200,2.8617336961690967,65536,16.261026821004634,17.630223957999988
small,native-bucket,Cotangent native + bucketed norms,587,1300,2.8091041834147115,65536,17.633658907008794,19.06783649999852
small,native-bucket,Cotangent native + bucketed norms,587,1400,2.7559467107944666,65536,19.001780069986125,20.50100874999771
small,native-bucket,Cotangent native + bucketed norms,587,1500,2.7047656144278167,65536,20.369855152992386,21.934262457998557
small,native-bucket,Cotangent native + bucketed norms,587,1600,2.666098024108065,65536,21.745893990995683,23.37519224999778
small,native-bucket,Cotangent native + bucketed norms,587,1700,2.627267018023247,65536,23.111335029992915,24.805301707998296
small,native-bucket,Cotangent native + bucketed norms,587,1800,2.5971997211295297,65536,24.480095369999617,26.239282957998512
small,native-bucket,Cotangent native + bucketed norms,587,1900,2.5729832363969596,65536,25.850616162992083,27.675176541997644
small,native-bucket,Cotangent native + bucketed norms,587,2000,2.5517781356342506,65536,27.221747957992193,29.11167849999765
small,native-fused,Native fused AdamW,587,100,3.7055092271623202,65536,1.6721464159818424,2.307976542000688
small,native-fused,Native fused AdamW,587,200,3.6259588024905476,65536,3.3420300359757675,4.043418291999842
small,native-fused,Native fused AdamW,587,300,3.5901552822512772,65536,5.021351283972763,5.78794308400029
small,native-fused,Native fused AdamW,587,400,3.5630267496530936,65536,6.685707946984621,7.517189624999446
small,native-fused,Native fused AdamW,587,500,3.5373391306995012,65536,8.348932071981835,9.244979708997562
small,native-fused,Native fused AdamW,587,600,3.487369506997818,65536,10.0176604949811,10.978295249999064
small,native-fused,Native fused AdamW,587,700,3.4235554303864983,65536,11.683256866981537,12.708331874997384
small,native-fused,Native fused AdamW,587,800,3.239418787085046,65536,13.352529407969996,14.442003416999796
small,native-fused,Native fused AdamW,587,900,3.09867501118038,65536,15.020444745943678,16.17476862499825
small,native-fused,Native fused AdamW,587,1000,3.022226234497882,65536,16.67903299793761,17.897910916999535
small,native-fused,Native fused AdamW,587,1100,2.9442770865437145,65536,18.321155168941914,19.603840125000715
small,native-fused,Native fused AdamW,587,1200,2.8558567426450177,65536,19.95769466495767,21.304976749997877
small,native-fused,Native fused AdamW,587,1300,2.808631827689659,65536,21.605290665942448,23.01622404199952
small,native-fused,Native fused AdamW,587,1400,2.763931763159328,65536,23.245299042941042,24.72052949999852
small,native-fused,Native fused AdamW,587,1500,2.7134924602125965,65536,24.89539642096497,26.43490841699895
small,native-fused,Native fused AdamW,587,1600,2.6705748883693015,65536,26.538326756963215,28.142035917000612
small,native-fused,Native fused AdamW,587,1700,2.642758452039956,65536,28.185914301968296,29.85428166699785
small,native-fused,Native fused AdamW,587,1800,2.60607270917188,65536,29.83422730797247,31.567143959000532
small,native-fused,Native fused AdamW,587,1900,2.582177170938109,65536,31.48494169198966,33.28247149999879
small,native-fused,Native fused AdamW,587,2000,2.56280373377721,65536,33.13291177399515,34.9950037919989
small,native-fused,Native fused AdamW,647,100,3.6691466773164203,65536,1.6666393330087885,2.361175458998332
small,native-fused,Native fused AdamW,647,200,3.61242639060307,65536,3.33078762301011,4.090198166999471
small,native-fused,Native fused AdamW,647,300,3.5935803597388727,65536,4.9988739929722215,5.822790541998984
small,native-fused,Native fused AdamW,647,400,3.5572438975113254,65536,6.66690024395939,7.555712291999953
small,native-fused,Native fused AdamW,647,500,3.5413092534544277,65536,8.333840290972148,9.28757479199703
small,native-fused,Native fused AdamW,647,600,3.522833232514646,65536,10.009240084957128,11.027811166997708
small,native-fused,Native fused AdamW,647,700,3.4275394514893978,65536,11.678165086952504,12.760671999996703
small,native-fused,Native fused AdamW,647,800,3.3050099174320686,65536,13.349287130953599,14.497123458997521
small,native-fused,Native fused AdamW,647,900,3.1165845212682193,65536,15.021855588980543,16.23506058399653
small,native-fused,Native fused AdamW,647,1000,3.0172628635641017,65536,16.68446533597671,17.9629544169984
small,native-fused,Native fused AdamW,647,1100,2.9243048326647996,65536,18.34999171396339,19.69325949999984
small,native-fused,Native fused AdamW,647,1200,2.8665773994246235,65536,20.013296086952323,21.42143320899777
small,native-fused,Native fused AdamW,647,1300,2.8051227796727796,65536,21.681335335961194,23.154761541998596
small,native-fused,Native fused AdamW,647,1400,2.7731314967404863,65536,23.347558537967416,24.8853909999998
small,native-fused,Native fused AdamW,647,1500,2.7115694523253473,65536,25.019315372966958,26.622236666997196
small,native-fused,Native fused AdamW,647,1600,2.6827154392888883,65536,26.688035366973054,28.355273166998813
small,native-fused,Native fused AdamW,647,1700,2.642284070144298,65536,28.35609470198324,30.08809591699901
small,native-fused,Native fused AdamW,647,1800,2.623241479233538,65536,30.022287077965302,31.819125333997363
small,native-fused,Native fused AdamW,647,1900,2.6024130688463387,65536,31.698860451990186,33.56148270899939
small,native-fused,Native fused AdamW,647,2000,2.579852728671457,65536,33.36880269997346,35.29692520899698
small,native-bucket,Cotangent native + bucketed norms,647,100,3.6690767341220973,65536,1.3448088319964882,2.002850249999028
small,native-bucket,Cotangent native + bucketed norms,647,200,3.612398905625679,65536,2.688863424009469,3.4117572079994716
small,native-bucket,Cotangent native + bucketed norms,647,300,3.5933424109924883,65536,4.031405255005666,4.818376791001356
small,native-bucket,Cotangent native + bucketed norms,647,400,3.561714865992312,65536,5.372659211006976,6.2236537909993785
small,native-bucket,Cotangent native + bucketed norms,647,500,3.5428060614605497,65536,6.741485417009244,7.659975250000571
small,native-bucket,Cotangent native + bucketed norms,647,600,3.5200189406626743,65536,8.135533625023527,9.118433457999345
small,native-bucket,Cotangent native + bucketed norms,647,700,3.4157286074348887,65536,9.482288201033953,10.529273957999976
small,native-bucket,Cotangent native + bucketed norms,647,800,3.285442419347502,65536,10.822690742057603,11.933453624998947
small,native-bucket,Cotangent native + bucketed norms,647,900,3.107985388725079,65536,12.164320783034782,13.339424750000035
small,native-bucket,Cotangent native + bucketed norms,647,1000,3.0180999891171765,65536,13.509330270037026,14.748915041000146
small,native-bucket,Cotangent native + bucketed norms,647,1100,2.9159166959619784,65536,14.85104301703177,16.154570040998806
small,native-bucket,Cotangent native + bucketed norms,647,1200,2.8604545107098107,65536,16.19701655503377,17.56451300000117
small,native-bucket,Cotangent native + bucketed norms,647,1300,2.799831754916817,65536,17.540027633043792,18.97268391599937
small,native-bucket,Cotangent native + bucketed norms,647,1400,2.77524944158803,65536,18.88333083904581,20.380268290999084
small,native-bucket,Cotangent native + bucketed norms,647,1500,2.7080317047036053,65536,20.22567617205641,21.787419915999635
small,native-bucket,Cotangent native + bucketed norms,647,1600,2.679435042206331,65536,21.621538590075943,23.247916749998694
small,native-bucket,Cotangent native + bucketed norms,647,1700,2.6418678237590894,65536,23.001865797068604,24.693472250000923
small,native-bucket,Cotangent native + bucketed norms,647,1800,2.6227374733262687,65536,24.370608670058573,26.126876833001006
small,native-bucket,Cotangent native + bucketed norms,647,1900,2.6039907570684866,65536,25.742421332073718,27.567388250001386
small,native-bucket,Cotangent native + bucketed norms,647,2000,2.5814362159336137,65536,27.113473835066543,29.00381720799851
medium,native-fused,Native fused AdamW,751,100,3.667125902666614,65536,5.626276245999179,6.688800874999288
medium,native-fused,Native fused AdamW,751,200,3.6198922327194345,65536,11.25391915698492,12.499667624997528
medium,native-fused,Native fused AdamW,751,300,3.6127477294372916,65536,16.887686865000433,18.31774562499777
medium,native-fused,Native fused AdamW,751,400,3.5296473141288187,65536,22.516945826020674,24.13080666699898
medium,native-fused,Native fused AdamW,751,500,3.281411672708146,65536,28.13989849201971,29.93922266699883
medium,native-fused,Native fused AdamW,751,600,3.166075603243877,65536,33.75233937102894,35.73451820899936
medium,native-fused,Native fused AdamW,751,700,3.095317565870236,65536,39.36010833304681,41.525330000000395
medium,native-fused,Native fused AdamW,751,800,3.037083272885678,65536,44.97613791407639,47.3241010419988
medium,native-fused,Native fused AdamW,751,900,2.9332420078571264,65536,50.60090045407196,53.13274908399762
medium,native-fused,Native fused AdamW,751,1000,2.8576253208607074,65536,56.23003049908584,58.94516574999943
medium,native-fused,Native fused AdamW,751,1100,2.7628623696618053,65536,61.86506149709385,64.7639695839971
medium,native-fused,Native fused AdamW,751,1200,2.6979331521678334,65536,67.50193796109306,70.58492812499753
medium,native-fused,Native fused AdamW,751,1300,2.6480757041501755,65536,73.13054638007452,76.39771662499697
medium,native-fused,Native fused AdamW,751,1400,2.6173076531966015,65536,78.76370208106891,82.21532404199752
medium,native-fused,Native fused AdamW,751,1500,2.594584445451353,65536,84.39817362107715,88.03337112499867
medium,native-bucket,Cotangent native + bucketed norms,751,100,3.6672764197328656,65536,4.05047100399679,5.239290792000247
medium,native-bucket,Cotangent native + bucketed norms,751,200,3.625230509708722,65536,8.115170506007416,9.487410749999981
medium,native-bucket,Cotangent native + bucketed norms,751,300,3.6228890089128876,65536,12.174223669004277,13.73418225000205
medium,native-bucket,Cotangent native + bucketed norms,751,400,3.5579105237639013,65536,16.24215709199052,17.985164958001405
medium,native-bucket,Cotangent native + bucketed norms,751,500,3.405067209427421,65536,20.28595467299965,22.212344999999914
medium,native-bucket,Cotangent native + bucketed norms,751,600,3.1948734531959135,65536,24.340575008991436,26.449597417002224
medium,native-bucket,Cotangent native + bucketed norms,751,700,3.1168306284416043,65536,28.451278137010377,30.743382292002934
medium,native-bucket,Cotangent native + bucketed norms,751,800,3.0706988943341655,65536,32.511694469041686,34.98635470800218
medium,native-bucket,Cotangent native + bucketed norms,751,900,3.0033021235101924,65536,36.56646154805276,39.2242175829997
medium,native-bucket,Cotangent native + bucketed norms,751,1000,2.985953287613081,65536,40.6326963420579,43.47334562499964
medium,native-bucket,Cotangent native + bucketed norms,751,1100,2.9187184008336904,65536,44.68691792606114,47.7130137919994
medium,native-bucket,Cotangent native + bucketed norms,751,1200,2.8577015844174496,65536,48.74514792103946,51.953957208002976
medium,native-bucket,Cotangent native + bucketed norms,751,1300,2.8053808933849775,65536,52.773436298044544,56.16587758300011
medium,native-bucket,Cotangent native + bucketed norms,751,1400,2.7673380730401482,65536,56.82709608803998,60.40352395800073
medium,native-bucket,Cotangent native + bucketed norms,751,1500,2.7393267212483385,65536,60.88042921404485,64.64443591700183
small,native-fused,Native fused AdamW,593,100,3.694140281780287,65536,1.68483712600937,2.4635342090004997
small,native-fused,Native fused AdamW,593,200,3.609415823550801,65536,3.3489168789965333,4.193328375000419
small,native-fused,Native fused AdamW,593,300,3.589602336530922,65536,5.0174736339868105,5.9261240839987295
small,native-fused,Native fused AdamW,593,400,3.5694409178594317,65536,6.685815672997705,7.65944112500074
small,native-fused,Native fused AdamW,593,500,3.5334267188728545,65536,8.353909671994188,9.392792958999053
small,native-fused,Native fused AdamW,593,600,3.4736723787264765,65536,10.02493375598715,11.128435041999182
small,native-fused,Native fused AdamW,593,700,3.3428159821601544,65536,11.689952838009049,12.857956916999683
small,native-fused,Native fused AdamW,593,800,3.112577572728177,65536,13.353602795003098,14.585954166999727
small,native-fused,Native fused AdamW,593,900,3.012122135521619,65536,15.01878521200706,16.316968249997444
small,native-fused,Native fused AdamW,593,1000,2.9179279793192405,65536,16.683076837012777,18.04579187499985
small,native-fused,Native fused AdamW,593,1100,2.841727266112781,65536,18.34040925201407,19.769052625000768
small,native-fused,Native fused AdamW,593,1200,2.7808314179935905,65536,20.00422137698115,21.497784374998446
small,native-fused,Native fused AdamW,593,1300,2.7043022824174767,65536,21.666964176969486,23.22506404199885
small,native-fused,Native fused AdamW,593,1400,2.6503669752630423,65536,23.336306888966647,24.95877154199843
small,native-fused,Native fused AdamW,593,1500,2.5949005818103856,65536,25.000496723969263,26.688550250000844
small,native-fused,Native fused AdamW,593,1600,2.564704297928521,65536,26.66719655194538,28.420418708999932
small,native-fused,Native fused AdamW,593,1700,2.5326839553026894,65536,28.3442073799597,30.162333249998483
small,native-fused,Native fused AdamW,593,1800,2.519830176206601,65536,30.010241836967907,31.893974041999172
small,native-fused,Native fused AdamW,593,1900,2.490021374611588,65536,31.677543917990988,33.626519416997326
small,native-fused,Native fused AdamW,593,2000,2.471168077480392,65536,33.345543544990505,35.35949887499737
small,native-bucket,Cotangent native + bucketed norms,593,100,3.694171421389009,65536,1.369324792030966,2.0157720419992984
small,native-bucket,Cotangent native + bucketed norms,593,200,3.6107420355161826,65536,2.7109666310025204,3.421645874997921
small,native-bucket,Cotangent native + bucketed norms,593,300,3.5935552932675097,65536,4.048984096029017,4.823526416999812
small,native-bucket,Cotangent native + bucketed norms,593,400,3.5724065974398256,65536,5.401101761039172,6.240556333999848
small,native-bucket,Cotangent native + bucketed norms,593,500,3.5362991946053963,65536,6.750938343040616,7.6544728339977155
small,native-bucket,Cotangent native + bucketed norms,593,600,3.470879004264416,65536,8.099231674015755,9.06706879199919
small,native-bucket,Cotangent native + bucketed norms,593,700,3.374784386025425,65536,9.452669673006312,10.484942667000723
small,native-bucket,Cotangent native + bucketed norms,593,800,3.1215167902144825,65536,10.815198173000681,11.911222833998181
small,native-bucket,Cotangent native + bucketed norms,593,900,3.0311719174569687,65536,12.178396752999106,13.339081209000142
small,native-bucket,Cotangent native + bucketed norms,593,1000,2.9304005212484867,65536,13.545057210012601,14.770669208999607
small,native-bucket,Cotangent native + bucketed norms,593,1100,2.856223549392561,65536,14.90906200002064,16.19960283399996
small,native-bucket,Cotangent native + bucketed norms,593,1200,2.804842415705126,65536,16.27411529402889,17.629699999997683
small,native-bucket,Cotangent native + bucketed norms,593,1300,2.73542112960869,65536,17.645464963028644,19.065617084001133
small,native-bucket,Cotangent native + bucketed norms,593,1400,2.6712257728348656,65536,19.00923287901969,20.49375579199841
small,native-bucket,Cotangent native + bucketed norms,593,1500,2.6193463677866764,65536,20.376468331993237,21.9258367500006
small,native-bucket,Cotangent native + bucketed norms,593,1600,2.5895998669069384,65536,21.740969796981517,23.355693458997848
small,native-bucket,Cotangent native + bucketed norms,593,1700,2.5558274993955625,65536,23.103796875973785,24.783429749997595
small,native-bucket,Cotangent native + bucketed norms,593,1800,2.5413097989012923,65536,24.470956207958807,26.215804874998867
small,native-bucket,Cotangent native + bucketed norms,593,1900,2.5114246585071274,65536,25.838100005948945,27.64757912499772
small,native-bucket,Cotangent native + bucketed norms,593,2000,2.4927159934108487,65536,27.20202646494363,29.07555449999927
small,native-bucket,Cotangent native + bucketed norms,547,100,3.671125208727609,65536,1.3726465419895248,2.02607829200133
small,native-bucket,Cotangent native + bucketed norms,547,200,3.632832314859509,65536,2.741659001003427,3.4594601669996337
small,native-bucket,Cotangent native + bucketed norms,547,300,3.5806049244151303,65536,4.105484331012121,4.888268333001179
small,native-bucket,Cotangent native + bucketed norms,547,400,3.570081413497992,65536,5.6453853320053895,6.504931833002047
small,native-bucket,Cotangent native + bucketed norms,547,500,3.5310553038446857,65536,7.136443869974755,8.061869417000707
small,native-bucket,Cotangent native + bucketed norms,547,600,3.501558365914723,65536,8.589657408974745,9.590584166999179
small,native-bucket,Cotangent native + bucketed norms,547,700,3.452267041788043,65536,10.12508469398017,11.194895042001008
small,native-bucket,Cotangent native + bucketed norms,547,800,3.3435680945391244,65536,11.603136403962708,12.740086083002097
small,native-bucket,Cotangent native + bucketed norms,547,900,3.1908424270847497,65536,13.191264152941585,14.403105249999498
small,native-bucket,Cotangent native + bucketed norms,547,1000,3.070150151439841,65536,14.6697189919214,15.947160833002272
small,native-bucket,Cotangent native + bucketed norms,547,1100,2.991122554026691,65536,16.0609838639175,17.406711416999315
small,native-bucket,Cotangent native + bucketed norms,547,1200,2.920237620329003,65536,17.5133200349228,18.925982542001293
small,native-bucket,Cotangent native + bucketed norms,547,1300,2.857361838065128,65536,18.98532953391623,20.466363167000964
small,native-bucket,Cotangent native + bucketed norms,547,1400,2.8230120871736006,65536,20.453269570934935,22.00400858300054
small,native-bucket,Cotangent native + bucketed norms,547,1500,2.7766894308258734,65536,21.965541532939824,23.60158204199979
small,native-bucket,Cotangent native + bucketed norms,547,1600,2.7400996220302316,65536,23.51771711395122,25.227851083000132
small,native-bucket,Cotangent native + bucketed norms,547,1700,2.709762118894177,65536,25.002324699951714,26.785424458001216
small,native-bucket,Cotangent native + bucketed norms,547,1800,2.6879957581248353,65536,26.502739699953963,28.35316066700034
small,native-bucket,Cotangent native + bucketed norms,547,1900,2.6633324678397816,65536,27.90967265695872,29.82537329200204
small,native-bucket,Cotangent native + bucketed norms,547,2000,2.652421990583744,65536,29.27625686896863,31.256266458000027
small,native-fused,Native fused AdamW,547,100,3.6711756318910584,65536,1.7487178720002703,2.529019999998127
small,native-fused,Native fused AdamW,547,200,3.632764747175551,65536,3.4202967950041057,4.265438457998243
small,native-fused,Native fused AdamW,547,300,3.582198547904772,65536,5.062905040023907,5.974425042000803
small,native-fused,Native fused AdamW,547,400,3.5822539370672657,65536,6.719637580023118,7.696107332998508
small,native-fused,Native fused AdamW,547,500,3.534087852429518,65536,8.419681831019261,9.462430625000707
small,native-fused,Native fused AdamW,547,600,3.50854818155133,65536,10.116684206983336,11.224300707999646
small,native-fused,Native fused AdamW,547,700,3.448928149106361,65536,11.808377628993185,12.981248957999924
small,native-fused,Native fused AdamW,547,800,3.358163122732789,65536,13.53011392398912,14.772701417001372
small,native-fused,Native fused AdamW,547,900,3.2377035718612444,65536,15.231890132025,16.538679875000525
small,native-fused,Native fused AdamW,547,1000,3.082986452799035,65536,16.936735627998132,18.308653416999732
small,native-fused,Native fused AdamW,547,1100,3.002385047522298,65536,18.62548400400192,20.072629833000974
small,native-fused,Native fused AdamW,547,1200,2.918889829915396,65536,20.353819880012452,21.873267041999497
small,native-fused,Native fused AdamW,547,1300,2.8568233872575655,65536,22.119423133000964,23.712863249998918
small,native-fused,Native fused AdamW,547,1400,2.8210070596852637,65536,23.86937609101369,25.532123083001352
small,native-fused,Native fused AdamW,547,1500,2.775271718715775,65536,25.603540175012313,27.332727666998835
small,native-fused,Native fused AdamW,547,1600,2.735197708021846,65536,27.315240095034824,29.11050249999971
small,native-fused,Native fused AdamW,547,1700,2.7011288370459248,65536,29.004015387017716,30.86607725000067
small,native-fused,Native fused AdamW,547,1800,2.6762376966207673,65536,30.75388155301698,32.68159454199849
small,native-fused,Native fused AdamW,547,1900,2.6507768045455906,65536,32.498424262004846,34.52250620799896
small,native-fused,Native fused AdamW,547,2000,2.638544533128515,65536,34.20491046999814,36.294240916999115
small,native-fused,Native fused AdamW,577,100,3.6957173519397837,65536,1.7996292570060177,2.454815832999884
small,native-fused,Native fused AdamW,577,200,3.6180896718068256,65536,3.5246628369786777,4.2460424169985345
small,native-fused,Native fused AdamW,577,300,3.590665318300242,65536,5.215471798979706,6.009955000001355
small,native-fused,Native fused AdamW,577,400,3.560071700750306,65536,6.915298924988747,7.775110541999311
small,native-fused,Native fused AdamW,577,500,3.5375764022641976,65536,8.692368175983574,9.618331875000877
small,native-fused,Native fused AdamW,577,600,3.49592124757173,65536,10.384647635968577,11.375535499999387
small,native-fused,Native fused AdamW,577,700,3.3967778498852312,65536,12.080185717964923,13.13773220800067
small,native-fused,Native fused AdamW,577,800,3.2834185490099794,65536,13.776661334963137,14.90008787500119
small,native-fused,Native fused AdamW,577,900,3.206281610622343,65536,15.522952701958275,16.71342200000072
small,native-fused,Native fused AdamW,577,1000,3.1135010980654787,65536,17.291976864966273,18.557578957999795
small,native-fused,Native fused AdamW,577,1100,3.038528894555337,65536,19.047814328951063,20.38289133299986
small,native-fused,Native fused AdamW,577,1200,2.973474285585512,65536,20.77670316694639,22.17781379200096
small,native-fused,Native fused AdamW,577,1300,2.940369785826473,65536,22.44715683895629,23.913461167001515
small,native-fused,Native fused AdamW,577,1400,2.8854937120739876,65536,24.098549421960342,25.62936316700143
small,native-fused,Native fused AdamW,577,1500,2.825937786162127,65536,25.771661459977622,27.36707616700005
small,native-fused,Native fused AdamW,577,1600,2.786949921150806,65536,27.436024671962514,29.098936041998968
small,native-fused,Native fused AdamW,577,1700,2.7540034519500787,65536,29.179821923960844,30.912992792000296
small,native-fused,Native fused AdamW,577,1800,2.7370547390646576,65536,30.970231257953856,32.76871470799961
small,native-fused,Native fused AdamW,577,1900,2.7037523141467643,65536,32.67739250895829,34.54502383300132
small,native-fused,Native fused AdamW,577,2000,2.68885129119601,65536,34.41712054994423,36.354147958001704
small,native-bucket,Cotangent native + bucketed norms,577,100,3.6958419641192495,65536,1.4325566699990304,2.1929462080006488
small,native-bucket,Cotangent native + bucketed norms,577,200,3.618296287464006,65536,2.8191372499677527,3.645834333001403
small,native-bucket,Cotangent native + bucketed norms,577,300,3.586852054471818,65536,4.242665828980535,5.149616624999908
small,native-bucket,Cotangent native + bucketed norms,577,400,3.5600623491936654,65536,5.749041412971565,6.7288182500014955
small,native-bucket,Cotangent native + bucketed norms,577,500,3.5390554960572804,65536,7.176602955987619,8.221480374999373
small,native-bucket,Cotangent native + bucketed norms,577,600,3.4987994954719914,65536,8.616372952976235,9.729821958000684
small,native-bucket,Cotangent native + bucketed norms,577,700,3.392115733436727,65536,10.070851867985766,11.254834540999582
small,native-bucket,Cotangent native + bucketed norms,577,800,3.289100479582438,65536,11.52380449098564,12.781739416001074
small,native-bucket,Cotangent native + bucketed norms,577,900,3.203802308727505,65536,12.923608235989377,14.255969000001642
small,native-bucket,Cotangent native + bucketed norms,577,1000,3.1332474043623644,65536,14.486913976990763,15.891419415998826
small,native-bucket,Cotangent native + bucketed norms,577,1100,3.0441779656925645,65536,15.891861806005181,17.361539749999793
small,native-bucket,Cotangent native + bucketed norms,577,1200,2.9875058556192875,65536,17.262638217005588,18.797535249999783
small,native-bucket,Cotangent native + bucketed norms,577,1300,2.9415982041570077,65536,18.637577455032442,20.237875124999846
small,native-bucket,Cotangent native + bucketed norms,577,1400,2.8878835292457987,65536,20.00856783601921,21.67354124999838
small,native-bucket,Cotangent native + bucketed norms,577,1500,2.8383253364151,65536,21.38024837404373,23.110294416001125
small,native-bucket,Cotangent native + bucketed norms,577,1600,2.79534538861412,65536,22.754687498039857,24.550911124999402
small,native-bucket,Cotangent native + bucketed norms,577,1700,2.7617848661074027,65536,24.124881493040448,25.986758708000707
small,native-bucket,Cotangent native + bucketed norms,577,1800,2.7409018297307233,65536,25.50536711803943,27.432616207999672
small,native-bucket,Cotangent native + bucketed norms,577,1900,2.716995741436214,65536,26.88086890703562,28.873207249998813
small,native-bucket,Cotangent native + bucketed norms,577,2000,2.698203825988002,65536,28.250559199033887,30.307829916000628
small,incidence-bucket,Deterministic-gradient Cotangent,709,100,3.7080198621463625,65536,1.3837478759960504,2.0447562909976114
small,incidence-bucket,Deterministic-gradient Cotangent,709,200,3.625271645809025,65536,2.75539437399857,3.480838332998246
small,incidence-bucket,Deterministic-gradient Cotangent,709,300,3.5914601683679517,65536,4.108857253973838,4.898175665999588
small,incidence-bucket,Deterministic-gradient Cotangent,709,400,3.5528415931036963,65536,5.467716868970456,6.321392124998965
small,incidence-bucket,Deterministic-gradient Cotangent,709,500,3.5336298841281018,65536,6.831062245993962,7.749104165999597
small,incidence-bucket,Deterministic-gradient Cotangent,709,600,3.4870051725008806,65536,8.191688696999336,9.17374741599997
small,incidence-bucket,Deterministic-gradient Cotangent,709,700,3.4086745455292684,65536,9.552235359977203,10.598727249998774
small,incidence-bucket,Deterministic-gradient Cotangent,709,800,3.2692054190414717,65536,10.905677399965498,12.01667195799746
small,incidence-bucket,Deterministic-gradient Cotangent,709,900,3.097612975315639,65536,12.257720359953964,13.434357832997193
small,incidence-bucket,Deterministic-gradient Cotangent,709,1000,2.9840214763638913,65536,13.61676382195219,14.858012000000599
small,incidence-bucket,Deterministic-gradient Cotangent,709,1100,2.897377535891499,65536,14.970677987941599,16.276687707999372
small,incidence-bucket,Deterministic-gradient Cotangent,709,1200,2.8159372637373465,65536,16.327910900949064,17.698762290998275
small,incidence-bucket,Deterministic-gradient Cotangent,709,1300,2.7506537189869347,65536,17.686058277951815,19.121520332999353
small,incidence-bucket,Deterministic-gradient Cotangent,709,1400,2.6893923486156246,65536,19.055925450946233,20.556342290998145
small,incidence-bucket,Deterministic-gradient Cotangent,709,1500,2.650534706717754,65536,20.437519115930627,22.005058915998234
small,incidence-bucket,Deterministic-gradient Cotangent,709,1600,2.602038608870832,65536,21.807370985930902,23.440027332999307
small,incidence-bucket,Deterministic-gradient Cotangent,709,1700,2.5753988832131474,65536,23.180139232943475,24.87690404100067
small,incidence-bucket,Deterministic-gradient Cotangent,709,1800,2.54908747243596,65536,24.56269618994702,26.324468915998295
small,incidence-bucket,Deterministic-gradient Cotangent,709,1900,2.52917826632196,65536,25.944258980940504,27.770252624999557
small,incidence-bucket,Deterministic-gradient Cotangent,709,2000,2.5158971855808874,65536,27.326168941941432,29.21724704100052
small,incidence-fused,Deterministic-gradient native control,709,100,3.7080198621463625,65536,1.6847086250054417,2.3238337920010963
small,incidence-fused,Deterministic-gradient native control,709,200,3.625271645809025,65536,3.3609545020117366,4.065391000000091
small,incidence-fused,Deterministic-gradient native control,709,300,3.5914601683679517,65536,5.039297171992075,5.8091612919997715
small,incidence-fused,Deterministic-gradient native control,709,400,3.5528415931036963,65536,6.7189657549861295,7.55392241699883
small,incidence-fused,Deterministic-gradient native control,709,500,3.5336298841281018,65536,8.418050498989032,9.367300917001558
small,incidence-fused,Deterministic-gradient native control,709,600,3.4870051725008806,65536,10.251819784010877,11.266097250001621
small,incidence-fused,Deterministic-gradient native control,709,700,3.4086745455292684,65536,11.922313363014837,13.001586541999131
small,incidence-fused,Deterministic-gradient native control,709,800,3.2692054190414717,65536,13.600564441010647,14.745043833998352
small,incidence-fused,Deterministic-gradient native control,709,900,3.097612975315639,65536,15.273518774029071,16.482460750001337
small,incidence-fused,Deterministic-gradient native control,709,1000,2.9840214763638913,65536,16.95253777004109,18.22690729199894
small,incidence-fused,Deterministic-gradient native control,709,1100,2.897377535891499,65536,18.638535805032006,19.977964249999786
small,incidence-fused,Deterministic-gradient native control,709,1200,2.8159372637373465,65536,20.320258892024867,21.724822125001083
small,incidence-fused,Deterministic-gradient native control,709,1300,2.7506537189869347,65536,22.001299480019952,23.471079250000912
small,incidence-fused,Deterministic-gradient native control,709,1400,2.6893923486156246,65536,23.682881683009327,25.218798166999477
small,incidence-fused,Deterministic-gradient native control,709,1500,2.650534706717754,65536,25.356171012008417,26.956896499999857
small,incidence-fused,Deterministic-gradient native control,709,1600,2.602038608870832,65536,27.031089634005184,28.696074999999837
small,incidence-fused,Deterministic-gradient native control,709,1700,2.5753988832131474,65536,28.702337799993984,30.43175487500048
small,incidence-fused,Deterministic-gradient native control,709,1800,2.54908747243596,65536,30.354226425002707,32.14791429199977
small,incidence-fused,Deterministic-gradient native control,709,1900,2.52917826632196,65536,32.00823363102245,33.866786709000735
small,incidence-fused,Deterministic-gradient native control,709,2000,2.5158971855808874,65536,33.65831321202131,35.58082062500034
small,native-fused,Native fused AdamW,659,100,3.695128762815037,65536,1.6438774589914829,2.2736199160026445
small,native-fused,Native fused AdamW,659,200,3.6011064172808704,65536,3.292601837965776,3.986375083000894
small,native-fused,Native fused AdamW,659,300,3.5842520959984836,65536,4.938243040956877,5.695433291002701
small,native-fused,Native fused AdamW,659,400,3.559745428163788,65536,6.603074625956651,7.424881165999977
small,native-fused,Native fused AdamW,659,500,3.5248740968878565,65536,8.272359079986927,9.158592791001865
small,native-fused,Native fused AdamW,659,600,3.489811725133564,65536,9.941145874996437,10.892202791001182
small,native-fused,Native fused AdamW,659,700,3.438495004323335,65536,11.609117582989711,12.624579875002382
small,native-fused,Native fused AdamW,659,800,3.3166913445418036,65536,13.275475959999312,14.35554545800187
small,native-fused,Native fused AdamW,659,900,3.1989377042054405,65536,14.947451378964615,16.092249416000413
small,native-fused,Native fused AdamW,659,1000,3.0618614153347607,65536,16.614127463933983,17.823523333001503
small,native-fused,Native fused AdamW,659,1100,2.9684803984801196,65536,18.284820292934455,19.559216125002422
small,native-fused,Native fused AdamW,659,1200,2.903444272270805,65536,19.951089089943707,21.29011120799987
small,native-fused,Native fused AdamW,659,1300,2.8351254379620623,65536,21.621623749946593,23.026315999999497
small,native-fused,Native fused AdamW,659,1400,2.778720078354731,65536,23.28981536997162,24.75940454100055
small,native-fused,Native fused AdamW,659,1500,2.740132185870281,65536,24.957981999981712,26.49158383300164
small,native-fused,Native fused AdamW,659,1600,2.7071339875128486,65536,26.627726121023443,28.225971166000818
small,native-fused,Native fused AdamW,659,1700,2.6632262793017896,65536,28.29419666303511,29.95859979099987
small,native-fused,Native fused AdamW,659,1800,2.6394459210739765,65536,29.97864583001501,31.707925458002137
small,native-fused,Native fused AdamW,659,1900,2.6162263337771328,65536,31.65355278403149,33.44751120799992
small,native-fused,Native fused AdamW,659,2000,2.601577759860014,65536,33.326157290051924,35.185934290999285
small,native-bucket,Cotangent native + bucketed norms,659,100,3.695503942967894,65536,1.3824024120003742,2.046656709000672
small,native-bucket,Cotangent native + bucketed norms,659,200,3.6014189742509823,65536,2.754969997018634,3.483593334000034
small,native-bucket,Cotangent native + bucketed norms,659,300,3.5847847155192905,65536,4.122829289033689,4.916281166999397
small,native-bucket,Cotangent native + bucketed norms,659,400,3.560756234696403,65536,5.487971947040933,6.346021917001053
small,native-bucket,Cotangent native + bucketed norms,659,500,3.5264749114020875,65536,6.853512109039002,7.776722292001068
small,native-bucket,Cotangent native + bucketed norms,659,600,3.5028810737335934,65536,8.216120069035242,9.204122374998406
small,native-bucket,Cotangent native + bucketed norms,659,700,3.442564253578653,65536,9.58087961304409,10.633871875001205
small,native-bucket,Cotangent native + bucketed norms,659,800,3.2326942976830573,65536,10.945022153038735,12.062410458998784
small,native-bucket,Cotangent native + bucketed norms,659,900,3.0939017616926705,65536,12.316246991031221,13.498980333999498
small,native-bucket,Cotangent native + bucketed norms,659,1000,2.980289431342337,65536,13.665678821016627,14.912162374999753
small,native-bucket,Cotangent native + bucketed norms,659,1100,2.9050258838471756,65536,15.004189655021037,16.314319500001147
small,native-bucket,Cotangent native + bucketed norms,659,1200,2.8416571724336386,65536,16.351235030022508,17.725614250000945
small,native-bucket,Cotangent native + bucketed norms,659,1300,2.766171729697659,65536,17.693608946054155,19.13194066700089
small,native-bucket,Cotangent native + bucketed norms,659,1400,2.712108902782068,65536,19.035395654067543,20.538311749998684
small,native-bucket,Cotangent native + bucketed norms,659,1500,2.6672847097734764,65536,20.403642074070376,21.97102399999858
small,native-bucket,Cotangent native + bucketed norms,659,1600,2.6257477770301034,65536,21.75142707609848,23.383029917000385
small,native-bucket,Cotangent native + bucketed norms,659,1700,2.588796509072469,65536,23.099875700107077,24.79573370900107
small,native-bucket,Cotangent native + bucketed norms,659,1800,2.563921647880107,65536,24.448158949104254,26.207795916998293
small,native-bucket,Cotangent native + bucketed norms,659,1900,2.5393484711296477,65536,25.788306702092086,27.61174533400117
small,native-bucket,Cotangent native + bucketed norms,659,2000,2.5238857582156333,65536,27.1382208200921,29.02542404199994
medium,native-fused,Native fused AdamW,761,100,3.7032379920282787,65536,5.645157538008789,6.686061166998115
medium,native-fused,Native fused AdamW,761,200,3.630646802328007,65536,11.285486958000547,12.514370417000464
medium,native-fused,Native fused AdamW,761,300,3.601690276882718,65536,16.92481408402091,18.337532874997123
medium,native-fused,Native fused AdamW,761,400,3.555261184771938,65536,22.55248721002863,24.149517124998965
medium,native-fused,Native fused AdamW,761,500,3.355915685698061,65536,28.192529916013882,29.973625374997937
medium,native-fused,Native fused AdamW,761,600,3.1544589383511075,65536,33.81619820601918,35.7807197919974
medium,native-fused,Native fused AdamW,761,700,3.0973761122097385,65536,39.456344624009944,41.605360292000114
medium,native-fused,Native fused AdamW,761,800,3.044039713139102,65536,45.06565166600558,47.39758195799732
medium,native-fused,Native fused AdamW,761,900,3.0200945525361,65536,50.67920400000003,53.19509858299716
medium,native-fused,Native fused AdamW,761,1000,2.983631462707397,65536,56.29773766998551,58.99775637499988
medium,native-fused,Native fused AdamW,761,1100,2.9517847365676118,65536,61.9233844619921,64.80799770799786
medium,native-fused,Native fused AdamW,761,1200,2.9147881296836435,65536,67.5579384599987,70.63023099999918
medium,native-fused,Native fused AdamW,761,1300,2.8759281552710703,65536,73.19019824400311,76.44633858299858
medium,native-fused,Native fused AdamW,761,1400,2.847145203316165,65536,78.82844691397986,82.2694890419989
medium,native-fused,Native fused AdamW,761,1500,2.8267615723108444,65536,84.46282533397607,88.0878457079998
medium,native-bucket,Cotangent native + bucketed norms,761,100,3.7087036866640246,65536,4.058906164980726,5.15950283300117
medium,native-bucket,Cotangent native + bucketed norms,761,200,3.6376062952734842,65536,8.101026079973963,9.384353125002235
medium,native-bucket,Cotangent native + bucketed norms,761,300,3.5959147877481903,65536,12.14484832297967,13.611526000000595
medium,native-bucket,Cotangent native + bucketed norms,761,400,3.563467336957857,65536,16.2159387319698,17.86658808300126
medium,native-bucket,Cotangent native + bucketed norms,761,500,3.3197723277406856,65536,20.264623902985477,22.097699875001126
medium,native-bucket,Cotangent native + bucketed norms,761,600,3.1625188730370457,65536,24.334419775961578,26.351097708000452
medium,native-bucket,Cotangent native + bucketed norms,761,700,3.0984246689342174,65536,28.3972590249723,30.597633625002345
medium,native-bucket,Cotangent native + bucketed norms,761,800,3.0381765665972127,65536,32.47201935400517,34.855727917001786
medium,native-bucket,Cotangent native + bucketed norms,761,900,2.941321494820685,65536,36.53239410700189,39.09897429200282
medium,native-bucket,Cotangent native + bucketed norms,761,1000,2.8281176178916927,65536,40.58746348398563,43.33731095800249
medium,native-bucket,Cotangent native + bucketed norms,761,1100,2.757070956008699,65536,44.65152476798539,47.584967500002676
medium,native-bucket,Cotangent native + bucketed norms,761,1200,2.6976252011080897,65536,48.71847018097105,51.835760000001756
medium,native-bucket,Cotangent native + bucketed norms,761,1300,2.636368608629799,65536,52.779864097956306,56.08030070800305
medium,native-bucket,Cotangent native + bucketed norms,761,1400,2.6118064763902,65536,56.839681507965,60.32377937500132
medium,native-bucket,Cotangent native + bucketed norms,761,1500,2.5810726016140273,65536,60.90783263295452,64.57498429200132
small,native-bucket,Cotangent native + bucketed norms,653,100,3.6787270461251427,65536,1.356566003018088,2.066366291997838
small,native-bucket,Cotangent native + bucketed norms,653,200,3.6184155896791266,65536,2.6986652520135976,3.4726919579989044
small,native-bucket,Cotangent native + bucketed norms,653,300,3.5888174292102155,65536,4.043823004030855,4.8819228329994075
small,native-bucket,Cotangent native + bucketed norms,653,400,3.565079910785841,65536,5.388228338015324,6.290487582999049
small,native-bucket,Cotangent native + bucketed norms,653,500,3.5384164622712526,65536,6.73944967202624,7.706009707999328
small,native-bucket,Cotangent native + bucketed norms,653,600,3.478338665754265,65536,8.088513674036221,9.119249999999738
small,native-bucket,Cotangent native + bucketed norms,653,700,3.4133344584500587,65536,9.448380752048251,10.543797041998914
small,native-bucket,Cotangent native + bucketed norms,653,800,3.1601344518209054,65536,10.793059665062174,11.95271566700103
small,native-bucket,Cotangent native + bucketed norms,653,900,3.041387058106652,65536,12.141008951075491,13.36479912499999
small,native-bucket,Cotangent native + bucketed norms,653,1000,2.9473741286226205,65536,13.49790786806625,14.786093208000239
small,native-bucket,Cotangent native + bucketed norms,653,1100,2.870149113619911,65536,14.857532911053568,16.209748958001
small,native-bucket,Cotangent native + bucketed norms,653,1200,2.818909693636787,65536,16.22538274309045,17.641810707998957
small,native-bucket,Cotangent native + bucketed norms,653,1300,2.739074116355426,65536,17.588832954101235,19.069425249999767
small,native-bucket,Cotangent native + bucketed norms,653,1400,2.694579141136249,65536,18.953099622089212,20.498329124999145
small,native-bucket,Cotangent native + bucketed norms,653,1500,2.6485996600449444,65536,20.31499754507604,21.924713707998308
small,native-bucket,Cotangent native + bucketed norms,653,1600,2.606124793042802,65536,21.67272908508312,23.34651295799995
small,native-bucket,Cotangent native + bucketed norms,653,1700,2.5650827188794554,65536,23.032690377054678,24.771641791998263
small,native-bucket,Cotangent native + bucketed norms,653,1800,2.546044056697376,65536,24.38221775505008,26.185051332999137
small,native-bucket,Cotangent native + bucketed norms,653,1900,2.521777293911718,65536,25.729693178043817,27.598369791998266
small,native-bucket,Cotangent native + bucketed norms,653,2000,2.507619843326427,65536,27.099413341031322,29.033730125000147
small,native-fused,Native fused AdamW,653,100,3.678634648445967,65536,1.6693211249912565,2.396922625001025
small,native-fused,Native fused AdamW,653,200,3.6185188115163913,65536,3.3291124220013444,4.1211045409982034
small,native-fused,Native fused AdamW,653,300,3.588461865828472,65536,4.9949021359861945,5.851853707998089
small,native-fused,Native fused AdamW,653,400,3.5682586553728224,65536,6.656345921994216,7.577612875000341
small,native-fused,Native fused AdamW,653,500,3.531492773963902,65536,8.473153217004437,9.485950957998284
small,native-fused,Native fused AdamW,653,600,3.4718364961752632,65536,10.168768507002824,11.246507790998294
small,native-fused,Native fused AdamW,653,700,3.3998574787207376,65536,11.836330799003917,12.978413458000432
small,native-fused,Native fused AdamW,653,800,3.1593498884655005,65536,13.502069466001558,14.708715500000835
small,native-fused,Native fused AdamW,653,900,3.0346306605484705,65536,15.171686587000295,16.44267150000087
small,native-fused,Native fused AdamW,653,1000,2.9404239711104103,65536,16.836378752006567,18.172895915999106
small,native-fused,Native fused AdamW,653,1100,2.873367645318278,65536,18.493244046003383,19.894581749998906
small,native-fused,Native fused AdamW,653,1200,2.8205077134329417,65536,20.159569498984638,21.625916749999305
small,native-fused,Native fused AdamW,653,1300,2.7455323604905058,65536,21.821085959967604,23.35217958299836
small,native-fused,Native fused AdamW,653,1400,2.7016803854072418,65536,23.482338499976322,25.078122499999154
small,native-fused,Native fused AdamW,653,1500,2.650463059820296,65536,25.145317041988164,26.80576212500091
small,native-fused,Native fused AdamW,653,1600,2.6072281154926653,65536,26.80945229599456,28.534656166000786
small,native-fused,Native fused AdamW,653,1700,2.570810144237525,65536,28.482233962000464,30.272966790998908
small,native-fused,Native fused AdamW,653,1800,2.5499054219234636,65536,30.14674954597649,32.00232437500017
small,native-fused,Native fused AdamW,653,1900,2.5278857253349427,65536,31.80931404297371,33.729540249998536
small,native-fused,Native fused AdamW,653,2000,2.5172372045284583,65536,33.47030871095194,35.45507533300042
small,native-bucket,Cotangent native + bucketed norms,599,100,3.6781707252452644,65536,1.3684948350237391,2.1608951249982056
small,native-bucket,Cotangent native + bucketed norms,599,200,3.6203505449861524,65536,2.7272819650315796,3.5844704159972025
small,native-bucket,Cotangent native + bucketed norms,599,300,3.5886714266885487,65536,4.086854970046261,5.008550624999771
small,native-bucket,Cotangent native + bucketed norms,599,400,3.5647575293067986,65536,5.449052133051737,6.435631874999672
small,native-bucket,Cotangent native + bucketed norms,599,500,3.525876282790097,65536,6.8379990930407075,7.891646041000058
small,native-bucket,Cotangent native + bucketed norms,599,600,3.4577845246995293,65536,8.199138093030342,9.318004707998625
small,native-bucket,Cotangent native + bucketed norms,599,700,3.3517057116386746,65536,9.559471845037478,10.742729416000657
small,native-bucket,Cotangent native + bucketed norms,599,800,3.2481827327522916,65536,10.919501805037726,12.167347999999038
small,native-bucket,Cotangent native + bucketed norms,599,900,3.1432864723987692,65536,12.280813760033197,13.593246500000532
small,native-bucket,Cotangent native + bucketed norms,599,1000,3.0856091129822834,65536,13.645178091017442,15.021787790999952
small,native-bucket,Cotangent native + bucketed norms,599,1100,3.0091829573928317,65536,15.009133379007835,16.450513124997087
small,native-bucket,Cotangent native + bucketed norms,599,1200,2.9480740173947644,65536,16.389838794017123,17.895546915999148
small,native-bucket,Cotangent native + bucketed norms,599,1300,2.8960785079338693,65536,17.755309336025675,19.325980833000358
small,native-bucket,Cotangent native + bucketed norms,599,1400,2.849621667497264,65536,19.1179165000176,20.753223374998925
small,native-bucket,Cotangent native + bucketed norms,599,1500,2.8072970810852285,65536,20.480061412017676,22.18004149999979
small,native-bucket,Cotangent native + bucketed norms,599,1600,2.7646703856491213,65536,21.847237666017463,23.611977915999887
small,native-bucket,Cotangent native + bucketed norms,599,1700,2.7433954061855834,65536,23.21075995701176,25.040673125000467
small,native-bucket,Cotangent native + bucketed norms,599,1800,2.7110529884248065,65536,24.579335706021084,26.474581874997966
small,native-bucket,Cotangent native + bucketed norms,599,1900,2.6910448922865604,65536,25.944871417003014,27.90492945799997
small,native-bucket,Cotangent native + bucketed norms,599,2000,2.6810083663687134,65536,27.31287891500324,29.33813941599874
small,native-fused,Native fused AdamW,599,100,3.678230220493547,65536,1.6646638390011503,2.3985032079981465
small,native-fused,Native fused AdamW,599,200,3.6201464553241567,65536,3.3282820460008224,4.126956000000064
small,native-fused,Native fused AdamW,599,300,3.5958572380536453,65536,4.993990542989195,5.858176416997594
small,native-fused,Native fused AdamW,599,400,3.564477434062037,65536,6.663562576984987,7.593073791998904
small,native-fused,Native fused AdamW,599,500,3.528940766403412,65536,8.33846778399311,9.333165374999226
small,native-fused,Native fused AdamW,599,600,3.4652882029990835,65536,10.006478074006736,11.068409499999689
small,native-fused,Native fused AdamW,599,700,3.3624871427875287,65536,11.66369624400977,12.789880499996798
small,native-fused,Native fused AdamW,599,800,3.2528295427448697,65536,13.30922974798159,14.499421166998218
small,native-fused,Native fused AdamW,599,900,3.146681807636681,65536,14.972736250980233,16.228143832999194
small,native-fused,Native fused AdamW,599,1000,3.078310153156292,65536,16.638565755958552,17.958822374999727
small,native-fused,Native fused AdamW,599,1100,2.9983657646015134,65536,18.30799937496704,19.692920333000075
small,native-fused,Native fused AdamW,599,1200,2.944089851181503,65536,19.977643833943148,21.427651374997367
small,native-fused,Native fused AdamW,599,1300,2.898494477217527,65536,21.642996285962,23.158045374999347
small,native-fused,Native fused AdamW,599,1400,2.8398059511797515,65536,23.31068474495987,24.890895166998234
small,native-fused,Native fused AdamW,599,1500,2.8081185293447852,65536,24.977660704968002,26.62240241699692
small,native-fused,Native fused AdamW,599,1600,2.763776919654515,65536,26.646971536978526,28.35646445800012
small,native-fused,Native fused AdamW,599,1700,2.7327842539844567,65536,28.315943324992986,30.090219874997274
small,native-fused,Native fused AdamW,599,1800,2.7048098515902934,65536,29.980470861981303,31.81980104199829
small,native-fused,Native fused AdamW,599,1900,2.689041380395334,65536,31.645112486978178,33.549712874999386
small,native-fused,Native fused AdamW,599,2000,2.674113361542852,65536,33.31502157098657,35.28442533299676
small,native-bucket,Cotangent native + bucketed norms,617,100,3.681151614541344,65536,1.3658707909889927,2.0280694579996634
small,native-bucket,Cotangent native + bucketed norms,617,200,3.6239040720161113,65536,2.7327559139994264,3.4597602499998175
small,native-bucket,Cotangent native + bucketed norms,617,300,3.58622916555714,65536,4.10365294798612,4.895133917001658
small,native-bucket,Cotangent native + bucketed norms,617,400,3.5633641043716766,65536,5.474741036974592,6.331315667001036
small,native-bucket,Cotangent native + bucketed norms,617,500,3.5308170756264934,65536,6.838174535983853,7.759533667001961
small,native-bucket,Cotangent native + bucketed norms,617,600,3.4786477078289497,65536,8.203325705973839,9.190981708001345
small,native-bucket,Cotangent native + bucketed norms,617,700,3.359880939194185,65536,9.572638290970644,10.625333957999828
small,native-bucket,Cotangent native + bucketed norms,617,800,3.1795527334580176,65536,10.934549081968726,12.051590208000562
small,native-bucket,Cotangent native + bucketed norms,617,900,3.0634613054422433,65536,12.30136004497399,13.483203792002314
small,native-bucket,Cotangent native + bucketed norms,617,1000,2.9855131410138607,65536,13.66546141998333,14.912510958001803
small,native-bucket,Cotangent native + bucketed norms,617,1100,2.920069561032363,65536,15.023500169001636,16.334621250000055
small,native-bucket,Cotangent native + bucketed norms,617,1200,2.8644254396334135,65536,16.38406720999774,17.759884292001516
small,native-bucket,Cotangent native + bucketed norms,617,1300,2.8181203953840255,65536,17.75099166698783,19.191320000001724
small,native-bucket,Cotangent native + bucketed norms,617,1400,2.7802028375280603,65536,19.117727288987226,20.622419999999693
small,native-bucket,Cotangent native + bucketed norms,617,1500,2.7320501675370803,65536,20.48234720298933,22.051548583000113
small,native-bucket,Cotangent native + bucketed norms,617,1600,2.6870634724212548,65536,21.84876070498649,23.482875417001196
small,native-bucket,Cotangent native + bucketed norms,617,1700,2.6694698192206405,65536,23.210545618978358,24.913484167002025
small,native-bucket,Cotangent native + bucketed norms,617,1800,2.639442422301923,65536,24.608201537983405,26.376003167002636
small,native-bucket,Cotangent native + bucketed norms,617,1900,2.618294204800987,65536,26.146601331973216,27.986692124999536
small,native-bucket,Cotangent native + bucketed norms,617,2000,2.605731436473532,65536,27.61786112397749,29.522961708000366
small,native-fused,Native fused AdamW,617,100,3.6810602487580733,65536,1.7091055430428241,2.4921644999994896
small,native-fused,Native fused AdamW,617,200,3.623423101035142,65536,3.378324296045321,4.230575417001091
small,native-fused,Native fused AdamW,617,300,3.5873263933718134,65536,5.038668127035635,5.955321834000642
small,native-fused,Native fused AdamW,617,400,3.5612699253766986,65536,6.679878880040633,7.6604299589998845
small,native-fused,Native fused AdamW,617,500,3.5225496868679516,65536,8.343445927050197,9.388353000002098
small,native-fused,Native fused AdamW,617,600,3.4724762501386417,65536,10.056942882056319,11.168424292001873
small,native-fused,Native fused AdamW,617,700,3.3674219592268075,65536,11.725535837045754,12.902092291998997
small,native-fused,Native fused AdamW,617,800,3.176478532824929,65536,13.392153760047222,14.63387212499947
small,native-fused,Native fused AdamW,617,900,3.0683197185888766,65536,15.060329505027767,16.36698937500114
small,native-fused,Native fused AdamW,617,1000,2.9842208203796146,65536,16.732033925021824,18.103960542001005
small,native-fused,Native fused AdamW,617,1100,2.912036659869357,65536,18.397180300013133,19.83362545899945
small,native-fused,Native fused AdamW,617,1200,2.8587267729992427,65536,20.06118791901099,21.561920750002173
small,native-fused,Native fused AdamW,617,1300,2.803007333948131,65536,21.729558416001964,23.29511095899943
small,native-fused,Native fused AdamW,617,1400,2.764843502310588,65536,23.395102377013245,25.02477629200075
small,native-fused,Native fused AdamW,617,1500,2.722599581136265,65536,25.06543400602095,26.759920667002007
small,native-fused,Native fused AdamW,617,1600,2.6775145011952306,65536,26.732825758019317,28.491488916999515
small,native-fused,Native fused AdamW,617,1700,2.6552035627363892,65536,28.39617391802676,30.220203500000935
small,native-fused,Native fused AdamW,617,1800,2.626688694112974,65536,30.063941997039365,31.953925834000984
small,native-fused,Native fused AdamW,617,1900,2.606903165022776,65536,31.737469495044934,33.69491033400118
small,native-fused,Native fused AdamW,617,2000,2.594138886773088,65536,33.40855537305106,35.433655374999944
small,native-fused,Native fused AdamW,601,100,3.695330928421126,65536,1.6691088709776523,2.305637208002736
small,native-fused,Native fused AdamW,601,200,3.6045188217968804,65536,3.334044744966377,4.035409000000072
small,native-fused,Native fused AdamW,601,300,3.595469546162938,65536,5.000127040959342,5.765392000001157
small,native-fused,Native fused AdamW,601,400,3.5732924263298416,65536,6.662828920980246,7.493683958000474
small,native-fused,Native fused AdamW,601,500,3.5288290851695074,65536,8.330308209951909,9.225763667000138
small,native-fused,Native fused AdamW,601,600,3.4629925248307885,65536,9.996154296957684,10.956542416999582
small,native-fused,Native fused AdamW,601,700,3.3375814967006625,65536,11.660051084956649,12.685239667000133
small,native-fused,Native fused AdamW,601,800,3.128024087026263,65536,13.326147459971253,14.415777917001833
small,native-fused,Native fused AdamW,601,900,3.0372183007644367,65536,14.994890917998418,16.14912558300057
small,native-fused,Native fused AdamW,601,1000,2.963233987098682,65536,16.662925924985757,17.881629167000938
small,native-fused,Native fused AdamW,601,1100,2.892033422240998,65536,18.325692383004935,19.609085250001954
small,native-fused,Native fused AdamW,601,1200,2.8170371196619035,65536,19.994075555012387,21.34276087500257
small,native-fused,Native fused AdamW,601,1300,2.7660768490189613,65536,21.659426257010637,23.07295541700296
small,native-fused,Native fused AdamW,601,1400,2.701755568697958,65536,23.321939880013815,24.800198708002426
small,native-fused,Native fused AdamW,601,1500,2.6594074797817906,65536,24.989528045000043,26.5323887500017
small,native-fused,Native fused AdamW,601,1600,2.6135243788429214,65536,26.65839920801227,28.266370500001358
small,native-fused,Native fused AdamW,601,1700,2.584312077574595,65536,28.32648708601846,29.99968679200174
small,native-fused,Native fused AdamW,601,1800,2.5609129995092865,65536,29.997506164021615,31.736714958002267
small,native-fused,Native fused AdamW,601,1900,2.5416030615677605,65536,31.665692790014873,33.46983066699977
small,native-fused,Native fused AdamW,601,2000,2.527228585000454,65536,33.329644373010524,35.19874037500267
small,native-bucket,Cotangent native + bucketed norms,601,100,3.6950920122723305,65536,1.3737582940120774,2.021267790998536
small,native-bucket,Cotangent native + bucketed norms,601,200,3.6080631262571865,65536,2.7369770900295407,3.4494935410002654
small,native-bucket,Cotangent native + bucketed norms,601,300,3.596629418658188,65536,4.095555460055039,4.872337124998012
small,native-bucket,Cotangent native + bucketed norms,601,400,3.568296975257218,65536,5.4592987930554955,6.301574082997831
small,native-bucket,Cotangent native + bucketed norms,601,500,3.5236199778999335,65536,6.824281793069531,7.731013415999769
small,native-bucket,Cotangent native + bucketed norms,601,600,3.46145468821352,65536,8.188001124079165,9.159262332999788
small,native-bucket,Cotangent native + bucketed norms,601,700,3.35118547486873,65536,9.556964503080962,10.593012665998685
small,native-bucket,Cotangent native + bucketed norms,601,800,3.1375215924440165,65536,10.926373625079577,12.026949666000291
small,native-bucket,Cotangent native + bucketed norms,601,900,3.035178414542553,65536,12.291155338079989,13.456426999997348
small,native-bucket,Cotangent native + bucketed norms,601,1000,2.961310076302516,65536,13.656994419085095,14.887463332997868
small,native-bucket,Cotangent native + bucketed norms,601,1100,2.893808815269228,65536,15.021929337086476,16.316061540997907
small,native-bucket,Cotangent native + bucketed norms,601,1200,2.82691610947156,65536,16.392784131086955,17.75162524999905
small,native-bucket,Cotangent native + bucketed norms,601,1300,2.775242664396695,65536,17.76350667711813,19.18715866599814
small,native-bucket,Cotangent native + bucketed norms,601,1400,2.734007566580044,65536,19.128808180132182,20.616855000000214
small,native-bucket,Cotangent native + bucketed norms,601,1500,2.699349477667809,65536,20.495064222111978,22.047787583000172
small,native-bucket,Cotangent native + bucketed norms,601,1600,2.6488123488394835,65536,21.864498802104208,23.482615207998606
small,native-bucket,Cotangent native + bucketed norms,601,1700,2.6213524486687496,65536,23.233084677092847,24.916437583000516
small,native-bucket,Cotangent native + bucketed norms,601,1800,2.6107511747211323,65536,24.60427700811124,26.3521953749987
small,native-bucket,Cotangent native + bucketed norms,601,1900,2.585537330349462,65536,25.972883056118008,27.785938082997745
small,native-bucket,Cotangent native + bucketed norms,601,2000,2.5697618938571427,65536,27.341250729106832,29.21924712499822
small,native-bucket,Cotangent native + bucketed norms,509,100,3.7089604567617624,65536,1.3831236630030617,2.0326605000009295
small,native-bucket,Cotangent native + bucketed norms,509,200,3.6056063540896113,65536,2.7503272860121797,3.464493166000466
small,native-bucket,Cotangent native + bucketed norms,509,300,3.6038125320454495,65536,4.115070703981473,4.893571790998976
small,native-bucket,Cotangent native + bucketed norms,509,400,3.5624551438151197,65536,5.488139243014302,6.332015708001563
small,native-bucket,Cotangent native + bucketed norms,509,500,3.537884154469001,65536,6.858420865006337,7.76707187500142
small,native-bucket,Cotangent native + bucketed norms,509,600,3.4892163319451925,65536,8.228185452990147,9.201980375000858
small,native-bucket,Cotangent native + bucketed norms,509,700,3.3937298766063995,65536,9.598498161980388,10.63650129099915
small,native-bucket,Cotangent native + bucketed norms,509,800,3.246574802455881,65536,10.955926822975016,12.057356416000403
small,native-bucket,Cotangent native + bucketed norms,509,900,3.0762178820938475,65536,12.303291239946702,13.468909250001161
small,native-bucket,Cotangent native + bucketed norms,509,1000,2.9791517661068796,65536,13.652740617948439,14.882273999999597
small,native-bucket,Cotangent native + bucketed norms,509,1100,2.9176216620946804,65536,15.004732445970149,16.298356874998717
small,native-bucket,Cotangent native + bucketed norms,509,1200,2.8496932122800227,65536,16.378093446986895,17.736440666001727
small,native-bucket,Cotangent native + bucketed norms,509,1300,2.7909615777159167,65536,17.75052011002481,19.173704666001868
small,native-bucket,Cotangent native + bucketed norms,509,1400,2.73398969113327,65536,19.117251986022893,20.604593666001165
small,native-bucket,Cotangent native + bucketed norms,509,1500,2.689528746981132,65536,20.512311278023844,22.063989958001912
small,native-bucket,Cotangent native + bucketed norms,509,1600,2.6514357184511663,65536,21.879266612028005,23.495306916000118
small,native-bucket,Cotangent native + bucketed norms,509,1700,2.613919299379423,65536,23.243914245042106,24.92466391600101
small,native-bucket,Cotangent native + bucketed norms,509,1800,2.5864477742563827,65536,24.61415323903566,26.359750540999812
small,native-bucket,Cotangent native + bucketed norms,509,1900,2.57405136689689,65536,25.98235753204426,27.792404915999214
small,native-bucket,Cotangent native + bucketed norms,509,2000,2.55618708287177,65536,27.35958127504273,29.235145291000663
small,native-fused,Native fused AdamW,509,100,3.708943494972821,65536,1.6732527919921267,2.300686583002971
small,native-fused,Native fused AdamW,509,200,3.6057670503790114,65536,3.339240533987322,4.031993041000533
small,native-fused,Native fused AdamW,509,300,3.6027350284910473,65536,5.009162991998892,5.767193750001752
small,native-fused,Native fused AdamW,509,400,3.5657752473921946,65536,6.675027405988658,7.497049916000833
small,native-fused,Native fused AdamW,509,500,3.5421824308706897,65536,8.338784783987649,9.22574916600206
small,native-fused,Native fused AdamW,509,600,3.488689409349696,65536,10.004801741979463,10.955429916000867
small,native-fused,Native fused AdamW,509,700,3.398349352106406,65536,11.673947573970509,12.689592375001666
small,native-fused,Native fused AdamW,509,800,3.243446524028012,65536,13.34227765495234,14.422122333002335
small,native-fused,Native fused AdamW,509,900,3.076677408988037,65536,15.003520691960148,16.147111125002994
small,native-fused,Native fused AdamW,509,1000,2.9804623545233215,65536,16.674775106963352,17.884188208001433
small,native-fused,Native fused AdamW,509,1100,2.929027347270504,65536,18.339418311963527,19.61372079099965
small,native-fused,Native fused AdamW,509,1200,2.849520670685545,65536,20.003809647991147,21.34361125000214
small,native-fused,Native fused AdamW,509,1300,2.796826900913231,65536,21.66735734998292,23.072365250001894
small,native-fused,Native fused AdamW,509,1400,2.7348843556319737,65536,23.336884847984038,24.806716166000115
small,native-fused,Native fused AdamW,509,1500,2.6874745969481424,65536,25.007686597982683,26.542121333000978
small,native-fused,Native fused AdamW,509,1600,2.6510256365691,65536,26.672145557000476,28.272585416001675
small,native-fused,Native fused AdamW,509,1700,2.6146310549544767,65536,28.33596389199738,30.00120408300063
small,native-fused,Native fused AdamW,509,1800,2.590390132562111,65536,30.000844805006636,31.730694041001698
small,native-fused,Native fused AdamW,509,1900,2.5693472598092857,65536,31.6629707240063,33.45778933300244
small,native-fused,Native fused AdamW,509,2000,2.551386332283296,65536,33.32991435499571,35.18907879100152
medium,native-bucket,Cotangent native + bucketed norms,757,100,3.6771364538297227,65536,4.039444384008675,5.068214334001823
medium,native-bucket,Cotangent native + bucketed norms,757,200,3.6197316976637697,65536,8.096698131023004,9.308026500002597
medium,native-bucket,Cotangent native + bucketed norms,757,300,3.5878772538025268,65536,12.20635908701297,13.60887004200049
medium,native-bucket,Cotangent native + bucketed norms,757,400,3.5503718147481496,65536,16.369742372000474,17.955544834003376
medium,native-bucket,Cotangent native + bucketed norms,757,500,3.352702082377532,65536,20.43855641299524,22.20701829200334
medium,native-bucket,Cotangent native + bucketed norms,757,600,3.1792429927038137,65536,24.511948328006838,26.463560542000778
medium,native-bucket,Cotangent native + bucketed norms,757,700,3.1011978569326333,65536,28.56505966902114,30.699305459002062
medium,native-bucket,Cotangent native + bucketed norms,757,800,3.059131583087736,65536,32.63002375004362,34.94792633399993
medium,native-bucket,Cotangent native + bucketed norms,757,900,3.026102938426643,65536,36.691140085062216,39.19276570900183
medium,native-bucket,Cotangent native + bucketed norms,757,1000,2.9800953327974646,65536,40.74612300006629,43.43102387500039
medium,native-bucket,Cotangent native + bucketed norms,757,1100,2.9366132440260864,65536,44.945721585067076,47.84236775000318
medium,native-bucket,Cotangent native + bucketed norms,757,1200,2.8830486562245023,65536,49.26931571109162,52.351319542001875
medium,native-bucket,Cotangent native + bucketed norms,757,1300,2.841929291982966,65536,53.464301793082996,56.73895279200224
medium,native-bucket,Cotangent native + bucketed norms,757,1400,2.800455380132219,65536,57.65620804309947,61.12247304199991
medium,native-bucket,Cotangent native + bucketed norms,757,1500,2.780464003932311,65536,62.11419933509751,65.78551329200127
medium,native-fused,Native fused AdamW,757,100,3.6736855466977505,65536,5.666305997005111,6.895738833998621
medium,native-fused,Native fused AdamW,757,200,3.630318713174739,65536,11.34960607801986,12.763493833997927
medium,native-fused,Native fused AdamW,757,300,3.5873490843328115,65536,17.173661536027794,18.7940916669977
medium,native-fused,Native fused AdamW,757,400,3.5221622207044736,65536,22.890176410011918,24.694776666998223
medium,native-fused,Native fused AdamW,757,500,3.2740467306632595,65536,28.669374621014867,30.65978245899896
medium,native-fused,Native fused AdamW,757,600,3.1458992005839304,65536,34.45572995901239,36.63711024999793
medium,native-fused,Native fused AdamW,757,700,3.0890636102520923,65536,40.318428953036346,42.71070349999718
medium,native-fused,Native fused AdamW,757,800,3.044991604864881,65536,46.14207391302989,48.745464749998064
medium,native-fused,Native fused AdamW,757,900,3.0061921092263755,65536,51.904119243030436,54.69118224999693
medium,native-fused,Native fused AdamW,757,1000,2.958848907828428,65536,57.53797178703462,60.50856354199641
medium,native-fused,Native fused AdamW,757,1100,2.90950956829541,65536,63.16742165799951,66.32222891699712
medium,native-fused,Native fused AdamW,757,1200,2.8623430468244773,65536,68.89680490799947,72.23957662499743
medium,native-fused,Native fused AdamW,757,1300,2.823437115422919,65536,74.63561286701224,78.1810956249974
medium,native-fused,Native fused AdamW,757,1400,2.7803929965953365,65536,80.31154870300088,84.04186933399978
medium,native-fused,Native fused AdamW,757,1500,2.754258942926851,65536,86.03583833400626,89.95897954199972
small,native-fused,Native fused AdamW,503,100,3.7184566508118033,65536,1.7523220399743877,2.525630624997575
small,native-fused,Native fused AdamW,503,200,3.6206717333355547,65536,3.4703176699658798,4.308327124999778
small,native-fused,Native fused AdamW,503,300,3.59566391880516,65536,5.141742122981668,6.043897332998313
small,native-fused,Native fused AdamW,503,400,3.5601223173942382,65536,6.829051705990423,7.796401583000261
small,native-fused,Native fused AdamW,503,500,3.531822733428498,65536,8.54665995897085,9.594812332998117
small,native-fused,Native fused AdamW,503,600,3.486332559102272,65536,10.398633552966203,11.514190999998391
small,native-fused,Native fused AdamW,503,700,3.4000433274728263,65536,12.15005033896523,13.333306290998735
small,native-fused,Native fused AdamW,503,800,3.214178129543215,65536,13.920819172974007,15.173265082998114
small,native-fused,Native fused AdamW,503,900,3.0807881490578755,65536,15.705858051998803,17.02536216599765
small,native-fused,Native fused AdamW,503,1000,2.975206505593918,65536,17.42116188098953,18.805096500000218
small,native-fused,Native fused AdamW,503,1100,2.9068708169853905,65536,19.07141462499567,20.51945395799703
small,native-fused,Native fused AdamW,503,1200,2.8377299002310656,65536,20.717886917991564,22.23000024999783
small,native-fused,Native fused AdamW,503,1300,2.778663528309344,65536,22.359168797986058,23.93498974999966
small,native-fused,Native fused AdamW,503,1400,2.734913184223825,65536,24.01087829097378,25.650838333000138
small,native-fused,Native fused AdamW,503,1500,2.6961711039184184,65536,25.687442914968415,27.39222337499814
small,native-fused,Native fused AdamW,503,1600,2.660943032254477,65536,27.439509833951888,29.212026624998543
small,native-fused,Native fused AdamW,503,1700,2.6288068055687113,65536,29.149653371940076,30.98701216599875
small,native-fused,Native fused AdamW,503,1800,2.6059012424689696,65536,30.819914492927637,32.72239066600014
small,native-fused,Native fused AdamW,503,1900,2.585248437117217,65536,32.49081861193554,34.45780041599937
small,native-fused,Native fused AdamW,503,2000,2.5672366242244036,65536,34.15968848291959,36.19105166599911
small,native-bucket,Cotangent native + bucketed norms,503,100,3.7185020757294627,65536,1.3713880810100818,2.1361467919996358
small,native-bucket,Cotangent native + bucketed norms,503,200,3.6204707931058526,65536,2.767674991977401,3.5976681249994726
small,native-bucket,Cotangent native + bucketed norms,503,300,3.595293790642672,65536,4.148762954962876,5.043331207998563
small,native-bucket,Cotangent native + bucketed norms,503,400,3.564646783228558,65536,5.5096099589864025,6.468818166998972
small,native-bucket,Cotangent native + bucketed norms,503,500,3.5373680130359304,65536,6.920391295981972,7.945634332998452
small,native-bucket,Cotangent native + bucketed norms,503,600,3.485118383085012,65536,8.338930874982907,9.429297292001138
small,native-bucket,Cotangent native + bucketed norms,503,700,3.397640385874971,65536,9.72898691696173,10.88431750000018
small,native-bucket,Cotangent native + bucketed norms,503,800,3.2004024266982607,65536,11.138835005978763,12.362143207999907
small,native-bucket,Cotangent native + bucketed norms,503,900,3.076834928972854,65536,12.562160295972717,13.852498416999879
small,native-bucket,Cotangent native + bucketed norms,503,1000,2.983168866997781,65536,13.982937413988111,15.34190212500107
small,native-bucket,Cotangent native + bucketed norms,503,1100,2.9094268231425136,65536,15.374145578989555,16.79881654199926
small,native-bucket,Cotangent native + bucketed norms,503,1200,2.846121009009072,65536,16.823462710977765,18.32445770800041
small,native-bucket,Cotangent native + bucketed norms,503,1300,2.7811906252577487,65536,18.252109253975505,19.819342667000456
small,native-bucket,Cotangent native + bucketed norms,503,1400,2.733280681906172,65536,19.655425260960328,21.29437045799932
small,native-bucket,Cotangent native + bucketed norms,503,1500,2.6965502987912817,65536,21.169768218980607,22.87947054200049
small,native-bucket,Cotangent native + bucketed norms,503,1600,2.6563150328643372,65536,22.680572259007022,24.45739825000055
small,native-bucket,Cotangent native + bucketed norms,503,1700,2.6259483517966724,65536,24.088212848015246,25.93020500000057
small,native-bucket,Cotangent native + bucketed norms,503,1800,2.606617491090777,65536,25.51997380004832,27.43284366700027
small,native-bucket,Cotangent native + bucketed norms,503,1900,2.588621892937265,65536,26.92710713406268,28.90565858300033
small,native-bucket,Cotangent native + bucketed norms,503,2000,2.5677010579986006,65536,28.32855159906103,30.373589416998584
small,native-fused,Native fused AdamW,521,100,3.678120925518924,65536,1.752491038019798,2.460200083001837
small,native-fused,Native fused AdamW,521,200,3.624925691957899,65536,3.6620437890305766,4.437916083003074
small,native-fused,Native fused AdamW,521,300,3.5901128240343456,65536,5.366708621040743,6.227831083000638
small,native-fused,Native fused AdamW,521,400,3.5734303349180023,65536,7.070252713027003,7.998027333000209
small,native-fused,Native fused AdamW,521,500,3.5232308349056094,65536,8.739479052022944,9.745509583000967
small,native-fused,Native fused AdamW,521,600,3.482452694992301,65536,10.61110763601755,11.684312042001693
small,native-fused,Native fused AdamW,521,700,3.4211905936947247,65536,12.399441549041512,13.546023917002458
small,native-fused,Native fused AdamW,521,800,3.3192315927885416,65536,14.204505218011036,15.433883000001515
small,native-fused,Native fused AdamW,521,900,3.2002037759875983,65536,15.93469121799717,17.23131616700266
small,native-fused,Native fused AdamW,521,1000,3.105446967794007,65536,17.634756339997693,18.99702087500191
small,native-fused,Native fused AdamW,521,1100,3.006381703975578,65536,19.30613917102528,20.732861875003437
small,native-fused,Native fused AdamW,521,1200,2.9121006481643934,65536,20.97180179302086,22.463041792001604
small,native-fused,Native fused AdamW,521,1300,2.8567233847205467,65536,22.641052877010225,24.196341125003528
small,native-fused,Native fused AdamW,521,1400,2.7953053704010475,65536,24.30084538000665,25.919997292003245
small,native-fused,Native fused AdamW,521,1500,2.760053081430082,65536,25.961301716026355,27.64439066700288
small,native-fused,Native fused AdamW,521,1600,2.717602926185085,65536,27.641228260021308,29.39358741700198
small,native-fused,Native fused AdamW,521,1700,2.6855907204884226,65536,29.31754951001858,31.134220458003256
small,native-fused,Native fused AdamW,521,1800,2.6586965787455337,65536,30.97730101201887,32.85765720800191
small,native-fused,Native fused AdamW,521,1900,2.633385381444559,65536,32.63787622804011,34.582634500002314
small,native-fused,Native fused AdamW,521,2000,2.6187834094513662,65536,34.30407898404155,36.31274100000155
small,native-bucket,Cotangent native + bucketed norms,521,100,3.678330357392012,65536,1.3688291679718532,2.0165147080006136
small,native-bucket,Cotangent native + bucketed norms,521,200,3.6255601144591005,65536,2.7345408299879637,3.4466639999991457
small,native-bucket,Cotangent native + bucketed norms,521,300,3.5875599243138536,65536,4.103128832022776,4.879564291997667
small,native-bucket,Cotangent native + bucketed norms,521,400,3.5615129368623677,65536,5.4708005800166575,6.311600791999808
small,native-bucket,Cotangent native + bucketed norms,521,500,3.5215025060046794,65536,6.837472786988656,7.742897124997398
small,native-bucket,Cotangent native + bucketed norms,521,600,3.4900494051570563,65536,8.20231345099819,9.171865666998201
small,native-bucket,Cotangent native + bucketed norms,521,700,3.423217033023094,65536,9.568121533000522,10.601601291997213
small,native-bucket,Cotangent native + bucketed norms,521,800,3.320016607598405,65536,10.93433224601904,12.032319624999218
small,native-bucket,Cotangent native + bucketed norms,521,900,3.1923526282398074,65536,12.300857243033533,13.462946083000134
small,native-bucket,Cotangent native + bucketed norms,521,1000,3.0720174315737525,65536,13.667288660024496,14.893592124997667
small,native-bucket,Cotangent native + bucketed norms,521,1100,2.9723793419154205,65536,15.032600494021608,16.3230273329973
small,native-bucket,Cotangent native + bucketed norms,521,1200,2.888644074149119,65536,16.383805666038825,17.73753916699934
small,native-bucket,Cotangent native + bucketed norms,521,1300,2.8357912150502993,65536,17.725768428059382,19.143151707998186
small,native-bucket,Cotangent native + bucketed norms,521,1400,2.7744798514721665,65536,19.065300430072966,20.546251874999143
small,native-bucket,Cotangent native + bucketed norms,521,1500,2.736605547252893,65536,20.404869766036427,21.949472457999946
small,native-bucket,Cotangent native + bucketed norms,521,1600,2.6940729908203016,65536,21.744401224055764,23.35269687499749
small,native-bucket,Cotangent native + bucketed norms,521,1700,2.6604245421833306,65536,23.082703434054565,24.755069667000498
small,native-bucket,Cotangent native + bucketed norms,521,1800,2.6336737587288512,65536,24.42371352004193,26.159880541999883
small,native-bucket,Cotangent native + bucketed norms,521,1900,2.612512325436088,65536,25.763295268061484,27.563052833000256
small,native-bucket,Cotangent native + bucketed norms,521,2000,2.597704990034391,65536,27.1124799350182,28.975975582998217
small,native-bucket,Cotangent native + bucketed norms,607,100,3.6798645608757807,65536,1.365646543988987,2.0138209579999966
small,native-bucket,Cotangent native + bucketed norms,607,200,3.627412055890338,65536,2.7205816249916097,3.4329619580021244
small,native-bucket,Cotangent native + bucketed norms,607,300,3.5858363571825693,65536,4.07906758001991,4.855592832998809
small,native-bucket,Cotangent native + bucketed norms,607,400,3.556220665232186,65536,5.436418420020345,6.276538250000158
small,native-bucket,Cotangent native + bucketed norms,607,500,3.524714421745446,65536,6.797147504046734,7.7017938749995665
small,native-bucket,Cotangent native + bucketed norms,607,600,3.476611562229722,65536,8.161734011042427,9.130713750000723
small,native-bucket,Cotangent native + bucketed norms,607,700,3.364602959349768,65536,9.51963468703616,10.552576333000616
small,native-bucket,Cotangent native + bucketed norms,607,800,3.1350323478021753,65536,10.879854025024542,11.976872125000227
small,native-bucket,Cotangent native + bucketed norms,607,900,3.0453138143612724,65536,12.244258020033158,13.4050827079991
small,native-bucket,Cotangent native + bucketed norms,607,1000,2.9627487165514412,65536,13.617881692043738,14.843220833001396
small,native-bucket,Cotangent native + bucketed norms,607,1100,2.884934639471695,65536,14.980495155035896,16.269583583001804
small,native-bucket,Cotangent native + bucketed norms,607,1200,2.815087852173651,65536,16.341580075040838,17.695009875002143
small,native-bucket,Cotangent native + bucketed norms,607,1300,2.756730688333967,65536,17.704877528038196,19.12264870800209
small,native-bucket,Cotangent native + bucketed norms,607,1400,2.7102347379676637,65536,19.066549943025166,20.548873166000703
small,native-bucket,Cotangent native + bucketed norms,607,1500,2.647413925658571,65536,20.432344899054442,21.978593957999692
small,native-bucket,Cotangent native + bucketed norms,607,1600,2.6008782150531715,65536,21.794053314064513,23.404407458001515
small,native-bucket,Cotangent native + bucketed norms,607,1700,2.5701267819232374,65536,23.154548024060205,24.82904120799867
small,native-bucket,Cotangent native + bucketed norms,607,1800,2.542672933392031,65536,24.520806193060707,26.25946308299899
small,native-bucket,Cotangent native + bucketed norms,607,1900,2.5255821843348283,65536,25.88718981807324,27.690472375001264
small,native-bucket,Cotangent native + bucketed norms,607,2000,2.4985944625320387,65536,27.34991269206148,29.219367541001702
small,native-fused,Native fused AdamW,607,100,3.6800469054813583,65536,1.6621825009824533,2.294801541000197
small,native-fused,Native fused AdamW,607,200,3.627197808503026,65536,3.3296663369874295,4.026980791000824
small,native-fused,Native fused AdamW,607,300,3.5871885815238937,65536,4.99905016397679,5.762634375001653
small,native-fused,Native fused AdamW,607,400,3.555274642414368,65536,6.6698404559720075,7.498174791002384
small,native-fused,Native fused AdamW,607,500,3.52540714636529,65536,8.345291457000712,9.238510708000831
small,native-fused,Native fused AdamW,607,600,3.4867966005410467,65536,10.012044122002408,10.969227749999845
small,native-fused,Native fused AdamW,607,700,3.3856020947646956,65536,11.674733321993699,12.695977875002427
small,native-fused,Native fused AdamW,607,800,3.1593257893965485,65536,13.306771151990688,14.390957833002176
small,native-fused,Native fused AdamW,607,900,3.0513801852774454,65536,14.93975789997421,16.08714025000154
small,native-fused,Native fused AdamW,607,1000,2.9759163854831856,65536,16.569418316972587,17.779926458002592
small,native-fused,Native fused AdamW,607,1100,2.9108918251071416,65536,18.201500728981046,19.475340375000087
small,native-fused,Native fused AdamW,607,1200,2.8296981760743267,65536,19.83397752197925,21.17123516600259
small,native-fused,Native fused AdamW,607,1300,2.7751236953979603,65536,21.465081730977545,22.86573641600262
small,native-fused,Native fused AdamW,607,1400,2.7322798933629704,65536,23.101407981983357,24.565657916002237
small,native-fused,Native fused AdamW,607,1500,2.6741487630966407,65536,24.735134363978432,26.262930083001265
small,native-fused,Native fused AdamW,607,1600,2.6374504010015576,65536,26.38675173597221,27.978828875002364
small,native-fused,Native fused AdamW,607,1700,2.6023894373552188,65536,28.047218115978467,29.703452208003
small,native-fused,Native fused AdamW,607,1800,2.5760076104314185,65536,29.70741590398393,31.42740179100292
small,native-fused,Native fused AdamW,607,1900,2.555884269793721,65536,31.37205919799453,33.15626587500083
small,native-fused,Native fused AdamW,607,2000,2.529159643825546,65536,33.03259319699646,34.88142450000305
small,native-fused,Native fused AdamW,641,100,3.670381759974676,65536,1.671508998995705,2.2987670000002254
small,native-fused,Native fused AdamW,641,200,3.6067980003796087,65536,3.3329567510154448,4.0247898750021704
small,native-fused,Native fused AdamW,641,300,3.5850208262010934,65536,4.991245252022054,5.748071750000236
small,native-fused,Native fused AdamW,641,400,3.572690110839773,65536,6.6517749200284015,7.474598208002135
small,native-fused,Native fused AdamW,641,500,3.5438579503488894,65536,8.318140465042234,9.20547095800066
small,native-fused,Native fused AdamW,641,600,3.4804372410557556,65536,9.964509796038328,10.91613345800215
small,native-fused,Native fused AdamW,641,700,3.388224518471799,65536,11.626041338047798,12.643369416000496
small,native-fused,Native fused AdamW,641,800,3.261132402925152,65536,13.29059526905985,14.372373207999772
small,native-fused,Native fused AdamW,641,900,3.13226169654786,65536,14.950378601064585,16.0963175830002
small,native-fused,Native fused AdamW,641,1000,3.0081674320862337,65536,16.610197301051812,17.82053041600011
small,native-fused,Native fused AdamW,641,1100,2.9254180548660034,65536,18.272080598053435,19.54695250000077
small,native-fused,Native fused AdamW,641,1200,2.8562190240990604,65536,19.928967801046383,21.268193500000052
small,native-fused,Native fused AdamW,641,1300,2.808135512631558,65536,21.59007497204948,22.99343137500182
small,native-fused,Native fused AdamW,641,1400,2.7581037601972507,65536,23.246789268043358,24.714518125001632
small,native-fused,Native fused AdamW,641,1500,2.717179268422516,65536,24.90682664105043,26.438928791001672
small,native-fused,Native fused AdamW,641,1600,2.6836626928575518,65536,26.560454641054093,28.157513250000193
small,native-fused,Native fused AdamW,641,1700,2.6557100462687226,65536,28.22806197805039,29.889424041000893
small,native-fused,Native fused AdamW,641,1800,2.6186671653027562,65536,29.885025357038103,31.611132416001055
small,native-fused,Native fused AdamW,641,1900,2.599389608469713,65536,31.54105065206386,33.33137016600085
small,native-fused,Native fused AdamW,641,2000,2.5860586688832634,65536,33.20335106007769,35.057562124999095
small,native-bucket,Cotangent native + bucketed norms,641,100,3.6703829423554004,65536,1.3435078409856942,1.993886583000858
small,native-bucket,Cotangent native + bucketed norms,641,200,3.6067679034157076,65536,2.6802374279832293,3.3938530830018863
small,native-bucket,Cotangent native + bucketed norms,641,300,3.5844865835940194,65536,4.018518099011999,4.795575791002193
small,native-bucket,Cotangent native + bucketed norms,641,400,3.5718180620596574,65536,5.356450019015028,6.196950958001253
small,native-bucket,Cotangent native + bucketed norms,641,500,3.546023985845181,65536,6.6934049330120615,7.596800166000321
small,native-bucket,Cotangent native + bucketed norms,641,600,3.4758758097004154,65536,8.030871894021402,8.997476916003507
small,native-bucket,Cotangent native + bucketed norms,641,700,3.3913947069219,65536,9.36916872402071,10.39856433300156
small,native-bucket,Cotangent native + bucketed norms,641,800,3.2768139852602207,65536,10.707270092021645,11.800317208002525
small,native-bucket,Cotangent native + bucketed norms,641,900,3.1510236493936166,65536,12.062667433008755,13.219926208003017
small,native-bucket,Cotangent native + bucketed norms,641,1000,3.0410091799759593,65536,13.419985845019255,14.641441500003566
small,native-bucket,Cotangent native + bucketed norms,641,1100,2.938510287907513,65536,14.779478969019692,16.065097625003546
small,native-bucket,Cotangent native + bucketed norms,641,1200,2.8737960379782037,65536,16.13793075501235,17.48730400000204
small,native-bucket,Cotangent native + bucketed norms,641,1300,2.8183593599029417,65536,17.497286922025523,18.910887125002773
small,native-bucket,Cotangent native + bucketed norms,641,1400,2.776118400054888,65536,18.857090634021006,20.33461170800001
small,native-bucket,Cotangent native + bucketed norms,641,1500,2.7292622427752686,65536,20.216863504032517,21.75883962500302
small,native-bucket,Cotangent native + bucketed norms,641,1600,2.6935238287182655,65536,21.581248841044726,23.187452708003548
small,native-bucket,Cotangent native + bucketed norms,641,1700,2.6699315765148337,65536,22.94763658703232,24.618516416001512
small,native-bucket,Cotangent native + bucketed norms,641,1800,2.6293266500032333,65536,24.31888124901525,26.055567500003235
small,native-bucket,Cotangent native + bucketed norms,641,1900,2.611954913541268,65536,25.68867187300566,27.490329875003226
small,native-bucket,Cotangent native + bucketed norms,641,2000,2.6026620889758725,65536,27.055135501010227,28.921003333001863
small,native-bucket,Cotangent native + bucketed norms,563,100,3.691820063837497,65536,1.3737039139850822,2.0257074999972247
small,native-bucket,Cotangent native + bucketed norms,563,200,3.6098870130185023,65536,2.7417686249827966,3.4583449159981683
small,native-bucket,Cotangent native + bucketed norms,563,300,3.600964660580897,65536,4.110966751984961,4.8926379999975325
small,native-bucket,Cotangent native + bucketed norms,563,400,3.573238241045904,65536,5.477452709004865,6.322672957998293
small,native-bucket,Cotangent native + bucketed norms,563,500,3.530187597626504,65536,6.8435357049820595,7.75270695799918
small,native-bucket,Cotangent native + bucketed norms,563,600,3.485008206699303,65536,8.212016291963664,9.185473999998067
small,native-bucket,Cotangent native + bucketed norms,563,700,3.3988800153245586,65536,9.577559711968206,10.615421540998796
small,native-bucket,Cotangent native + bucketed norms,563,800,3.27391327212619,65536,10.944812422963878,12.047129040998698
small,native-bucket,Cotangent native + bucketed norms,563,900,3.1563666774036343,65536,12.312294877952809,13.478904457999306
small,native-bucket,Cotangent native + bucketed norms,563,1000,3.0410132645639174,65536,13.67966699594399,14.910712457996851
small,native-bucket,Cotangent native + bucketed norms,563,1100,2.9448760429976333,65536,15.045729122950434,16.340810499998042
small,native-bucket,Cotangent native + bucketed norms,563,1200,2.8761483468087534,65536,16.413255377956375,17.772938082998735
small,native-bucket,Cotangent native + bucketed norms,563,1300,2.8189336529698354,65536,17.781181083955744,19.205051124998135
small,native-bucket,Cotangent native + bucketed norms,563,1400,2.773856403613873,65536,19.14770466695336,20.636394416000257
small,native-bucket,Cotangent native + bucketed norms,563,1500,2.7228758873882497,65536,20.513635377952596,22.06595379099963
small,native-bucket,Cotangent native + bucketed norms,563,1600,2.6863840280867324,65536,21.881644872970355,23.498289457998908
small,native-bucket,Cotangent native + bucketed norms,563,1700,2.660112640897075,65536,23.247928494980442,24.928841375000047
small,native-bucket,Cotangent native + bucketed norms,563,1800,2.638918186935346,65536,24.598053952970076,26.342850416000147
small,native-bucket,Cotangent native + bucketed norms,563,1900,2.616785218273401,65536,25.943842866970954,27.752812665999954
small,native-bucket,Cotangent native + bucketed norms,563,2000,2.595433776398181,65536,27.289403582974046,29.1623395409988
small,native-fused,Native fused AdamW,563,100,3.691790945024923,65536,1.6362333380020573,2.26400837500114
small,native-fused,Native fused AdamW,563,200,3.6099332441048375,65536,3.2723510449977766,3.964230875000794
small,native-fused,Native fused AdamW,563,300,3.5996524974483077,65536,4.909685961989453,5.665347292000661
small,native-fused,Native fused AdamW,563,400,3.581755563591812,65536,6.547153754985629,7.3667327080002
small,native-fused,Native fused AdamW,563,500,3.5295743504891903,65536,8.210411133986781,9.094350667000981
small,native-fused,Native fused AdamW,563,600,3.5012344258429073,65536,9.870439009995607,10.81856104200051
small,native-fused,Native fused AdamW,563,700,3.395768612694306,65536,11.525591336969228,12.537811874997715
small,native-fused,Native fused AdamW,563,800,3.2753623119510347,65536,13.187501917975169,14.263852042000508
small,native-fused,Native fused AdamW,563,900,3.110189142166488,65536,14.84925295697758,15.990196541999467
small,native-fused,Native fused AdamW,563,1000,3.0138398068726535,65536,16.516469206966576,17.721623124998587
small,native-fused,Native fused AdamW,563,1100,2.932972973246599,65536,18.174459993959317,19.443987750000815
small,native-fused,Native fused AdamW,563,1200,2.8700415922163747,65536,19.833419912974932,21.16748995799935
small,native-fused,Native fused AdamW,563,1300,2.811019747677853,65536,21.492506829974445,22.890878375001193
small,native-fused,Native fused AdamW,563,1400,2.7619186739842316,65536,23.153445743962948,24.61556516699784
small,native-fused,Native fused AdamW,563,1500,2.70648714463958,65536,24.822855330967286,26.349309917000937
small,native-fused,Native fused AdamW,563,1600,2.676712159133293,65536,26.483358708974265,28.074912957999913
small,native-fused,Native fused AdamW,563,1700,2.643049602544493,65536,28.1516661579808,29.807520499998645
small,native-fused,Native fused AdamW,563,1800,2.6222303126122477,65536,29.811715446980088,31.531590082999173
small,native-fused,Native fused AdamW,563,1900,2.6068125892848073,65536,31.47372807798456,33.258012708000024
small,native-fused,Native fused AdamW,563,2000,2.5858191292973585,65536,33.135322280988476,34.98424745800003
small,native-fused,Native fused AdamW,541,100,3.6943937949565746,65536,1.6663403710008424,2.295380416999251
small,native-fused,Native fused AdamW,541,200,3.6173249402008487,65536,3.3293216170095548,4.025812500000029
small,native-fused,Native fused AdamW,541,300,3.583563445217682,65536,4.99209674400845,5.752303792000021
small,native-fused,Native fused AdamW,541,400,3.5464584247701763,65536,6.654646822033101,7.4790258329994685
small,native-fused,Native fused AdamW,541,500,3.5075588621011575,65536,8.321852029039292,9.210535250000248
small,native-fused,Native fused AdamW,541,600,3.496267319660929,65536,9.983231327016256,10.936285791998671
small,native-fused,Native fused AdamW,541,700,3.4200162961546337,65536,11.643399451000732,12.660187333000067
small,native-fused,Native fused AdamW,541,800,3.1942590989202846,65536,13.3213352860148,14.404417249999824
small,native-fused,Native fused AdamW,541,900,3.055735640536088,65536,14.971324782025476,16.117965082998126
small,native-fused,Native fused AdamW,541,1000,2.950410622059507,65536,16.605064908013446,17.815234416997555
small,native-fused,Native fused AdamW,541,1100,2.852456075944929,65536,18.24267128500651,19.516257957999187
small,native-fused,Native fused AdamW,541,1200,2.791625296386801,65536,19.8837835359991,21.22097570799815
small,native-fused,Native fused AdamW,541,1300,2.7212603844807433,65536,21.518681370976992,22.919517124999402
small,native-fused,Native fused AdamW,541,1400,2.6595361604258407,65536,23.165115869975125,24.62978112500059
small,native-fused,Native fused AdamW,541,1500,2.6243147477151627,65536,24.80468786597703,26.333287207999092
small,native-fused,Native fused AdamW,541,1600,2.5809351552292408,65536,26.438932780980394,28.031663292000303
small,native-fused,Native fused AdamW,541,1700,2.556373280963618,65536,28.074052902989934,29.73233487499965
small,native-fused,Native fused AdamW,541,1800,2.522591551146686,65536,29.739846030985063,31.461836791997484
small,native-fused,Native fused AdamW,541,1900,2.5066910026503217,65536,31.39974395898753,33.186238541999046
small,native-fused,Native fused AdamW,541,2000,2.4966857829493896,65536,33.06098808398019,34.9116478750002
small,native-bucket,Cotangent native + bucketed norms,541,100,3.694423268483366,65536,1.3667499150069489,2.01403987500089
small,native-bucket,Cotangent native + bucketed norms,541,200,3.617394732910352,65536,2.7318857529971865,3.4433698329994513
small,native-bucket,Cotangent native + bucketed norms,541,300,3.5861801827483912,65536,4.0984529240267875,4.874168040998484
small,native-bucket,Cotangent native + bucketed norms,541,400,3.5473978692515984,65536,5.460445921049541,6.299815124999441
small,native-bucket,Cotangent native + bucketed norms,541,500,3.503542938216523,65536,6.8255832110698975,7.729667999999947
small,native-bucket,Cotangent native + bucketed norms,541,600,3.496170396688252,65536,8.191433959065762,9.15998912500072
small,native-bucket,Cotangent native + bucketed norms,541,700,3.3933796876824958,65536,9.559700457080908,10.592725165999582
small,native-bucket,Cotangent native + bucketed norms,541,800,3.1672941540698183,65536,10.921221295073337,12.018672040998354
small,native-bucket,Cotangent native + bucketed norms,541,900,3.038878825505264,65536,12.282557795067987,13.444835665999562
small,native-bucket,Cotangent native + bucketed norms,541,1000,2.9354265422373014,65536,13.644111672059807,14.871060207999108
small,native-bucket,Cotangent native + bucketed norms,541,1100,2.8460283694792934,65536,15.007776800077409,16.299201958001504
small,native-bucket,Cotangent native + bucketed norms,541,1200,2.7755433061937764,65536,16.37881758806907,17.73553604100016
small,native-bucket,Cotangent native + bucketed norms,541,1300,2.707904770758353,65536,17.74550212810209,19.166666041001008
small,native-bucket,Cotangent native + bucketed norms,541,1400,2.654509951331002,65536,19.110806797096302,20.59679629099992
small,native-bucket,Cotangent native + bucketed norms,541,1500,2.607011057263903,65536,20.478335591094947,22.028996375000133
small,native-bucket,Cotangent native + bucketed norms,541,1600,2.5666869193021253,65536,21.84528746911019,23.461135249999643
small,native-bucket,Cotangent native + bucketed norms,541,1700,2.5455911833819913,65536,23.211663217101886,24.892317165998975
small,native-bucket,Cotangent native + bucketed norms,541,1800,2.508582349606438,65536,24.579708965124155,26.325502915999095
small,native-bucket,Cotangent native + bucketed norms,541,1900,2.493743455388308,65536,25.947582127122587,27.75840574999893
small,native-bucket,Cotangent native + bucketed norms,541,2000,2.488107815021221,65536,27.315742466122174,29.191576375000295
medium,incidence-fused,Deterministic-gradient native control,809,100,3.7062576634121283,65536,5.648460630014597,6.686034874997858
medium,incidence-fused,Deterministic-gradient native control,809,200,3.625265131966124,65536,11.279937798033643,12.501328999998805
medium,incidence-fused,Deterministic-gradient native control,809,300,3.6091857107639465,65536,16.921373293040233,18.327053041997715
medium,incidence-fused,Deterministic-gradient native control,809,400,3.5622873532413717,65536,22.558712251036923,24.14775254199776
medium,incidence-fused,Deterministic-gradient native control,809,500,3.4512202156389877,65536,28.184216665042186,29.955913292000332
medium,incidence-fused,Deterministic-gradient native control,809,600,3.207641520438378,65536,33.82330838002963,35.77854591700088
medium,incidence-fused,Deterministic-gradient native control,809,700,3.107247400421311,65536,39.459928252046666,41.598238291997404
medium,incidence-fused,Deterministic-gradient native control,809,800,3.0653115969149245,65536,45.08703987604167,47.40861154199956
medium,incidence-fused,Deterministic-gradient native control,809,900,3.0198907907160324,65536,50.79460171005121,53.31639216699841
medium,incidence-fused,Deterministic-gradient native control,809,1000,2.9911023353162993,65536,56.445669453056325,59.151175167000474
medium,incidence-fused,Deterministic-gradient native control,809,1100,2.9530618689840034,65536,62.08115291408467,64.96981570799835
medium,incidence-fused,Deterministic-gradient native control,809,1200,2.9031245941440558,65536,67.7016667850985,70.77386787499927
medium,incidence-fused,Deterministic-gradient native control,809,1300,2.866180205492456,65536,73.32715378510329,76.58345783299956
medium,incidence-fused,Deterministic-gradient native control,809,1400,2.836516686241759,65536,78.95535407608986,82.39569912499792
medium,incidence-fused,Deterministic-gradient native control,809,1500,2.8097005923756146,65536,84.59717070408806,88.22090562499943
medium,incidence-bucket,Deterministic-gradient Cotangent,809,100,3.7062576634121283,65536,4.051041340997472,5.240451541001676
medium,incidence-bucket,Deterministic-gradient Cotangent,809,200,3.625265131966124,65536,8.099429209993104,9.471134500003245
medium,incidence-bucket,Deterministic-gradient Cotangent,809,300,3.6091857107639465,65536,12.14241533600216,13.696488790999865
medium,incidence-bucket,Deterministic-gradient Cotangent,809,400,3.5622873532413717,65536,16.192971079981362,17.929518208002264
medium,incidence-bucket,Deterministic-gradient Cotangent,809,500,3.4512202156389877,65536,20.25568482599556,22.174595958000282
medium,incidence-bucket,Deterministic-gradient Cotangent,809,600,3.207641520438378,65536,24.308535994030535,26.410006333000638
medium,incidence-bucket,Deterministic-gradient Cotangent,809,700,3.107247400421311,65536,28.353713536016585,30.637852500000008
medium,incidence-bucket,Deterministic-gradient Cotangent,809,800,3.0653115969149245,65536,32.40389591000712,34.87033866600177
medium,incidence-bucket,Deterministic-gradient Cotangent,809,900,3.0198907907160324,65536,36.45317065699783,39.10238195800048
medium,incidence-bucket,Deterministic-gradient Cotangent,809,1000,2.9911023353162993,65536,40.50821373698636,43.34010245800164
medium,incidence-bucket,Deterministic-gradient Cotangent,809,1100,2.9530618689840034,65536,44.56366228099432,47.57822604100147
medium,incidence-bucket,Deterministic-gradient Cotangent,809,1200,2.9031245941440558,65536,48.6088007820108,51.80559266600176
medium,incidence-bucket,Deterministic-gradient Cotangent,809,1300,2.866180205492456,65536,52.65889323902229,56.03830512500281
medium,incidence-bucket,Deterministic-gradient Cotangent,809,1400,2.836516686241759,65536,56.714973156005726,60.276671333002014
medium,incidence-bucket,Deterministic-gradient Cotangent,809,1500,2.8097005923756146,65536,60.768155112004024,64.51202925000325
small,native-bucket,Cotangent native + bucketed norms,631,100,3.696818965312054,65536,1.3656556670030113,2.0183217500016326
small,native-bucket,Cotangent native + bucketed norms,631,200,3.618435453675301,65536,2.7295478760170226,3.44669341700137
small,native-bucket,Cotangent native + bucketed norms,631,300,3.571082771733725,65536,4.091687082011049,4.87357237499964
small,native-bucket,Cotangent native + bucketed norms,631,400,3.558536497617379,65536,5.454206496000552,6.300631083999178
small,native-bucket,Cotangent native + bucketed norms,631,500,3.5280605054517173,65536,6.81747591099338,7.729202499998792
small,native-bucket,Cotangent native + bucketed norms,631,600,3.491499788596361,65536,8.186061156971846,9.162504667001485
small,native-bucket,Cotangent native + bucketed norms,631,700,3.3717123029287253,65536,9.551934954957687,10.59335049999936
small,native-bucket,Cotangent native + bucketed norms,631,800,3.2029849934260266,65536,10.919114573938714,12.025907375002134
small,native-bucket,Cotangent native + bucketed norms,631,900,3.069901636509344,65536,12.284980321946932,13.456299875000695
small,native-bucket,Cotangent native + bucketed norms,631,1000,3.0028326538689996,65536,13.650364824963617,14.88672229200165
small,native-bucket,Cotangent native + bucketed norms,631,1100,2.940321813415798,65536,15.019193241954781,16.320710500000132
small,native-bucket,Cotangent native + bucketed norms,631,1200,2.884777296843987,65536,16.39026670194653,17.756711624999298
small,native-bucket,Cotangent native + bucketed norms,631,1300,2.822429533565008,65536,17.75285720194006,19.183944667001924
small,native-bucket,Cotangent native + bucketed norms,631,1400,2.7833813940090177,65536,19.11884082794859,20.614390167000238
small,native-bucket,Cotangent native + bucketed norms,631,1500,2.7474209610986664,65536,20.48515924295134,22.045817250000255
small,native-bucket,Cotangent native + bucketed norms,631,1600,2.702870354866393,65536,21.854331492966594,23.479866083998786
small,native-bucket,Cotangent native + bucketed norms,631,1700,2.6803887612477753,65536,23.221210073952534,24.911212084
small,native-bucket,Cotangent native + bucketed norms,631,1800,2.652020690565787,65536,24.58471923894831,26.339186084001994
small,native-bucket,Cotangent native + bucketed norms,631,1900,2.6333732405442998,65536,25.950086743952852,27.769448875002126
small,native-bucket,Cotangent native + bucketed norms,631,2000,2.6240688662690075,65536,27.313736534950294,29.198063125000772
small,native-fused,Native fused AdamW,631,100,3.696687860787518,65536,1.6692559569964942,2.296882958002243
small,native-fused,Native fused AdamW,631,200,3.6187131304140348,65536,3.3368985829838493,4.029394041001069
small,native-fused,Native fused AdamW,631,300,3.5711831988529132,65536,4.999154750992602,5.756587791001948
small,native-fused,Native fused AdamW,631,400,3.55696460843524,65536,6.665607830997033,7.487805416003539
small,native-fused,Native fused AdamW,631,500,3.5182425856064907,65536,8.327020785982313,9.213695125003142
small,native-fused,Native fused AdamW,631,600,3.4864886441068457,65536,9.986700912984816,10.938141666003503
small,native-fused,Native fused AdamW,631,700,3.3826354155351437,65536,11.654929160984466,12.670753958002024
small,native-fused,Native fused AdamW,631,800,3.2105347953227588,65536,13.31709307296478,14.397542375001649
small,native-fused,Native fused AdamW,631,900,3.074167934886888,65536,14.984506821951072,16.129171625001618
small,native-fused,Native fused AdamW,631,1000,3.0071644023941126,65536,16.652956653942965,17.862335083002108
small,native-fused,Native fused AdamW,631,1100,2.9276866403923294,65536,18.311837197954446,19.58627908300332
small,native-fused,Native fused AdamW,631,1200,2.87491164106423,65536,19.971783696957573,21.310675875000015
small,native-fused,Native fused AdamW,631,1300,2.8104547255507324,65536,21.63340457394952,23.03721841600054
small,native-fused,Native fused AdamW,631,1400,2.7773741958736573,65536,23.290927450940217,24.759319208002125
small,native-fused,Native fused AdamW,631,1500,2.7463289733803866,65536,24.94641474592936,26.47917870800302
small,native-fused,Native fused AdamW,631,1600,2.6958252414330754,65536,26.601402121923456,28.19823650000035
small,native-fused,Native fused AdamW,631,1700,2.6710834518168185,65536,28.257268625919096,29.918585000003077
small,native-fused,Native fused AdamW,631,1800,2.6410549585087018,65536,29.912674161936593,31.638242875000287
small,native-fused,Native fused AdamW,631,1900,2.6229610507723904,65536,31.571238368931517,33.36140041600083
small,native-fused,Native fused AdamW,631,2000,2.6129403203861337,65536,33.229820824933995,35.0838995410013
small,native-bucket,Cotangent native + bucketed norms,643,100,3.713240599742701,65536,1.3700582070196106,2.0117024999999558
small,native-bucket,Cotangent native + bucketed norms,643,200,3.6187554166483156,65536,2.736871086042811,3.44387395800004
small,native-bucket,Cotangent native + bucketed norms,643,300,3.589678761321399,65536,4.104035085045325,4.876022957996611
small,native-bucket,Cotangent native + bucketed norms,643,400,3.563660570215017,65536,5.471618291030609,6.308521290997305
small,native-bucket,Cotangent native + bucketed norms,643,500,3.530923887601595,65536,6.836078869033372,7.7373623329986
small,native-bucket,Cotangent native + bucketed norms,643,600,3.479331080892153,65536,8.201138577060192,9.167695374999312
small,native-bucket,Cotangent native + bucketed norms,643,700,3.4076328681108237,65536,9.56757882006059,10.59933641599855
small,native-bucket,Cotangent native + bucketed norms,643,800,3.2649498910774377,65536,10.929586490052316,12.025993874998676
small,native-bucket,Cotangent native + bucketed norms,643,900,3.1058384218052018,65536,12.29385265404926,13.45512354099992
small,native-bucket,Cotangent native + bucketed norms,643,1000,3.0050527510366987,65536,13.664917320045788,14.891268124996714
small,native-bucket,Cotangent native + bucketed norms,643,1100,2.9223862049606897,65536,15.032552781063714,16.324152582998067
small,native-bucket,Cotangent native + bucketed norms,643,1200,2.8611270058703466,65536,16.39748252904974,17.753867332998198
small,native-bucket,Cotangent native + bucketed norms,643,1300,2.8102706611186465,65536,17.76248012004362,19.183674457999587
small,native-bucket,Cotangent native + bucketed norms,643,1400,2.7611940788293996,65536,19.126189201040688,20.61208812499899
small,native-bucket,Cotangent native + bucketed norms,643,1500,2.7102965119860705,65536,20.490105115037295,22.040721707999182
small,native-bucket,Cotangent native + bucketed norms,643,1600,2.67321856805716,65536,21.855466987042746,23.471039290998306
small,native-bucket,Cotangent native + bucketed norms,643,1700,2.6414845550471835,65536,23.213690280066658,24.89408020799965
small,native-bucket,Cotangent native + bucketed norms,643,1800,2.606230411888263,65536,24.578101065057126,26.323519582998415
small,native-bucket,Cotangent native + bucketed norms,643,1900,2.592709603455261,65536,25.938461394071055,27.74813358299798
small,native-bucket,Cotangent native + bucketed norms,643,2000,2.571849091431387,65536,27.298220685079286,29.17265679099728
small,native-fused,Native fused AdamW,643,100,3.71323132342847,65536,1.6636874599862495,2.288872707998962
small,native-fused,Native fused AdamW,643,200,3.6188350231178337,65536,3.3298606270000164,4.019768665999436
small,native-fused,Native fused AdamW,643,300,3.589228209771801,65536,4.991906587008998,5.7465646249984275
small,native-fused,Native fused AdamW,643,400,3.5653235457086194,65536,6.654811878011969,7.47357424999791
small,native-fused,Native fused AdamW,643,500,3.538162196670868,65536,8.321067712000513,9.20512612499806
small,native-fused,Native fused AdamW,643,600,3.4818996847784516,65536,9.989766088012402,10.938498207997327
small,native-fused,Native fused AdamW,643,700,3.4097331094942445,65536,11.65736663001735,12.671179207998648
small,native-fused,Native fused AdamW,643,800,3.259067976928773,65536,13.31673962602872,14.395080374997633
small,native-fused,Native fused AdamW,643,900,3.1095391767332146,65536,14.977234500016493,16.120824249999714
small,native-fused,Native fused AdamW,643,1000,3.013821684200819,65536,16.646629331022268,17.85470145799991
small,native-fused,Native fused AdamW,643,1100,2.9238149884539375,65536,18.309253578023345,19.58235195799716
small,native-fused,Native fused AdamW,643,1200,2.85858297400529,65536,19.966942030005157,21.304299707997416
small,native-fused,Native fused AdamW,643,1300,2.8082177902066223,65536,21.62337106301129,23.02486016599869
small,native-fused,Native fused AdamW,643,1400,2.76358894799158,65536,23.280139979018713,24.745725707998645
small,native-fused,Native fused AdamW,643,1500,2.711101003831144,65536,24.937717816028453,26.467898499999137
small,native-fused,Native fused AdamW,643,1600,2.675200662733896,65536,26.597781565018522,28.192261832999066
small,native-fused,Native fused AdamW,643,1700,2.6392065857174694,65536,28.256174609025038,29.914909374998388
small,native-fused,Native fused AdamW,643,1800,2.6084274526318305,65536,29.91822610500094,31.641560500000196
small,native-fused,Native fused AdamW,643,1900,2.5907644528017135,65536,31.577953060015716,33.36554908299877
small,native-fused,Native fused AdamW,643,2000,2.570603953162514,65536,33.24283118602034,35.09511224999733
